2025-01-18 09:36:11.401: [INFO][Sync] Reset engine, reason: 8
2025-01-18 09:36:11.401: [INFO][Sync] Stopped: Bookmarks
2025-01-18 09:36:11.401: [INFO][Sync] Stopped: Preferences
2025-01-18 09:36:11.401: [INFO][Sync] Stopped: Passwords
2025-01-18 09:36:11.401: [INFO][Sync] Stopped: Autofill Profiles
2025-01-18 09:36:11.401: [INFO][Sync] Stopped: Autofill
2025-01-18 09:36:11.401: [INFO][Sync] Stopped: Typed URLs
2025-01-18 09:36:11.401: [INFO][Sync] Stopped: Extensions
2025-01-18 09:36:11.401: [INFO][Sync] Stopped: Sessions
2025-01-18 09:36:11.401: [INFO][Sync] Stopped: Extension settings
2025-01-18 09:36:11.401: [INFO][Sync] Stopped: History Delete Directives
2025-01-18 09:36:11.401: [INFO][Sync] Stopped: Device Info
2025-01-18 09:36:11.401: [INFO][Sync] Stopped: User Consents
2025-01-18 09:36:11.401: [INFO][Sync] Stopped: Send Tab To Self
2025-01-18 09:36:11.401: [INFO][Sync] Stopped: Web Apps
2025-01-18 09:36:11.401: [INFO][Sync] Stopped: History
2025-01-18 09:36:11.401: [INFO][Sync] Stopped: Collection
2025-01-18 09:36:11.401: [INFO][Sync] Stopped: Edge E Drop
2025-01-18 09:36:11.401: [INFO][Sync] Stopped: Edge Hub App Usage
2025-01-18 09:36:11.401: [INFO][Sync] Stopped: Edge Tab Group
2025-01-18 09:36:11.401: [INFO][Sync] Stopped: Edge Wallet
2025-01-18 09:36:11.401: [INFO][Sync] SyncState after authenticated was: NotSignedIn
2025-01-18 09:36:11.715: [INFO][Sync] Reset engine, reason: 8
2025-01-18 09:36:11.715: [INFO][Sync] Stopped: Bookmarks
2025-01-18 09:36:11.715: [INFO][Sync] Stopped: Preferences
2025-01-18 09:36:11.715: [INFO][Sync] Stopped: Passwords
2025-01-18 09:36:11.715: [INFO][Sync] Stopped: Autofill Profiles
2025-01-18 09:36:11.715: [INFO][Sync] Stopped: Autofill
2025-01-18 09:36:11.715: [INFO][Sync] Stopped: Typed URLs
2025-01-18 09:36:11.715: [INFO][Sync] Stopped: Extensions
2025-01-18 09:36:11.715: [INFO][Sync] Stopped: Sessions
2025-01-18 09:36:11.715: [INFO][Sync] Stopped: Extension settings
2025-01-18 09:36:11.715: [INFO][Sync] Stopped: History Delete Directives
2025-01-18 09:36:11.715: [INFO][Sync] Stopped: Device Info
2025-01-18 09:36:11.715: [INFO][Sync] Stopped: User Consents
2025-01-18 09:36:11.715: [INFO][Sync] Stopped: Send Tab To Self
2025-01-18 09:36:11.715: [INFO][Sync] Stopped: Web Apps
2025-01-18 09:36:11.715: [INFO][Sync] Stopped: History
2025-01-18 09:36:11.715: [INFO][Sync] Stopped: Collection
2025-01-18 09:36:11.715: [INFO][Sync] Stopped: Edge E Drop
2025-01-18 09:36:11.715: [INFO][Sync] Stopped: Edge Hub App Usage
2025-01-18 09:36:11.715: [INFO][Sync] Stopped: Edge Tab Group
2025-01-18 09:36:11.715: [INFO][Sync] Stopped: Edge Wallet
2025-01-18 09:36:58.046: [INFO][Sync] Try to start sync engine
2025-01-18 09:36:58.047: [INFO][SyncManagerImpl::NudgeForInitialDownload] Initial download nudge for Encryption Keys
2025-01-18 09:36:58.047: [INFO][SyncEngineBackend::LoadAndConnectNigoriController] Load and connect Nigori controller
2025-01-18 09:36:58.047: [INFO][SyncEngineBackend::DoInitialize] Control Types added: Encryption Keys
2025-01-18 09:36:58.047: [INFO][SyncManagerImpl::ConfigureSyncer] Types to download: Encryption Keys with reason: 3
2025-01-18 09:36:58.047: [INFO][SyncSchedulerImpl::DoConfigurationSyncCycleJob] Configure job was blocked
2025-01-18 09:36:58.606: [INFO][SyncAuthManager::SetLastAuthError] Current auth error: None
2025-01-18 09:36:58.607: [INFO][SyncAuthManager::EdgeLogTokenErrorState] Token error with: None for account type: MSA
2025-01-18 09:36:58.607: [INFO][Sync] Credentials changed for: EdgeSyncKeyDataScope
2025-01-18 09:36:58.607: [INFO][SyncEngineBackend::DoUpdateKeyDataCredentials] Update key data credentials
2025-01-18 09:36:58.827: [INFO][SyncAuthManager::SetLastAuthError] Current auth error: None
2025-01-18 09:36:58.827: [INFO][SyncAuthManager::EdgeLogTokenErrorState] Token error with: None for account type: MSA
2025-01-18 09:36:58.827: [INFO][Sync] Credentials changed for: EdgeSyncScopeNew
2025-01-18 09:36:58.828: [INFO][SyncEngineBackend::DoUpdateCredentials] Update credentials
2025-01-18 09:36:58.828: [INFO][SyncSchedulerImpl::DoConfigurationSyncCycleJob] Blocked types:  and types to download: Encryption Keys
2025-01-18 09:36:59.586: [INFO][SyncEngineBackend::DoUpdateKeyDataCredentials] Update key data credentials
2025-01-18 09:36:59.588: [INFO][Sync] Started DataTypeManager configuration, reason: 4
2025-01-18 09:36:59.588: [INFO][Sync] Configuring for: Bookmarks, Preferences, Passwords, Autofill Profiles, Autofill, Typed URLs, Extensions, Sessions, Extension settings, History Delete Directives, Device Info, User Consents, Send Tab To Self, Web Apps, History, Collection, Edge E Drop, Edge Hub App Usage, Edge Tab Group, Edge Wallet, Encryption Keys, reason: 3, current state: 0
2025-01-18 09:36:59.588: [INFO][Sync] Configure, desired: Bookmarks, Preferences, Typed URLs, Extensions, Sessions, Extension settings, History Delete Directives, Device Info, User Consents, Send Tab To Self, Web Apps, History, Collection, Edge E Drop, Edge Hub App Usage, Edge Tab Group, Edge Wallet, Encryption Keys; Allow fail: Passwords, Autofill Profiles, Autofill
2025-01-18 09:36:59.588: [INFO][Sync] Loading: Bookmarks
2025-01-18 09:36:59.588: [INFO][Sync] Loading: Preferences
2025-01-18 09:36:59.588: [INFO][Sync] Loading: Typed URLs
2025-01-18 09:36:59.588: [INFO][Sync] Loading: Extensions
2025-01-18 09:36:59.588: [INFO][Sync] Loading: Sessions
2025-01-18 09:36:59.588: [INFO][Sync] Loading: Extension settings
2025-01-18 09:36:59.588: [INFO][Sync] Loading: History Delete Directives
2025-01-18 09:36:59.588: [INFO][Sync] Loading: Device Info
2025-01-18 09:36:59.588: [INFO][Sync] Loading: User Consents
2025-01-18 09:36:59.588: [INFO][Sync] Loading: Send Tab To Self
2025-01-18 09:36:59.588: [INFO][Sync] Loading: Web Apps
2025-01-18 09:36:59.588: [INFO][Sync] Loading: History
2025-01-18 09:36:59.588: [INFO][Sync] Loading: Collection
2025-01-18 09:36:59.588: [INFO][Sync] Loading: Edge E Drop
2025-01-18 09:36:59.588: [INFO][Sync] Loading: Edge Hub App Usage
2025-01-18 09:36:59.588: [INFO][Sync] Loading: Edge Tab Group
2025-01-18 09:36:59.588: [INFO][Sync] Loading: Edge Wallet
2025-01-18 09:36:59.589: [INFO][Sync] All data types are ready for configure.
2025-01-18 09:37:00.126: [INFO][SyncEngineBackend::DoStartConfiguration] Start configuration
2025-01-18 09:37:00.126: [INFO][SyncManagerImpl::NudgeForInitialDownload] Initial download nudge for Bookmarks
2025-01-18 09:37:00.126: [INFO][SyncManagerImpl::NudgeForInitialDownload] Initial download nudge for Preferences
2025-01-18 09:37:00.126: [INFO][SyncManagerImpl::NudgeForInitialDownload] Initial download nudge for Typed URLs
2025-01-18 09:37:00.126: [INFO][SyncManagerImpl::NudgeForInitialDownload] Initial download nudge for Extensions
2025-01-18 09:37:00.126: [INFO][SyncManagerImpl::NudgeForInitialDownload] Initial download nudge for Sessions
2025-01-18 09:37:00.126: [INFO][SyncManagerImpl::NudgeForInitialDownload] Initial download nudge for Extension settings
2025-01-18 09:37:00.126: [INFO][SyncManagerImpl::NudgeForInitialDownload] Initial download nudge for History Delete Directives
2025-01-18 09:37:00.126: [INFO][SyncManagerImpl::NudgeForInitialDownload] Initial download nudge for Device Info
2025-01-18 09:37:00.126: [INFO][SyncManagerImpl::NudgeForInitialDownload] Initial download nudge for Send Tab To Self
2025-01-18 09:37:00.126: [INFO][SyncManagerImpl::NudgeForInitialDownload] Initial download nudge for Web Apps
2025-01-18 09:37:00.126: [INFO][SyncManagerImpl::NudgeForInitialDownload] Initial download nudge for History
2025-01-18 09:37:00.126: [INFO][SyncManagerImpl::NudgeForInitialDownload] Initial download nudge for Collection
2025-01-18 09:37:00.126: [INFO][SyncManagerImpl::NudgeForInitialDownload] Initial download nudge for Edge E Drop
2025-01-18 09:37:00.126: [INFO][SyncManagerImpl::NudgeForInitialDownload] Initial download nudge for Edge Hub App Usage
2025-01-18 09:37:00.126: [INFO][SyncManagerImpl::NudgeForInitialDownload] Initial download nudge for Edge Tab Group
2025-01-18 09:37:00.126: [INFO][SyncManagerImpl::NudgeForInitialDownload] Initial download nudge for Edge Wallet
2025-01-18 09:37:00.126: [INFO][SyncManagerImpl::ConfigureSyncer] Types to download:  with reason: 3
2025-01-18 09:37:00.126: [INFO][SyncEngineBackend::DoFinishConfigureDataTypes] Failed to download types:  and succeeded types: 
2025-01-18 09:37:00.129: [INFO][Sync] Started DataTypeManager configuration, reason: 5
2025-01-18 09:37:00.129: [INFO][Sync] Configuring for: Bookmarks, Preferences, Passwords, Autofill Profiles, Autofill, Typed URLs, Extensions, Sessions, Extension settings, History Delete Directives, Device Info, User Consents, Send Tab To Self, Web Apps, History, Collection, Edge E Drop, Edge Hub App Usage, Edge Tab Group, Edge Wallet, Encryption Keys, reason: 5, current state: 1
2025-01-18 09:37:00.129: [INFO][Sync] ConfigurationDone, failed: , succeeded: , remaining count: 4
2025-01-18 09:37:00.129: [WARN][Sync]     Reconfigure requested while configuration ongoing.
2025-01-18 09:37:00.129: [INFO][Sync] Configuring for: Bookmarks, Preferences, Passwords, Autofill Profiles, Autofill, Typed URLs, Extensions, Sessions, Extension settings, History Delete Directives, Device Info, User Consents, Send Tab To Self, Web Apps, History, Collection, Edge E Drop, Edge Hub App Usage, Edge Tab Group, Edge Wallet, Encryption Keys, reason: 5, current state: 2
2025-01-18 09:37:00.129: [INFO][Sync] Configure, desired: Bookmarks, Preferences, Passwords, Autofill Profiles, Autofill, Typed URLs, Extensions, Sessions, Extension settings, History Delete Directives, Device Info, User Consents, Send Tab To Self, Web Apps, History, Collection, Edge E Drop, Edge Hub App Usage, Edge Tab Group, Edge Wallet, Encryption Keys; Allow fail: 
2025-01-18 09:37:00.129: [INFO][Sync] Loading: Passwords
2025-01-18 09:37:00.129: [INFO][Sync] Loading: Autofill Profiles
2025-01-18 09:37:00.129: [INFO][Sync] Loading: Autofill
2025-01-18 09:37:00.130: [INFO][Sync] All data types are ready for configure.
2025-01-18 09:37:00.130: [INFO][SyncManagerImpl::NudgeForInitialDownload] Initial download nudge for Passwords
2025-01-18 09:37:00.130: [INFO][SyncManagerImpl::NudgeForInitialDownload] Initial download nudge for Autofill Profiles
2025-01-18 09:37:00.130: [INFO][SyncManagerImpl::NudgeForInitialDownload] Initial download nudge for Autofill
2025-01-18 09:37:00.130: [INFO][SyncManagerImpl::ConfigureSyncer] Types to download:  with reason: 5
2025-01-18 09:37:00.130: [INFO][SyncEngineBackend::DoFinishConfigureDataTypes] Failed to download types:  and succeeded types: 
2025-01-18 09:37:00.130: [INFO][Sync] ConfigurationDone, failed: , succeeded: , remaining count: 4
2025-01-18 09:37:00.130: [INFO][Sync] Prepare to configure types: Preferences, Passwords, Device Info, Send Tab To Self, Edge E Drop, Encryption Keys
2025-01-18 09:37:00.130: [INFO][SyncManagerImpl::ConfigureSyncer] Types to download: Preferences, Passwords, Device Info, Send Tab To Self, Edge E Drop, Encryption Keys with reason: 5
2025-01-18 09:37:00.130: [INFO][SyncSchedulerImpl::DoConfigurationSyncCycleJob] Blocked types:  and types to download: Preferences, Passwords, Device Info, Send Tab To Self, Edge E Drop, Encryption Keys
2025-01-18 09:37:00.777: [INFO][Sync] Started DataTypeManager configuration, reason: 1
2025-01-18 09:37:00.777: [INFO][Sync] Configuring for: Device Info, User Consents, Send Tab To Self, Encryption Keys, reason: 1, current state: 1
2025-01-18 09:37:01.085: [INFO][SyncEngineBackend::DoFinishConfigureDataTypes] Failed to download types:  and succeeded types: Preferences, Passwords, Device Info, Send Tab To Self, Edge E Drop, Encryption Keys
2025-01-18 09:37:01.086: [INFO][Sync] ConfigurationDone, failed: , succeeded: Preferences, Passwords, Device Info, Send Tab To Self, Edge E Drop, Encryption Keys, remaining count: 3
2025-01-18 09:37:01.086: [WARN][Sync]     Reconfigure requested while configuration ongoing.
2025-01-18 09:37:01.086: [INFO][Sync] Configuring for: Device Info, User Consents, Send Tab To Self, Encryption Keys, reason: 1, current state: 2
2025-01-18 09:37:01.086: [INFO][Sync] Configure, desired: Device Info, User Consents, Send Tab To Self, Encryption Keys; Allow fail: 
2025-01-18 09:37:01.086: [INFO][Sync] Loading: Device Info
2025-01-18 09:37:01.086: [INFO][Sync] Loading: User Consents
2025-01-18 09:37:01.086: [INFO][Sync] Loading: Send Tab To Self
2025-01-18 09:37:01.086: [INFO][Sync] All data types are ready for configure.
2025-01-18 09:37:01.086: [INFO][SyncManagerImpl::NudgeForInitialDownload] Initial download nudge for Device Info
2025-01-18 09:37:01.086: [INFO][SyncManagerImpl::NudgeForInitialDownload] Initial download nudge for Send Tab To Self
2025-01-18 09:37:01.086: [INFO][SyncManagerImpl::ConfigureSyncer] Types to download:  with reason: 1
2025-01-18 09:37:01.086: [INFO][SyncEngineBackend::DoFinishConfigureDataTypes] Failed to download types:  and succeeded types: 
2025-01-18 09:37:01.086: [INFO][Sync] ConfigurationDone, failed: , succeeded: , remaining count: 2
2025-01-18 09:37:01.086: [INFO][Sync] Prepare to configure types: Device Info, Send Tab To Self, Encryption Keys
2025-01-18 09:37:01.086: [INFO][SyncManagerImpl::ConfigureSyncer] Types to download: Device Info, Send Tab To Self, Encryption Keys with reason: 1
2025-01-18 09:37:01.086: [INFO][SyncSchedulerImpl::DoConfigurationSyncCycleJob] Blocked types:  and types to download: Device Info, Send Tab To Self, Encryption Keys
2025-01-18 09:37:01.356: [INFO][SyncEngineBackend::DoFinishConfigureDataTypes] Failed to download types:  and succeeded types: Device Info, Send Tab To Self, Encryption Keys
2025-01-18 09:37:01.358: [INFO][Sync] ConfigurationDone, failed: , succeeded: Device Info, Send Tab To Self, Encryption Keys, remaining count: 1
2025-01-18 09:37:01.359: [INFO][SyncManagerImpl::ConfigureSyncer] Types to download:  with reason: 1
2025-01-18 09:37:01.359: [INFO][SyncEngineBackend::DoFinishConfigureDataTypes] Failed to download types:  and succeeded types: 
2025-01-18 09:37:01.359: [INFO][Sync] ConfigurationDone, failed: , succeeded: , remaining count: 0
2025-01-18 09:37:01.360: [INFO][Sync]     Configuration completed, state: 7
2025-01-18 09:37:01.360: [INFO][Sync] Configured DataTypeManager: Ok
2025-01-18 09:37:01.361: [INFO][SyncEngineBackend::DoStartSyncing] Start syncing
2025-01-18 09:37:08.234: [INFO][Sync] Started DataTypeManager configuration, reason: 1
2025-01-18 09:37:08.235: [INFO][Sync] Configuring for: Bookmarks, Preferences, Passwords, Autofill Profiles, Autofill, Typed URLs, Extensions, Sessions, Extension settings, History Delete Directives, Device Info, User Consents, Send Tab To Self, Web Apps, History, Collection, Edge E Drop, Edge Hub App Usage, Edge Tab Group, Edge Wallet, Encryption Keys, reason: 1, current state: 3
2025-01-18 09:37:08.235: [INFO][SyncEngineBackend::DoStartConfiguration] Start configuration
2025-01-18 09:37:08.236: [INFO][Sync] Configure, desired: Bookmarks, Preferences, Passwords, Autofill Profiles, Autofill, Typed URLs, Extensions, Sessions, Extension settings, History Delete Directives, Device Info, User Consents, Send Tab To Self, Web Apps, History, Collection, Edge E Drop, Edge Hub App Usage, Edge Tab Group, Edge Wallet, Encryption Keys; Allow fail: 
2025-01-18 09:37:08.236: [INFO][Sync] Loading: Bookmarks
2025-01-18 09:37:08.236: [INFO][Sync] Loading: Preferences
2025-01-18 09:37:08.236: [INFO][Sync] Loading: Passwords
2025-01-18 09:37:08.236: [INFO][Sync] Loading: Autofill Profiles
2025-01-18 09:37:08.236: [INFO][Sync] Loading: Autofill
2025-01-18 09:37:08.237: [INFO][Sync] Loading: Typed URLs
2025-01-18 09:37:08.237: [INFO][Sync] Loading: Extensions
2025-01-18 09:37:08.237: [INFO][Sync] Loading: Sessions
2025-01-18 09:37:08.237: [INFO][Sync] Loading: Extension settings
2025-01-18 09:37:08.237: [INFO][Sync] Loading: History Delete Directives
2025-01-18 09:37:08.237: [INFO][Sync] Loading: Device Info
2025-01-18 09:37:08.237: [INFO][Sync] Loading: User Consents
2025-01-18 09:37:08.237: [INFO][Sync] Loading: Send Tab To Self
2025-01-18 09:37:08.237: [INFO][Sync] Loading: Web Apps
2025-01-18 09:37:08.237: [INFO][Sync] Loading: History
2025-01-18 09:37:08.237: [INFO][Sync] Loading: Collection
2025-01-18 09:37:08.237: [INFO][Sync] Loading: Edge E Drop
2025-01-18 09:37:08.237: [INFO][Sync] Loading: Edge Hub App Usage
2025-01-18 09:37:08.237: [INFO][Sync] Loading: Edge Tab Group
2025-01-18 09:37:08.237: [INFO][Sync] Loading: Edge Wallet
2025-01-18 09:37:08.242: [INFO][Sync] All data types are ready for configure.
2025-01-18 09:37:08.242: [INFO][SyncManagerImpl::NudgeForInitialDownload] Initial download nudge for Bookmarks
2025-01-18 09:37:08.242: [INFO][SyncManagerImpl::NudgeForInitialDownload] Initial download nudge for Preferences
2025-01-18 09:37:08.242: [INFO][SyncManagerImpl::NudgeForInitialDownload] Initial download nudge for Passwords
2025-01-18 09:37:08.242: [INFO][SyncManagerImpl::NudgeForInitialDownload] Initial download nudge for Autofill Profiles
2025-01-18 09:37:08.242: [INFO][SyncManagerImpl::NudgeForInitialDownload] Initial download nudge for Autofill
2025-01-18 09:37:08.242: [INFO][SyncManagerImpl::NudgeForInitialDownload] Initial download nudge for Typed URLs
2025-01-18 09:37:08.242: [INFO][SyncManagerImpl::NudgeForInitialDownload] Initial download nudge for Extensions
2025-01-18 09:37:08.242: [INFO][SyncManagerImpl::NudgeForInitialDownload] Initial download nudge for Sessions
2025-01-18 09:37:08.242: [INFO][SyncManagerImpl::NudgeForInitialDownload] Initial download nudge for Extension settings
2025-01-18 09:37:08.242: [INFO][SyncManagerImpl::NudgeForInitialDownload] Initial download nudge for History Delete Directives
2025-01-18 09:37:08.242: [INFO][SyncManagerImpl::NudgeForInitialDownload] Initial download nudge for Device Info
2025-01-18 09:37:08.242: [INFO][SyncManagerImpl::NudgeForInitialDownload] Initial download nudge for Send Tab To Self
2025-01-18 09:37:08.242: [INFO][SyncManagerImpl::NudgeForInitialDownload] Initial download nudge for Web Apps
2025-01-18 09:37:08.242: [INFO][SyncManagerImpl::NudgeForInitialDownload] Initial download nudge for History
2025-01-18 09:37:08.242: [INFO][SyncManagerImpl::NudgeForInitialDownload] Initial download nudge for Collection
2025-01-18 09:37:08.242: [INFO][SyncManagerImpl::NudgeForInitialDownload] Initial download nudge for Edge E Drop
2025-01-18 09:37:08.242: [INFO][SyncManagerImpl::NudgeForInitialDownload] Initial download nudge for Edge Hub App Usage
2025-01-18 09:37:08.242: [INFO][SyncManagerImpl::NudgeForInitialDownload] Initial download nudge for Edge Tab Group
2025-01-18 09:37:08.242: [INFO][SyncManagerImpl::NudgeForInitialDownload] Initial download nudge for Edge Wallet
2025-01-18 09:37:08.242: [INFO][SyncManagerImpl::ConfigureSyncer] Types to download:  with reason: 1
2025-01-18 09:37:08.242: [INFO][SyncEngineBackend::DoFinishConfigureDataTypes] Failed to download types:  and succeeded types: 
2025-01-18 09:37:08.248: [INFO][Sync] ConfigurationDone, failed: , succeeded: , remaining count: 4
2025-01-18 09:37:08.248: [INFO][Sync] Prepare to configure types: Preferences, Passwords, Device Info, Send Tab To Self, Edge E Drop, Encryption Keys
2025-01-18 09:37:08.248: [INFO][SyncManagerImpl::ConfigureSyncer] Types to download: Preferences, Passwords, Device Info, Send Tab To Self, Edge E Drop, Encryption Keys with reason: 1
2025-01-18 09:37:08.248: [INFO][SyncSchedulerImpl::DoConfigurationSyncCycleJob] Blocked types:  and types to download: Preferences, Passwords, Device Info, Send Tab To Self, Edge E Drop, Encryption Keys
2025-01-18 09:37:08.843: [INFO][SyncEngineBackend::DoFinishConfigureDataTypes] Failed to download types:  and succeeded types: Preferences, Passwords, Device Info, Send Tab To Self, Edge E Drop, Encryption Keys
2025-01-18 09:37:08.844: [INFO][Sync] ConfigurationDone, failed: , succeeded: Preferences, Passwords, Device Info, Send Tab To Self, Edge E Drop, Encryption Keys, remaining count: 3
2025-01-18 09:37:08.844: [INFO][Sync] Prepare to configure types: Bookmarks, Encryption Keys
2025-01-18 09:37:08.844: [INFO][SyncManagerImpl::ConfigureSyncer] Types to download: Bookmarks, Encryption Keys with reason: 1
2025-01-18 09:37:08.844: [INFO][SyncSchedulerImpl::DoConfigurationSyncCycleJob] Blocked types:  and types to download: Bookmarks, Encryption Keys
2025-01-18 09:37:09.881: [INFO][SyncEngineBackend::DoFinishConfigureDataTypes] Failed to download types:  and succeeded types: Bookmarks, Encryption Keys
2025-01-18 09:37:09.888: [INFO][Sync] ConfigurationDone, failed: , succeeded: Bookmarks, Encryption Keys, remaining count: 2
2025-01-18 09:37:09.888: [INFO][Sync] Prepare to configure types: Autofill Profiles, Autofill, Typed URLs, Extensions, Sessions, Extension settings, History Delete Directives, Web Apps, Collection, Edge Hub App Usage, Edge Tab Group, Edge Wallet, Encryption Keys
2025-01-18 09:37:09.888: [INFO][SyncManagerImpl::ConfigureSyncer] Types to download: Autofill Profiles, Autofill, Typed URLs, Extensions, Sessions, Extension settings, History Delete Directives, Web Apps, Collection, Edge Hub App Usage, Edge Tab Group, Edge Wallet, Encryption Keys with reason: 1
2025-01-18 09:37:09.888: [INFO][SyncSchedulerImpl::DoConfigurationSyncCycleJob] Blocked types:  and types to download: Autofill Profiles, Autofill, Typed URLs, Extensions, Sessions, Extension settings, History Delete Directives, Web Apps, Collection, Edge Hub App Usage, Edge Tab Group, Edge Wallet, Encryption Keys
2025-01-18 09:37:12.371: [INFO][SyncEngineBackend::DoFinishConfigureDataTypes] Failed to download types:  and succeeded types: Autofill Profiles, Autofill, Typed URLs, Extensions, Sessions, Extension settings, History Delete Directives, Web Apps, Collection, Edge Hub App Usage, Edge Tab Group, Edge Wallet, Encryption Keys
2025-01-18 09:37:12.372: [INFO][Sync] ConfigurationDone, failed: , succeeded: Autofill Profiles, Autofill, Typed URLs, Extensions, Sessions, Extension settings, History Delete Directives, Web Apps, Collection, Edge Hub App Usage, Edge Tab Group, Edge Wallet, Encryption Keys, remaining count: 1
2025-01-18 09:37:12.373: [INFO][Sync] Prepare to configure types: History, Encryption Keys
2025-01-18 09:37:12.373: [INFO][SyncManagerImpl::ConfigureSyncer] Types to download: History, Encryption Keys with reason: 1
2025-01-18 09:37:12.373: [INFO][SyncSchedulerImpl::DoConfigurationSyncCycleJob] Blocked types:  and types to download: History, Encryption Keys
2025-01-18 09:37:16.773: [INFO][SyncEngineBackend::DoFinishConfigureDataTypes] Failed to download types:  and succeeded types: History, Encryption Keys
2025-01-18 09:37:16.774: [INFO][Sync] ConfigurationDone, failed: , succeeded: History, Encryption Keys, remaining count: 0
2025-01-18 09:37:16.774: [INFO][Sync]     Configuration completed, state: 3
2025-01-18 09:37:16.774: [INFO][Sync] Configured DataTypeManager: Ok
2025-01-18 09:37:16.775: [INFO][SyncEngineBackend::DoStartSyncing] Start syncing
2025-01-18 10:11:21.149: [INFO][Sync] SyncState after authenticated was: FeatureCanStart
2025-01-18 10:11:25.692: [INFO][SyncAuthManager::SetLastAuthError] Current auth error: None
2025-01-18 10:11:25.692: [INFO][SyncAuthManager::EdgeLogTokenErrorState] Token error with: None for account type: MSA
2025-01-18 10:11:25.692: [INFO][Sync] Credentials changed for: EdgeSyncKeyDataScope
2025-01-18 10:11:27.096: [INFO][Sync] Try to start sync engine
2025-01-18 10:11:27.098: [INFO][SyncAuthManager::SetLastAuthError] Current auth error: None
2025-01-18 10:11:27.098: [INFO][SyncAuthManager::EdgeLogTokenErrorState] Token error with: None for account type: MSA
2025-01-18 10:11:27.098: [INFO][Sync] Credentials changed for: EdgeSyncScopeNew
2025-01-18 10:11:27.181: [INFO][SyncEngineBackend::LoadAndConnectNigoriController] Load and connect Nigori controller
2025-01-18 10:11:27.181: [INFO][SyncEngineBackend::DoInitialize] Control Types added: 
2025-01-18 10:11:27.181: [INFO][SyncManagerImpl::ConfigureSyncer] Types to download:  with reason: 4
2025-01-18 10:11:27.184: [INFO][Sync] Started DataTypeManager configuration, reason: 4
2025-01-18 10:11:27.184: [INFO][Sync] Configuring for: Bookmarks, Preferences, Passwords, Autofill Profiles, Autofill, Extensions, Sessions, Extension settings, History Delete Directives, Device Info, User Consents, Send Tab To Self, Web Apps, History, Collection, Edge E Drop, Edge Hub App Usage, Edge Tab Group, Edge Wallet, Encryption Keys, reason: 4, current state: 0
2025-01-18 10:11:27.185: [INFO][Sync] Configure, desired: Bookmarks, Preferences, Passwords, Autofill Profiles, Autofill, Extensions, Sessions, Extension settings, History Delete Directives, Device Info, User Consents, Send Tab To Self, Web Apps, History, Collection, Edge E Drop, Edge Hub App Usage, Edge Tab Group, Edge Wallet, Encryption Keys; Allow fail: 
2025-01-18 10:11:27.185: [INFO][Sync] Loading: Bookmarks
2025-01-18 10:11:27.185: [INFO][Sync] Loading: Preferences
2025-01-18 10:11:27.185: [INFO][Sync] Loading: Passwords
2025-01-18 10:11:27.185: [INFO][Sync] Loading: Autofill Profiles
2025-01-18 10:11:27.185: [INFO][Sync] Loading: Autofill
2025-01-18 10:11:27.185: [INFO][Sync] Loading: Extensions
2025-01-18 10:11:27.185: [INFO][Sync] Loading: Sessions
2025-01-18 10:11:27.185: [INFO][Sync] Loading: Extension settings
2025-01-18 10:11:27.186: [INFO][Sync] Loading: History Delete Directives
2025-01-18 10:11:27.186: [INFO][Sync] Loading: Device Info
2025-01-18 10:11:27.186: [INFO][Sync] Loading: User Consents
2025-01-18 10:11:27.186: [INFO][Sync] Loading: Send Tab To Self
2025-01-18 10:11:27.186: [INFO][Sync] Loading: Web Apps
2025-01-18 10:11:27.186: [INFO][Sync] Loading: History
2025-01-18 10:11:27.186: [INFO][Sync] Loading: Collection
2025-01-18 10:11:27.186: [INFO][Sync] Loading: Edge E Drop
2025-01-18 10:11:27.186: [INFO][Sync] Loading: Edge Hub App Usage
2025-01-18 10:11:27.186: [INFO][Sync] Loading: Edge Tab Group
2025-01-18 10:11:27.186: [INFO][Sync] Loading: Edge Wallet
2025-01-18 10:11:27.217: [INFO][SyncEngineBackend::DoUpdateKeyDataCredentials] Update key data credentials
2025-01-18 10:11:27.218: [INFO][SyncEngineBackend::DoUpdateCredentials] Update credentials
2025-01-18 10:11:27.218: [INFO][SyncEngineBackend::DoUpdateKeyDataCredentials] Update key data credentials
2025-01-18 10:11:27.233: [INFO][SyncEngineBackend::DoStartConfiguration] Start configuration
2025-01-18 10:11:27.372: [INFO][Sync] All data types are ready for configure.
2025-01-18 10:11:27.372: [INFO][SyncManagerImpl::ConfigureSyncer] Types to download:  with reason: 4
2025-01-18 10:11:27.372: [INFO][SyncEngineBackend::DoFinishConfigureDataTypes] Failed to download types:  and succeeded types: 
2025-01-18 10:11:27.376: [INFO][Sync] ConfigurationDone, failed: , succeeded: , remaining count: 4
2025-01-18 10:11:27.394: [INFO][SyncManagerImpl::ConfigureSyncer] Types to download:  with reason: 4
2025-01-18 10:11:27.394: [INFO][SyncEngineBackend::DoFinishConfigureDataTypes] Failed to download types:  and succeeded types: 
2025-01-18 10:11:27.414: [INFO][Sync] ConfigurationDone, failed: , succeeded: , remaining count: 3
2025-01-18 10:11:27.414: [INFO][SyncManagerImpl::ConfigureSyncer] Types to download:  with reason: 4
2025-01-18 10:11:27.414: [INFO][SyncEngineBackend::DoFinishConfigureDataTypes] Failed to download types:  and succeeded types: 
2025-01-18 10:11:27.415: [INFO][Sync] ConfigurationDone, failed: , succeeded: , remaining count: 2
2025-01-18 10:11:27.415: [INFO][SyncManagerImpl::ConfigureSyncer] Types to download:  with reason: 4
2025-01-18 10:11:27.415: [INFO][SyncEngineBackend::DoFinishConfigureDataTypes] Failed to download types:  and succeeded types: 
2025-01-18 10:11:27.416: [INFO][Sync] ConfigurationDone, failed: , succeeded: , remaining count: 1
2025-01-18 10:11:27.419: [INFO][SyncManagerImpl::ConfigureSyncer] Types to download:  with reason: 4
2025-01-18 10:11:27.419: [INFO][SyncEngineBackend::DoFinishConfigureDataTypes] Failed to download types:  and succeeded types: 
2025-01-18 10:11:27.419: [INFO][Sync] ConfigurationDone, failed: , succeeded: , remaining count: 0
2025-01-18 10:11:27.421: [INFO][Sync]     Configuration completed, state: 3
2025-01-18 10:11:27.421: [INFO][Sync] Configured DataTypeManager: Ok
2025-01-18 10:11:27.422: [INFO][SyncEngineBackend::DoStartSyncing] Start syncing
2025-01-18 10:14:24.353: [INFO][Sync] Reset engine, reason: 0
2025-01-18 10:14:24.353: [INFO][Sync] Reset engine with reason: 0
2025-01-18 10:14:28.104: [INFO][Sync] SyncState after authenticated was: FeatureCanStart
2025-01-18 10:14:28.372: [INFO][Sync] Try to start sync engine
2025-01-18 10:14:28.374: [INFO][SyncAuthManager::SetLastAuthError] Current auth error: None
2025-01-18 10:14:28.374: [INFO][SyncAuthManager::EdgeLogTokenErrorState] Token error with: None for account type: MSA
2025-01-18 10:14:28.374: [INFO][Sync] Credentials changed for: EdgeSyncScopeNew
2025-01-18 10:14:28.374: [INFO][SyncEngineBackend::LoadAndConnectNigoriController] Load and connect Nigori controller
2025-01-18 10:14:28.374: [INFO][SyncEngineBackend::DoInitialize] Control Types added: 
2025-01-18 10:14:28.374: [INFO][SyncManagerImpl::ConfigureSyncer] Types to download:  with reason: 4
2025-01-18 10:14:28.376: [INFO][Sync] Started DataTypeManager configuration, reason: 4
2025-01-18 10:14:28.376: [INFO][Sync] Configuring for: Bookmarks, Preferences, Passwords, Autofill Profiles, Autofill, Extensions, Sessions, Extension settings, History Delete Directives, Device Info, User Consents, Send Tab To Self, Web Apps, History, Collection, Edge E Drop, Edge Hub App Usage, Edge Tab Group, Edge Wallet, Encryption Keys, reason: 4, current state: 0
2025-01-18 10:14:28.376: [INFO][SyncEngineBackend::DoStartConfiguration] Start configuration
2025-01-18 10:14:28.376: [INFO][Sync] Configure, desired: Bookmarks, Preferences, Passwords, Autofill Profiles, Autofill, Extensions, Sessions, Extension settings, History Delete Directives, Device Info, User Consents, Send Tab To Self, Web Apps, History, Collection, Edge E Drop, Edge Hub App Usage, Edge Tab Group, Edge Wallet, Encryption Keys; Allow fail: 
2025-01-18 10:14:28.376: [INFO][Sync] Loading: Bookmarks
2025-01-18 10:14:28.376: [INFO][Sync] Loading: Preferences
2025-01-18 10:14:28.376: [INFO][Sync] Loading: Passwords
2025-01-18 10:14:28.376: [INFO][Sync] Loading: Autofill Profiles
2025-01-18 10:14:28.376: [INFO][Sync] Loading: Autofill
2025-01-18 10:14:28.376: [INFO][Sync] Loading: Extensions
2025-01-18 10:14:28.376: [INFO][Sync] Loading: Sessions
2025-01-18 10:14:28.376: [INFO][Sync] Loading: Extension settings
2025-01-18 10:14:28.376: [INFO][Sync] Loading: History Delete Directives
2025-01-18 10:14:28.376: [INFO][Sync] Loading: Device Info
2025-01-18 10:14:28.376: [INFO][Sync] Loading: User Consents
2025-01-18 10:14:28.376: [INFO][Sync] Loading: Send Tab To Self
2025-01-18 10:14:28.376: [INFO][Sync] Loading: Web Apps
2025-01-18 10:14:28.376: [INFO][Sync] Loading: History
2025-01-18 10:14:28.376: [INFO][Sync] Loading: Collection
2025-01-18 10:14:28.376: [INFO][Sync] Loading: Edge E Drop
2025-01-18 10:14:28.376: [INFO][Sync] Loading: Edge Hub App Usage
2025-01-18 10:14:28.376: [INFO][Sync] Loading: Edge Tab Group
2025-01-18 10:14:28.376: [INFO][Sync] Loading: Edge Wallet
2025-01-18 10:14:28.378: [INFO][Sync] All data types are ready for configure.
2025-01-18 10:14:28.378: [INFO][SyncManagerImpl::ConfigureSyncer] Types to download:  with reason: 4
2025-01-18 10:14:28.378: [INFO][SyncEngineBackend::DoFinishConfigureDataTypes] Failed to download types:  and succeeded types: 
2025-01-18 10:14:28.378: [INFO][Sync] ConfigurationDone, failed: , succeeded: , remaining count: 4
2025-01-18 10:14:28.378: [INFO][SyncManagerImpl::ConfigureSyncer] Types to download:  with reason: 4
2025-01-18 10:14:28.378: [INFO][SyncEngineBackend::DoFinishConfigureDataTypes] Failed to download types:  and succeeded types: 
2025-01-18 10:14:28.378: [INFO][Sync] ConfigurationDone, failed: , succeeded: , remaining count: 3
2025-01-18 10:14:28.378: [INFO][SyncManagerImpl::ConfigureSyncer] Types to download:  with reason: 4
2025-01-18 10:14:28.378: [INFO][SyncEngineBackend::DoFinishConfigureDataTypes] Failed to download types:  and succeeded types: 
2025-01-18 10:14:28.378: [INFO][Sync] ConfigurationDone, failed: , succeeded: , remaining count: 2
2025-01-18 10:14:28.378: [INFO][SyncManagerImpl::ConfigureSyncer] Types to download:  with reason: 4
2025-01-18 10:14:28.378: [INFO][SyncEngineBackend::DoFinishConfigureDataTypes] Failed to download types:  and succeeded types: 
2025-01-18 10:14:28.378: [INFO][Sync] ConfigurationDone, failed: , succeeded: , remaining count: 1
2025-01-18 10:14:28.379: [INFO][SyncManagerImpl::ConfigureSyncer] Types to download:  with reason: 4
2025-01-18 10:14:28.379: [INFO][SyncEngineBackend::DoFinishConfigureDataTypes] Failed to download types:  and succeeded types: 
2025-01-18 10:14:28.379: [INFO][Sync] ConfigurationDone, failed: , succeeded: , remaining count: 0
2025-01-18 10:14:28.379: [INFO][Sync]     Configuration completed, state: 3
2025-01-18 10:14:28.379: [INFO][Sync] Configured DataTypeManager: Ok
2025-01-18 10:14:28.380: [INFO][SyncEngineBackend::DoStartSyncing] Start syncing
2025-01-18 10:14:28.812: [INFO][SyncAuthManager::SetLastAuthError] Current auth error: None
2025-01-18 10:14:28.812: [INFO][SyncAuthManager::EdgeLogTokenErrorState] Token error with: None for account type: MSA
2025-01-18 10:14:28.812: [INFO][Sync] Credentials changed for: EdgeSyncKeyDataScope
2025-01-18 10:14:28.812: [INFO][SyncEngineBackend::DoUpdateKeyDataCredentials] Update key data credentials
2025-01-18 10:14:28.813: [INFO][SyncEngineBackend::DoUpdateCredentials] Update credentials
2025-01-18 10:15:13.014: [INFO][Sync] Reset engine, reason: 0
2025-01-18 10:15:13.014: [INFO][Sync] Reset engine with reason: 0
2025-01-18 10:16:38.431: [INFO][Sync] SyncState after authenticated was: FeatureCanStart
2025-01-18 10:16:39.362: [INFO][SyncAuthManager::SetLastAuthError] Current auth error: None
2025-01-18 10:16:39.362: [INFO][SyncAuthManager::EdgeLogTokenErrorState] Token error with: None for account type: MSA
2025-01-18 10:16:39.362: [INFO][Sync] Credentials changed for: EdgeSyncKeyDataScope
2025-01-18 10:16:39.559: [INFO][Sync] Try to start sync engine
2025-01-18 10:16:39.560: [INFO][SyncAuthManager::SetLastAuthError] Current auth error: None
2025-01-18 10:16:39.560: [INFO][SyncAuthManager::EdgeLogTokenErrorState] Token error with: None for account type: MSA
2025-01-18 10:16:39.560: [INFO][Sync] Credentials changed for: EdgeSyncScopeNew
2025-01-18 10:16:39.561: [INFO][SyncEngineBackend::LoadAndConnectNigoriController] Load and connect Nigori controller
2025-01-18 10:16:39.561: [INFO][SyncEngineBackend::DoInitialize] Control Types added: 
2025-01-18 10:16:39.561: [INFO][SyncManagerImpl::ConfigureSyncer] Types to download:  with reason: 4
2025-01-18 10:16:39.561: [INFO][SyncEngineBackend::DoUpdateKeyDataCredentials] Update key data credentials
2025-01-18 10:16:39.561: [INFO][SyncEngineBackend::DoUpdateCredentials] Update credentials
2025-01-18 10:16:39.561: [INFO][SyncEngineBackend::DoUpdateKeyDataCredentials] Update key data credentials
2025-01-18 10:16:39.563: [INFO][Sync] Started DataTypeManager configuration, reason: 4
2025-01-18 10:16:39.563: [INFO][Sync] Configuring for: Bookmarks, Preferences, Passwords, Autofill Profiles, Autofill, Extensions, Sessions, Extension settings, History Delete Directives, Device Info, User Consents, Send Tab To Self, Web Apps, History, Collection, Edge E Drop, Edge Hub App Usage, Edge Tab Group, Edge Wallet, Encryption Keys, reason: 4, current state: 0
2025-01-18 10:16:39.563: [INFO][SyncEngineBackend::DoStartConfiguration] Start configuration
2025-01-18 10:16:39.564: [INFO][Sync] Configure, desired: Bookmarks, Preferences, Passwords, Autofill Profiles, Autofill, Extensions, Sessions, Extension settings, History Delete Directives, Device Info, User Consents, Send Tab To Self, Web Apps, History, Collection, Edge E Drop, Edge Hub App Usage, Edge Tab Group, Edge Wallet, Encryption Keys; Allow fail: 
2025-01-18 10:16:39.564: [INFO][Sync] Loading: Bookmarks
2025-01-18 10:16:39.564: [INFO][Sync] Loading: Preferences
2025-01-18 10:16:39.564: [INFO][Sync] Loading: Passwords
2025-01-18 10:16:39.564: [INFO][Sync] Loading: Autofill Profiles
2025-01-18 10:16:39.564: [INFO][Sync] Loading: Autofill
2025-01-18 10:16:39.564: [INFO][Sync] Loading: Extensions
2025-01-18 10:16:39.564: [INFO][Sync] Loading: Sessions
2025-01-18 10:16:39.564: [INFO][Sync] Loading: Extension settings
2025-01-18 10:16:39.564: [INFO][Sync] Loading: History Delete Directives
2025-01-18 10:16:39.564: [INFO][Sync] Loading: Device Info
2025-01-18 10:16:39.564: [INFO][Sync] Loading: User Consents
2025-01-18 10:16:39.564: [INFO][Sync] Loading: Send Tab To Self
2025-01-18 10:16:39.564: [INFO][Sync] Loading: Web Apps
2025-01-18 10:16:39.564: [INFO][Sync] Loading: History
2025-01-18 10:16:39.564: [INFO][Sync] Loading: Collection
2025-01-18 10:16:39.564: [INFO][Sync] Loading: Edge E Drop
2025-01-18 10:16:39.564: [INFO][Sync] Loading: Edge Hub App Usage
2025-01-18 10:16:39.564: [INFO][Sync] Loading: Edge Tab Group
2025-01-18 10:16:39.564: [INFO][Sync] Loading: Edge Wallet
2025-01-18 10:16:39.569: [INFO][Sync] All data types are ready for configure.
2025-01-18 10:16:39.569: [INFO][SyncManagerImpl::ConfigureSyncer] Types to download:  with reason: 4
2025-01-18 10:16:39.569: [INFO][SyncEngineBackend::DoFinishConfigureDataTypes] Failed to download types:  and succeeded types: 
2025-01-18 10:16:39.569: [INFO][Sync] ConfigurationDone, failed: , succeeded: , remaining count: 4
2025-01-18 10:16:39.569: [INFO][SyncManagerImpl::ConfigureSyncer] Types to download:  with reason: 4
2025-01-18 10:16:39.569: [INFO][SyncEngineBackend::DoFinishConfigureDataTypes] Failed to download types:  and succeeded types: 
2025-01-18 10:16:39.569: [INFO][Sync] ConfigurationDone, failed: , succeeded: , remaining count: 3
2025-01-18 10:16:39.569: [INFO][SyncManagerImpl::ConfigureSyncer] Types to download:  with reason: 4
2025-01-18 10:16:39.569: [INFO][SyncEngineBackend::DoFinishConfigureDataTypes] Failed to download types:  and succeeded types: 
2025-01-18 10:16:39.569: [INFO][Sync] ConfigurationDone, failed: , succeeded: , remaining count: 2
2025-01-18 10:16:39.569: [INFO][SyncManagerImpl::ConfigureSyncer] Types to download:  with reason: 4
2025-01-18 10:16:39.569: [INFO][SyncEngineBackend::DoFinishConfigureDataTypes] Failed to download types:  and succeeded types: 
2025-01-18 10:16:39.569: [INFO][Sync] ConfigurationDone, failed: , succeeded: , remaining count: 1
2025-01-18 10:16:39.570: [INFO][SyncManagerImpl::ConfigureSyncer] Types to download:  with reason: 4
2025-01-18 10:16:39.570: [INFO][SyncEngineBackend::DoFinishConfigureDataTypes] Failed to download types:  and succeeded types: 
2025-01-18 10:16:39.573: [INFO][Sync] ConfigurationDone, failed: , succeeded: , remaining count: 0
2025-01-18 10:16:39.573: [INFO][Sync]     Configuration completed, state: 3
2025-01-18 10:16:39.573: [INFO][Sync] Configured DataTypeManager: Ok
2025-01-18 10:16:39.574: [INFO][SyncEngineBackend::DoStartSyncing] Start syncing
2025-01-18 10:18:17.206: [INFO][Sync] SyncState after authenticated was: FeatureCanStart
2025-01-18 10:18:17.509: [INFO][Sync] Try to start sync engine
2025-01-18 10:18:17.510: [INFO][SyncAuthManager::SetLastAuthError] Current auth error: None
2025-01-18 10:18:17.510: [INFO][SyncAuthManager::EdgeLogTokenErrorState] Token error with: None for account type: MSA
2025-01-18 10:18:17.510: [INFO][Sync] Credentials changed for: EdgeSyncScopeNew
2025-01-18 10:18:17.512: [INFO][SyncEngineBackend::LoadAndConnectNigoriController] Load and connect Nigori controller
2025-01-18 10:18:17.512: [INFO][SyncEngineBackend::DoInitialize] Control Types added: 
2025-01-18 10:18:17.512: [INFO][SyncManagerImpl::ConfigureSyncer] Types to download:  with reason: 4
2025-01-18 10:18:17.514: [INFO][Sync] Started DataTypeManager configuration, reason: 4
2025-01-18 10:18:17.514: [INFO][Sync] Configuring for: Bookmarks, Preferences, Passwords, Autofill Profiles, Autofill, Extensions, Sessions, Extension settings, History Delete Directives, Device Info, User Consents, Send Tab To Self, Web Apps, History, Collection, Edge E Drop, Edge Hub App Usage, Edge Tab Group, Edge Wallet, Encryption Keys, reason: 4, current state: 0
2025-01-18 10:18:17.514: [INFO][SyncEngineBackend::DoStartConfiguration] Start configuration
2025-01-18 10:18:17.515: [INFO][Sync] Configure, desired: Bookmarks, Preferences, Passwords, Autofill Profiles, Autofill, Extensions, Sessions, Extension settings, History Delete Directives, Device Info, User Consents, Send Tab To Self, Web Apps, History, Collection, Edge E Drop, Edge Hub App Usage, Edge Tab Group, Edge Wallet, Encryption Keys; Allow fail: 
2025-01-18 10:18:17.515: [INFO][Sync] Loading: Bookmarks
2025-01-18 10:18:17.515: [INFO][Sync] Loading: Preferences
2025-01-18 10:18:17.515: [INFO][Sync] Loading: Passwords
2025-01-18 10:18:17.515: [INFO][Sync] Loading: Autofill Profiles
2025-01-18 10:18:17.515: [INFO][Sync] Loading: Autofill
2025-01-18 10:18:17.515: [INFO][Sync] Loading: Extensions
2025-01-18 10:18:17.515: [INFO][Sync] Loading: Sessions
2025-01-18 10:18:17.515: [INFO][Sync] Loading: Extension settings
2025-01-18 10:18:17.515: [INFO][Sync] Loading: History Delete Directives
2025-01-18 10:18:17.515: [INFO][Sync] Loading: Device Info
2025-01-18 10:18:17.515: [INFO][Sync] Loading: User Consents
2025-01-18 10:18:17.515: [INFO][Sync] Loading: Send Tab To Self
2025-01-18 10:18:17.515: [INFO][Sync] Loading: Web Apps
2025-01-18 10:18:17.515: [INFO][Sync] Loading: History
2025-01-18 10:18:17.515: [INFO][Sync] Loading: Collection
2025-01-18 10:18:17.515: [INFO][Sync] Loading: Edge E Drop
2025-01-18 10:18:17.515: [INFO][Sync] Loading: Edge Hub App Usage
2025-01-18 10:18:17.515: [INFO][Sync] Loading: Edge Tab Group
2025-01-18 10:18:17.515: [INFO][Sync] Loading: Edge Wallet
2025-01-18 10:18:17.517: [INFO][Sync] All data types are ready for configure.
2025-01-18 10:18:17.517: [INFO][SyncManagerImpl::ConfigureSyncer] Types to download:  with reason: 4
2025-01-18 10:18:17.517: [INFO][SyncEngineBackend::DoFinishConfigureDataTypes] Failed to download types:  and succeeded types: 
2025-01-18 10:18:17.517: [INFO][Sync] ConfigurationDone, failed: , succeeded: , remaining count: 4
2025-01-18 10:18:17.517: [INFO][SyncManagerImpl::ConfigureSyncer] Types to download:  with reason: 4
2025-01-18 10:18:17.517: [INFO][SyncEngineBackend::DoFinishConfigureDataTypes] Failed to download types:  and succeeded types: 
2025-01-18 10:18:17.517: [INFO][Sync] ConfigurationDone, failed: , succeeded: , remaining count: 3
2025-01-18 10:18:17.517: [INFO][SyncManagerImpl::ConfigureSyncer] Types to download:  with reason: 4
2025-01-18 10:18:17.517: [INFO][SyncEngineBackend::DoFinishConfigureDataTypes] Failed to download types:  and succeeded types: 
2025-01-18 10:18:17.517: [INFO][Sync] ConfigurationDone, failed: , succeeded: , remaining count: 2
2025-01-18 10:18:17.517: [INFO][SyncManagerImpl::ConfigureSyncer] Types to download:  with reason: 4
2025-01-18 10:18:17.517: [INFO][SyncEngineBackend::DoFinishConfigureDataTypes] Failed to download types:  and succeeded types: 
2025-01-18 10:18:17.517: [INFO][Sync] ConfigurationDone, failed: , succeeded: , remaining count: 1
2025-01-18 10:18:17.518: [INFO][SyncManagerImpl::ConfigureSyncer] Types to download:  with reason: 4
2025-01-18 10:18:17.518: [INFO][SyncEngineBackend::DoFinishConfigureDataTypes] Failed to download types:  and succeeded types: 
2025-01-18 10:18:17.518: [INFO][Sync] ConfigurationDone, failed: , succeeded: , remaining count: 0
2025-01-18 10:18:17.519: [INFO][Sync]     Configuration completed, state: 3
2025-01-18 10:18:17.519: [INFO][Sync] Configured DataTypeManager: Ok
2025-01-18 10:18:17.520: [INFO][SyncEngineBackend::DoStartSyncing] Start syncing
2025-01-18 10:18:18.191: [INFO][SyncAuthManager::SetLastAuthError] Current auth error: None
2025-01-18 10:18:18.191: [INFO][SyncAuthManager::EdgeLogTokenErrorState] Token error with: None for account type: MSA
2025-01-18 10:18:18.191: [INFO][Sync] Credentials changed for: EdgeSyncKeyDataScope
2025-01-18 10:18:18.191: [INFO][SyncEngineBackend::DoUpdateKeyDataCredentials] Update key data credentials
2025-01-18 10:18:18.191: [INFO][SyncEngineBackend::DoUpdateCredentials] Update credentials
2025-01-18 10:18:29.067: [INFO][Sync] Reset engine, reason: 0
2025-01-18 10:18:29.067: [INFO][Sync] Reset engine with reason: 0
2025-01-18 10:23:01.046: [INFO][Sync] SyncState after authenticated was: FeatureCanStart
2025-01-18 10:23:01.726: [INFO][SyncAuthManager::SetLastAuthError] Current auth error: None
2025-01-18 10:23:01.726: [INFO][SyncAuthManager::EdgeLogTokenErrorState] Token error with: None for account type: MSA
2025-01-18 10:23:01.726: [INFO][Sync] Credentials changed for: EdgeSyncKeyDataScope
2025-01-18 10:23:02.314: [INFO][Sync] Try to start sync engine
2025-01-18 10:23:02.315: [INFO][SyncAuthManager::SetLastAuthError] Current auth error: None
2025-01-18 10:23:02.315: [INFO][SyncAuthManager::EdgeLogTokenErrorState] Token error with: None for account type: MSA
2025-01-18 10:23:02.315: [INFO][Sync] Credentials changed for: EdgeSyncScopeNew
2025-01-18 10:23:02.317: [INFO][SyncEngineBackend::LoadAndConnectNigoriController] Load and connect Nigori controller
2025-01-18 10:23:02.317: [INFO][SyncEngineBackend::DoInitialize] Control Types added: 
2025-01-18 10:23:02.317: [INFO][SyncManagerImpl::ConfigureSyncer] Types to download:  with reason: 4
2025-01-18 10:23:02.317: [INFO][SyncEngineBackend::DoUpdateKeyDataCredentials] Update key data credentials
2025-01-18 10:23:02.317: [INFO][SyncEngineBackend::DoUpdateCredentials] Update credentials
2025-01-18 10:23:02.317: [INFO][SyncEngineBackend::DoUpdateKeyDataCredentials] Update key data credentials
2025-01-18 10:23:02.321: [INFO][Sync] Started DataTypeManager configuration, reason: 4
2025-01-18 10:23:02.321: [INFO][Sync] Configuring for: Bookmarks, Preferences, Passwords, Autofill Profiles, Autofill, Extensions, Sessions, Extension settings, History Delete Directives, Device Info, User Consents, Send Tab To Self, Web Apps, History, Collection, Edge E Drop, Edge Hub App Usage, Edge Tab Group, Edge Wallet, Encryption Keys, reason: 4, current state: 0
2025-01-18 10:23:02.321: [INFO][SyncEngineBackend::DoStartConfiguration] Start configuration
2025-01-18 10:23:02.322: [INFO][Sync] Configure, desired: Bookmarks, Preferences, Passwords, Autofill Profiles, Autofill, Extensions, Sessions, Extension settings, History Delete Directives, Device Info, User Consents, Send Tab To Self, Web Apps, History, Collection, Edge E Drop, Edge Hub App Usage, Edge Tab Group, Edge Wallet, Encryption Keys; Allow fail: 
2025-01-18 10:23:02.322: [INFO][Sync] Loading: Bookmarks
2025-01-18 10:23:02.322: [INFO][Sync] Loading: Preferences
2025-01-18 10:23:02.322: [INFO][Sync] Loading: Passwords
2025-01-18 10:23:02.322: [INFO][Sync] Loading: Autofill Profiles
2025-01-18 10:23:02.322: [INFO][Sync] Loading: Autofill
2025-01-18 10:23:02.322: [INFO][Sync] Loading: Extensions
2025-01-18 10:23:02.322: [INFO][Sync] Loading: Sessions
2025-01-18 10:23:02.322: [INFO][Sync] Loading: Extension settings
2025-01-18 10:23:02.322: [INFO][Sync] Loading: History Delete Directives
2025-01-18 10:23:02.322: [INFO][Sync] Loading: Device Info
2025-01-18 10:23:02.322: [INFO][Sync] Loading: User Consents
2025-01-18 10:23:02.322: [INFO][Sync] Loading: Send Tab To Self
2025-01-18 10:23:02.322: [INFO][Sync] Loading: Web Apps
2025-01-18 10:23:02.322: [INFO][Sync] Loading: History
2025-01-18 10:23:02.322: [INFO][Sync] Loading: Collection
2025-01-18 10:23:02.322: [INFO][Sync] Loading: Edge E Drop
2025-01-18 10:23:02.322: [INFO][Sync] Loading: Edge Hub App Usage
2025-01-18 10:23:02.322: [INFO][Sync] Loading: Edge Tab Group
2025-01-18 10:23:02.322: [INFO][Sync] Loading: Edge Wallet
2025-01-18 10:23:02.327: [INFO][Sync] All data types are ready for configure.
2025-01-18 10:23:02.327: [INFO][SyncManagerImpl::ConfigureSyncer] Types to download:  with reason: 4
2025-01-18 10:23:02.327: [INFO][SyncEngineBackend::DoFinishConfigureDataTypes] Failed to download types:  and succeeded types: 
2025-01-18 10:23:02.327: [INFO][Sync] ConfigurationDone, failed: , succeeded: , remaining count: 4
2025-01-18 10:23:02.327: [INFO][SyncManagerImpl::ConfigureSyncer] Types to download:  with reason: 4
2025-01-18 10:23:02.327: [INFO][SyncEngineBackend::DoFinishConfigureDataTypes] Failed to download types:  and succeeded types: 
2025-01-18 10:23:02.327: [INFO][Sync] ConfigurationDone, failed: , succeeded: , remaining count: 3
2025-01-18 10:23:02.327: [INFO][SyncManagerImpl::ConfigureSyncer] Types to download:  with reason: 4
2025-01-18 10:23:02.327: [INFO][SyncEngineBackend::DoFinishConfigureDataTypes] Failed to download types:  and succeeded types: 
2025-01-18 10:23:02.327: [INFO][Sync] ConfigurationDone, failed: , succeeded: , remaining count: 2
2025-01-18 10:23:02.327: [INFO][SyncManagerImpl::ConfigureSyncer] Types to download:  with reason: 4
2025-01-18 10:23:02.327: [INFO][SyncEngineBackend::DoFinishConfigureDataTypes] Failed to download types:  and succeeded types: 
2025-01-18 10:23:02.327: [INFO][Sync] ConfigurationDone, failed: , succeeded: , remaining count: 1
2025-01-18 10:23:02.328: [INFO][SyncManagerImpl::ConfigureSyncer] Types to download:  with reason: 4
2025-01-18 10:23:02.328: [INFO][SyncEngineBackend::DoFinishConfigureDataTypes] Failed to download types:  and succeeded types: 
2025-01-18 10:23:02.328: [INFO][Sync] ConfigurationDone, failed: , succeeded: , remaining count: 0
2025-01-18 10:23:02.329: [INFO][Sync]     Configuration completed, state: 3
2025-01-18 10:23:02.329: [INFO][Sync] Configured DataTypeManager: Ok
2025-01-18 10:23:02.329: [INFO][SyncEngineBackend::DoStartSyncing] Start syncing
2025-01-18 12:27:24.407: [INFO][SyncSchedulerImpl::OnSyncNetworkError] Syncer error: Network error (ERR_CONNECTION_CLOSED)
2025-01-18 12:27:24.407: [INFO][Commit::ReportFullCommitFailure] Commit Sessions, History failed with error: NetworkError
2025-01-18 12:27:24.408: [INFO][SyncSchedulerImpl::DoNudgeSyncCycleJob] Syncer error: Network error (ERR_CONNECTION_CLOSED)
2025-01-18 12:27:24.410: [WARN][Sync] NetworkError: Network error (ERR_CONNECTION_CLOSED)
2025-01-18 12:31:54.208: [INFO][Sync] SyncState after authenticated was: FeatureCanStart
2025-01-18 12:31:55.132: [INFO][Sync] Try to start sync engine
2025-01-18 12:31:55.135: [INFO][SyncAuthManager::SetLastAuthError] Current auth error: None
2025-01-18 12:31:55.135: [INFO][SyncAuthManager::EdgeLogTokenErrorState] Token error with: None for account type: MSA
2025-01-18 12:31:55.135: [INFO][Sync] Credentials changed for: EdgeSyncScopeNew
2025-01-18 12:31:55.135: [INFO][SyncEngineBackend::LoadAndConnectNigoriController] Load and connect Nigori controller
2025-01-18 12:31:55.135: [INFO][SyncEngineBackend::DoInitialize] Control Types added: 
2025-01-18 12:31:55.135: [INFO][SyncManagerImpl::ConfigureSyncer] Types to download:  with reason: 4
2025-01-18 12:31:55.138: [INFO][Sync] Started DataTypeManager configuration, reason: 4
2025-01-18 12:31:55.138: [INFO][Sync] Configuring for: Bookmarks, Preferences, Passwords, Autofill Profiles, Autofill, Extensions, Sessions, Extension settings, History Delete Directives, Device Info, User Consents, Send Tab To Self, Web Apps, History, Collection, Edge E Drop, Edge Hub App Usage, Edge Tab Group, Edge Wallet, Encryption Keys, reason: 4, current state: 0
2025-01-18 12:31:55.138: [INFO][SyncEngineBackend::DoStartConfiguration] Start configuration
2025-01-18 12:31:55.138: [INFO][Sync] Configure, desired: Bookmarks, Preferences, Passwords, Autofill Profiles, Autofill, Extensions, Sessions, Extension settings, History Delete Directives, Device Info, User Consents, Send Tab To Self, Web Apps, History, Collection, Edge E Drop, Edge Hub App Usage, Edge Tab Group, Edge Wallet, Encryption Keys; Allow fail: 
2025-01-18 12:31:55.138: [INFO][Sync] Loading: Bookmarks
2025-01-18 12:31:55.138: [INFO][Sync] Loading: Preferences
2025-01-18 12:31:55.138: [INFO][Sync] Loading: Passwords
2025-01-18 12:31:55.138: [INFO][Sync] Loading: Autofill Profiles
2025-01-18 12:31:55.138: [INFO][Sync] Loading: Autofill
2025-01-18 12:31:55.138: [INFO][Sync] Loading: Extensions
2025-01-18 12:31:55.138: [INFO][Sync] Loading: Sessions
2025-01-18 12:31:55.138: [INFO][Sync] Loading: Extension settings
2025-01-18 12:31:55.138: [INFO][Sync] Loading: History Delete Directives
2025-01-18 12:31:55.138: [INFO][Sync] Loading: Device Info
2025-01-18 12:31:55.138: [INFO][Sync] Loading: User Consents
2025-01-18 12:31:55.138: [INFO][Sync] Loading: Send Tab To Self
2025-01-18 12:31:55.138: [INFO][Sync] Loading: Web Apps
2025-01-18 12:31:55.138: [INFO][Sync] Loading: History
2025-01-18 12:31:55.138: [INFO][Sync] Loading: Collection
2025-01-18 12:31:55.138: [INFO][Sync] Loading: Edge E Drop
2025-01-18 12:31:55.138: [INFO][Sync] Loading: Edge Hub App Usage
2025-01-18 12:31:55.138: [INFO][Sync] Loading: Edge Tab Group
2025-01-18 12:31:55.138: [INFO][Sync] Loading: Edge Wallet
2025-01-18 12:31:55.143: [INFO][Sync] All data types are ready for configure.
2025-01-18 12:31:55.144: [INFO][SyncManagerImpl::ConfigureSyncer] Types to download:  with reason: 4
2025-01-18 12:31:55.144: [INFO][SyncEngineBackend::DoFinishConfigureDataTypes] Failed to download types:  and succeeded types: 
2025-01-18 12:31:55.144: [INFO][Sync] ConfigurationDone, failed: , succeeded: , remaining count: 4
2025-01-18 12:31:55.144: [INFO][SyncManagerImpl::ConfigureSyncer] Types to download:  with reason: 4
2025-01-18 12:31:55.144: [INFO][SyncEngineBackend::DoFinishConfigureDataTypes] Failed to download types:  and succeeded types: 
2025-01-18 12:31:55.144: [INFO][Sync] ConfigurationDone, failed: , succeeded: , remaining count: 3
2025-01-18 12:31:55.144: [INFO][SyncManagerImpl::ConfigureSyncer] Types to download:  with reason: 4
2025-01-18 12:31:55.144: [INFO][SyncEngineBackend::DoFinishConfigureDataTypes] Failed to download types:  and succeeded types: 
2025-01-18 12:31:55.144: [INFO][Sync] ConfigurationDone, failed: , succeeded: , remaining count: 2
2025-01-18 12:31:55.144: [INFO][SyncManagerImpl::ConfigureSyncer] Types to download:  with reason: 4
2025-01-18 12:31:55.144: [INFO][SyncEngineBackend::DoFinishConfigureDataTypes] Failed to download types:  and succeeded types: 
2025-01-18 12:31:55.144: [INFO][Sync] ConfigurationDone, failed: , succeeded: , remaining count: 1
2025-01-18 12:31:55.145: [INFO][SyncManagerImpl::ConfigureSyncer] Types to download:  with reason: 4
2025-01-18 12:31:55.145: [INFO][SyncEngineBackend::DoFinishConfigureDataTypes] Failed to download types:  and succeeded types: 
2025-01-18 12:31:55.145: [INFO][Sync] ConfigurationDone, failed: , succeeded: , remaining count: 0
2025-01-18 12:31:55.146: [INFO][Sync]     Configuration completed, state: 3
2025-01-18 12:31:55.146: [INFO][Sync] Configured DataTypeManager: Ok
2025-01-18 12:31:55.147: [INFO][SyncEngineBackend::DoStartSyncing] Start syncing
2025-01-18 12:31:55.284: [INFO][SyncAuthManager::SetLastAuthError] Current auth error: None
2025-01-18 12:31:55.284: [INFO][SyncAuthManager::EdgeLogTokenErrorState] Token error with: None for account type: MSA
2025-01-18 12:31:55.284: [INFO][Sync] Credentials changed for: EdgeSyncKeyDataScope
2025-01-18 12:31:55.284: [INFO][SyncEngineBackend::DoUpdateKeyDataCredentials] Update key data credentials
2025-01-18 12:31:55.284: [INFO][SyncEngineBackend::DoUpdateCredentials] Update credentials
2025-01-18 12:32:01.149: [INFO][Sync] Reset engine, reason: 0
2025-01-18 12:32:01.149: [INFO][Sync] Reset engine with reason: 0
2025-01-18 12:35:18.451: [INFO][Sync] SyncState after authenticated was: FeatureCanStart
2025-01-18 12:35:18.790: [INFO][Sync] Try to start sync engine
2025-01-18 12:35:18.791: [INFO][SyncAuthManager::SetLastAuthError] Current auth error: None
2025-01-18 12:35:18.791: [INFO][SyncAuthManager::EdgeLogTokenErrorState] Token error with: None for account type: MSA
2025-01-18 12:35:18.791: [INFO][Sync] Credentials changed for: EdgeSyncScopeNew
2025-01-18 12:35:18.792: [INFO][SyncEngineBackend::LoadAndConnectNigoriController] Load and connect Nigori controller
2025-01-18 12:35:18.792: [INFO][SyncEngineBackend::DoInitialize] Control Types added: 
2025-01-18 12:35:18.792: [INFO][SyncManagerImpl::ConfigureSyncer] Types to download:  with reason: 4
2025-01-18 12:35:18.794: [INFO][Sync] Started DataTypeManager configuration, reason: 4
2025-01-18 12:35:18.794: [INFO][Sync] Configuring for: Bookmarks, Preferences, Passwords, Autofill Profiles, Autofill, Extensions, Sessions, Extension settings, History Delete Directives, Device Info, User Consents, Send Tab To Self, Web Apps, History, Collection, Edge E Drop, Edge Hub App Usage, Edge Tab Group, Edge Wallet, Encryption Keys, reason: 4, current state: 0
2025-01-18 12:35:18.794: [INFO][SyncEngineBackend::DoStartConfiguration] Start configuration
2025-01-18 12:35:18.795: [INFO][Sync] Configure, desired: Bookmarks, Preferences, Passwords, Autofill Profiles, Autofill, Extensions, Sessions, Extension settings, History Delete Directives, Device Info, User Consents, Send Tab To Self, Web Apps, History, Collection, Edge E Drop, Edge Hub App Usage, Edge Tab Group, Edge Wallet, Encryption Keys; Allow fail: 
2025-01-18 12:35:18.795: [INFO][Sync] Loading: Bookmarks
2025-01-18 12:35:18.795: [INFO][Sync] Loading: Preferences
2025-01-18 12:35:18.795: [INFO][Sync] Loading: Passwords
2025-01-18 12:35:18.795: [INFO][Sync] Loading: Autofill Profiles
2025-01-18 12:35:18.795: [INFO][Sync] Loading: Autofill
2025-01-18 12:35:18.795: [INFO][Sync] Loading: Extensions
2025-01-18 12:35:18.795: [INFO][Sync] Loading: Sessions
2025-01-18 12:35:18.795: [INFO][Sync] Loading: Extension settings
2025-01-18 12:35:18.795: [INFO][Sync] Loading: History Delete Directives
2025-01-18 12:35:18.795: [INFO][Sync] Loading: Device Info
2025-01-18 12:35:18.795: [INFO][Sync] Loading: User Consents
2025-01-18 12:35:18.795: [INFO][Sync] Loading: Send Tab To Self
2025-01-18 12:35:18.795: [INFO][Sync] Loading: Web Apps
2025-01-18 12:35:18.795: [INFO][Sync] Loading: History
2025-01-18 12:35:18.795: [INFO][Sync] Loading: Collection
2025-01-18 12:35:18.795: [INFO][Sync] Loading: Edge E Drop
2025-01-18 12:35:18.795: [INFO][Sync] Loading: Edge Hub App Usage
2025-01-18 12:35:18.795: [INFO][Sync] Loading: Edge Tab Group
2025-01-18 12:35:18.795: [INFO][Sync] Loading: Edge Wallet
2025-01-18 12:35:18.797: [INFO][Sync] All data types are ready for configure.
2025-01-18 12:35:18.798: [INFO][SyncManagerImpl::ConfigureSyncer] Types to download:  with reason: 4
2025-01-18 12:35:18.798: [INFO][SyncEngineBackend::DoFinishConfigureDataTypes] Failed to download types:  and succeeded types: 
2025-01-18 12:35:18.798: [INFO][Sync] ConfigurationDone, failed: , succeeded: , remaining count: 4
2025-01-18 12:35:18.798: [INFO][SyncManagerImpl::ConfigureSyncer] Types to download:  with reason: 4
2025-01-18 12:35:18.798: [INFO][SyncEngineBackend::DoFinishConfigureDataTypes] Failed to download types:  and succeeded types: 
2025-01-18 12:35:18.798: [INFO][Sync] ConfigurationDone, failed: , succeeded: , remaining count: 3
2025-01-18 12:35:18.798: [INFO][SyncManagerImpl::ConfigureSyncer] Types to download:  with reason: 4
2025-01-18 12:35:18.798: [INFO][SyncEngineBackend::DoFinishConfigureDataTypes] Failed to download types:  and succeeded types: 
2025-01-18 12:35:18.801: [INFO][Sync] ConfigurationDone, failed: , succeeded: , remaining count: 2
2025-01-18 12:35:18.801: [INFO][SyncManagerImpl::ConfigureSyncer] Types to download:  with reason: 4
2025-01-18 12:35:18.801: [INFO][SyncEngineBackend::DoFinishConfigureDataTypes] Failed to download types:  and succeeded types: 
2025-01-18 12:35:18.802: [INFO][Sync] ConfigurationDone, failed: , succeeded: , remaining count: 1
2025-01-18 12:35:18.802: [INFO][SyncManagerImpl::ConfigureSyncer] Types to download:  with reason: 4
2025-01-18 12:35:18.802: [INFO][SyncEngineBackend::DoFinishConfigureDataTypes] Failed to download types:  and succeeded types: 
2025-01-18 12:35:18.803: [INFO][Sync] ConfigurationDone, failed: , succeeded: , remaining count: 0
2025-01-18 12:35:18.804: [INFO][Sync]     Configuration completed, state: 3
2025-01-18 12:35:18.804: [INFO][Sync] Configured DataTypeManager: Ok
2025-01-18 12:35:18.805: [INFO][SyncEngineBackend::DoStartSyncing] Start syncing
2025-01-18 12:35:23.676: [INFO][SyncAuthManager::SetLastAuthError] Current auth error: None
2025-01-18 12:35:23.676: [INFO][SyncAuthManager::EdgeLogTokenErrorState] Token error with: None for account type: MSA
2025-01-18 12:35:23.676: [INFO][Sync] Credentials changed for: EdgeSyncKeyDataScope
2025-01-18 12:35:23.676: [INFO][SyncEngineBackend::DoUpdateKeyDataCredentials] Update key data credentials
2025-01-18 12:35:23.676: [INFO][SyncEngineBackend::DoUpdateCredentials] Update credentials
2025-01-18 12:40:28.658: [INFO][SyncSchedulerImpl::OnSyncNetworkError] Syncer error: Network error (ERR_CONNECTION_CLOSED)
2025-01-18 12:40:28.659: [INFO][SyncSchedulerImpl::DoNudgeSyncCycleJob] Syncer error: Success
2025-01-18 12:40:28.660: [WARN][Sync] NetworkError: Network error (ERR_CONNECTION_CLOSED)
2025-01-18 13:56:53.214: [INFO][Sync] Reset engine, reason: 0
2025-01-18 13:56:53.214: [INFO][Sync] Reset engine with reason: 0
2025-01-20 13:36:01.458: [INFO][Sync] SyncState after authenticated was: FeatureCanStart
2025-01-20 13:36:06.407: [INFO][SyncAuthManager::SetLastAuthError] Current auth error: None
2025-01-20 13:36:06.407: [INFO][SyncAuthManager::EdgeLogTokenErrorState] Token error with: None for account type: MSA
2025-01-20 13:36:06.407: [INFO][Sync] Credentials changed for: EdgeSyncKeyDataScope
2025-01-20 13:36:07.646: [INFO][Sync] Try to start sync engine
2025-01-20 13:36:07.666: [INFO][SyncEngineBackend::LoadAndConnectNigoriController] Load and connect Nigori controller
2025-01-20 13:36:07.666: [INFO][SyncEngineBackend::DoInitialize] Control Types added: 
2025-01-20 13:36:07.666: [INFO][SyncManagerImpl::ConfigureSyncer] Types to download:  with reason: 4
2025-01-20 13:36:07.666: [INFO][SyncEngineBackend::DoUpdateKeyDataCredentials] Update key data credentials
2025-01-20 13:36:07.667: [INFO][Sync] Started DataTypeManager configuration, reason: 4
2025-01-20 13:36:07.667: [INFO][Sync] Configuring for: Bookmarks, Preferences, Passwords, Autofill Profiles, Autofill, Extensions, Sessions, Extension settings, History Delete Directives, Device Info, User Consents, Send Tab To Self, Web Apps, History, Collection, Edge E Drop, Edge Hub App Usage, Edge Tab Group, Edge Wallet, Encryption Keys, reason: 4, current state: 0
2025-01-20 13:36:07.667: [INFO][SyncEngineBackend::DoStartConfiguration] Start configuration
2025-01-20 13:36:07.668: [INFO][Sync] Configure, desired: Bookmarks, Preferences, Passwords, Autofill Profiles, Autofill, Extensions, Sessions, Extension settings, History Delete Directives, Device Info, User Consents, Send Tab To Self, Web Apps, History, Collection, Edge E Drop, Edge Hub App Usage, Edge Tab Group, Edge Wallet, Encryption Keys; Allow fail: 
2025-01-20 13:36:07.668: [INFO][Sync] Loading: Bookmarks
2025-01-20 13:36:07.668: [INFO][Sync] Loading: Preferences
2025-01-20 13:36:07.668: [INFO][Sync] Loading: Passwords
2025-01-20 13:36:07.668: [INFO][Sync] Loading: Autofill Profiles
2025-01-20 13:36:07.668: [INFO][Sync] Loading: Autofill
2025-01-20 13:36:07.668: [INFO][Sync] Loading: Extensions
2025-01-20 13:36:07.668: [INFO][Sync] Loading: Sessions
2025-01-20 13:36:07.668: [INFO][Sync] Loading: Extension settings
2025-01-20 13:36:07.668: [INFO][Sync] Loading: History Delete Directives
2025-01-20 13:36:07.668: [INFO][Sync] Loading: Device Info
2025-01-20 13:36:07.668: [INFO][Sync] Loading: User Consents
2025-01-20 13:36:07.668: [INFO][Sync] Loading: Send Tab To Self
2025-01-20 13:36:07.668: [INFO][Sync] Loading: Web Apps
2025-01-20 13:36:07.668: [INFO][Sync] Loading: History
2025-01-20 13:36:07.668: [INFO][Sync] Loading: Collection
2025-01-20 13:36:07.668: [INFO][Sync] Loading: Edge E Drop
2025-01-20 13:36:07.668: [INFO][Sync] Loading: Edge Hub App Usage
2025-01-20 13:36:07.668: [INFO][Sync] Loading: Edge Tab Group
2025-01-20 13:36:07.668: [INFO][Sync] Loading: Edge Wallet
2025-01-20 13:36:07.722: [INFO][Sync] All data types are ready for configure.
2025-01-20 13:36:07.722: [INFO][SyncManagerImpl::ConfigureSyncer] Types to download:  with reason: 4
2025-01-20 13:36:07.722: [INFO][SyncEngineBackend::DoFinishConfigureDataTypes] Failed to download types:  and succeeded types: 
2025-01-20 13:36:07.722: [INFO][Sync] ConfigurationDone, failed: , succeeded: , remaining count: 4
2025-01-20 13:36:07.737: [INFO][SyncManagerImpl::ConfigureSyncer] Types to download:  with reason: 4
2025-01-20 13:36:07.737: [INFO][SyncEngineBackend::DoFinishConfigureDataTypes] Failed to download types:  and succeeded types: 
2025-01-20 13:36:07.737: [INFO][Sync] ConfigurationDone, failed: , succeeded: , remaining count: 3
2025-01-20 13:36:07.737: [INFO][SyncManagerImpl::ConfigureSyncer] Types to download:  with reason: 4
2025-01-20 13:36:07.737: [INFO][SyncEngineBackend::DoFinishConfigureDataTypes] Failed to download types:  and succeeded types: 
2025-01-20 13:36:07.737: [INFO][Sync] ConfigurationDone, failed: , succeeded: , remaining count: 2
2025-01-20 13:36:07.737: [INFO][SyncManagerImpl::ConfigureSyncer] Types to download:  with reason: 4
2025-01-20 13:36:07.737: [INFO][SyncEngineBackend::DoFinishConfigureDataTypes] Failed to download types:  and succeeded types: 
2025-01-20 13:36:07.737: [INFO][Sync] ConfigurationDone, failed: , succeeded: , remaining count: 1
2025-01-20 13:36:07.738: [INFO][SyncManagerImpl::ConfigureSyncer] Types to download:  with reason: 4
2025-01-20 13:36:07.738: [INFO][SyncEngineBackend::DoFinishConfigureDataTypes] Failed to download types:  and succeeded types: 
2025-01-20 13:36:07.738: [INFO][Sync] ConfigurationDone, failed: , succeeded: , remaining count: 0
2025-01-20 13:36:07.738: [INFO][Sync]     Configuration completed, state: 3
2025-01-20 13:36:07.739: [INFO][Sync] Configured DataTypeManager: Ok
2025-01-20 13:36:07.739: [INFO][SyncEngineBackend::DoStartSyncing] Start syncing
2025-01-20 13:36:08.158: [INFO][SyncAuthManager::SetLastAuthError] Current auth error: None
2025-01-20 13:36:08.158: [INFO][SyncAuthManager::EdgeLogTokenErrorState] Token error with: None for account type: MSA
2025-01-20 13:36:08.158: [INFO][Sync] Credentials changed for: EdgeSyncScopeNew
2025-01-20 13:36:08.158: [INFO][SyncEngineBackend::DoUpdateCredentials] Update credentials
2025-01-20 13:36:08.158: [INFO][SyncEngineBackend::DoUpdateKeyDataCredentials] Update key data credentials
2025-01-20 13:39:10.808: [INFO][Sync] Reset engine, reason: 0
2025-01-20 13:39:10.808: [INFO][Sync] Reset engine with reason: 0
2025-01-20 13:39:43.257: [INFO][Sync] SyncState after authenticated was: FeatureCanStart
2025-01-20 13:39:44.355: [INFO][SyncAuthManager::SetLastAuthError] Current auth error: None
2025-01-20 13:39:44.355: [INFO][SyncAuthManager::EdgeLogTokenErrorState] Token error with: None for account type: MSA
2025-01-20 13:39:44.355: [INFO][Sync] Credentials changed for: EdgeSyncKeyDataScope
2025-01-20 13:39:49.325: [INFO][Sync] Try to start sync engine
2025-01-20 13:39:49.332: [INFO][SyncAuthManager::SetLastAuthError] Current auth error: None
2025-01-20 13:39:49.332: [INFO][SyncAuthManager::EdgeLogTokenErrorState] Token error with: None for account type: MSA
2025-01-20 13:39:49.332: [INFO][Sync] Credentials changed for: EdgeSyncScopeNew
2025-01-20 13:39:49.336: [INFO][SyncEngineBackend::LoadAndConnectNigoriController] Load and connect Nigori controller
2025-01-20 13:39:49.336: [INFO][SyncEngineBackend::DoInitialize] Control Types added: 
2025-01-20 13:39:49.336: [INFO][SyncManagerImpl::ConfigureSyncer] Types to download:  with reason: 4
2025-01-20 13:39:49.336: [INFO][SyncEngineBackend::DoUpdateKeyDataCredentials] Update key data credentials
2025-01-20 13:39:49.336: [INFO][SyncEngineBackend::DoUpdateCredentials] Update credentials
2025-01-20 13:39:49.336: [INFO][SyncEngineBackend::DoUpdateKeyDataCredentials] Update key data credentials
2025-01-20 13:39:49.342: [INFO][Sync] Started DataTypeManager configuration, reason: 4
2025-01-20 13:39:49.342: [INFO][Sync] Configuring for: Bookmarks, Preferences, Passwords, Autofill Profiles, Autofill, Extensions, Sessions, Extension settings, History Delete Directives, Device Info, User Consents, Send Tab To Self, Web Apps, History, Collection, Edge E Drop, Edge Hub App Usage, Edge Tab Group, Edge Wallet, Encryption Keys, reason: 4, current state: 0
2025-01-20 13:39:49.342: [INFO][SyncEngineBackend::DoStartConfiguration] Start configuration
2025-01-20 13:39:49.343: [INFO][Sync] Configure, desired: Bookmarks, Preferences, Passwords, Autofill Profiles, Autofill, Extensions, Sessions, Extension settings, History Delete Directives, Device Info, User Consents, Send Tab To Self, Web Apps, History, Collection, Edge E Drop, Edge Hub App Usage, Edge Tab Group, Edge Wallet, Encryption Keys; Allow fail: 
2025-01-20 13:39:49.343: [INFO][Sync] Loading: Bookmarks
2025-01-20 13:39:49.343: [INFO][Sync] Loading: Preferences
2025-01-20 13:39:49.343: [INFO][Sync] Loading: Passwords
2025-01-20 13:39:49.343: [INFO][Sync] Loading: Autofill Profiles
2025-01-20 13:39:49.343: [INFO][Sync] Loading: Autofill
2025-01-20 13:39:49.343: [INFO][Sync] Loading: Extensions
2025-01-20 13:39:49.343: [INFO][Sync] Loading: Sessions
2025-01-20 13:39:49.343: [INFO][Sync] Loading: Extension settings
2025-01-20 13:39:49.343: [INFO][Sync] Loading: History Delete Directives
2025-01-20 13:39:49.343: [INFO][Sync] Loading: Device Info
2025-01-20 13:39:49.343: [INFO][Sync] Loading: User Consents
2025-01-20 13:39:49.343: [INFO][Sync] Loading: Send Tab To Self
2025-01-20 13:39:49.343: [INFO][Sync] Loading: Web Apps
2025-01-20 13:39:49.343: [INFO][Sync] Loading: History
2025-01-20 13:39:49.343: [INFO][Sync] Loading: Collection
2025-01-20 13:39:49.343: [INFO][Sync] Loading: Edge E Drop
2025-01-20 13:39:49.343: [INFO][Sync] Loading: Edge Hub App Usage
2025-01-20 13:39:49.343: [INFO][Sync] Loading: Edge Tab Group
2025-01-20 13:39:49.343: [INFO][Sync] Loading: Edge Wallet
2025-01-20 13:39:49.350: [INFO][Sync] All data types are ready for configure.
2025-01-20 13:39:49.350: [INFO][SyncManagerImpl::ConfigureSyncer] Types to download:  with reason: 4
2025-01-20 13:39:49.350: [INFO][SyncEngineBackend::DoFinishConfigureDataTypes] Failed to download types:  and succeeded types: 
2025-01-20 13:39:49.350: [INFO][Sync] ConfigurationDone, failed: , succeeded: , remaining count: 4
2025-01-20 13:39:49.350: [INFO][SyncManagerImpl::ConfigureSyncer] Types to download:  with reason: 4
2025-01-20 13:39:49.350: [INFO][SyncEngineBackend::DoFinishConfigureDataTypes] Failed to download types:  and succeeded types: 
2025-01-20 13:39:49.350: [INFO][Sync] ConfigurationDone, failed: , succeeded: , remaining count: 3
2025-01-20 13:39:49.350: [INFO][SyncManagerImpl::ConfigureSyncer] Types to download:  with reason: 4
2025-01-20 13:39:49.350: [INFO][SyncEngineBackend::DoFinishConfigureDataTypes] Failed to download types:  and succeeded types: 
2025-01-20 13:39:49.351: [INFO][Sync] ConfigurationDone, failed: , succeeded: , remaining count: 2
2025-01-20 13:39:49.351: [INFO][SyncManagerImpl::ConfigureSyncer] Types to download:  with reason: 4
2025-01-20 13:39:49.351: [INFO][SyncEngineBackend::DoFinishConfigureDataTypes] Failed to download types:  and succeeded types: 
2025-01-20 13:39:49.351: [INFO][Sync] ConfigurationDone, failed: , succeeded: , remaining count: 1
2025-01-20 13:39:49.351: [INFO][SyncManagerImpl::ConfigureSyncer] Types to download:  with reason: 4
2025-01-20 13:39:49.351: [INFO][SyncEngineBackend::DoFinishConfigureDataTypes] Failed to download types:  and succeeded types: 
2025-01-20 13:39:49.351: [INFO][Sync] ConfigurationDone, failed: , succeeded: , remaining count: 0
2025-01-20 13:39:49.352: [INFO][Sync]     Configuration completed, state: 3
2025-01-20 13:39:49.352: [INFO][Sync] Configured DataTypeManager: Ok
2025-01-20 13:39:49.353: [INFO][SyncEngineBackend::DoStartSyncing] Start syncing
2025-01-20 13:42:54.045: [INFO][Sync] Reset engine, reason: 0
2025-01-20 13:42:54.045: [INFO][Sync] Reset engine with reason: 0
2025-01-20 13:47:45.482: [INFO][Sync] SyncState after authenticated was: FeatureCanStart
2025-01-20 13:47:46.257: [INFO][SyncAuthManager::SetLastAuthError] Current auth error: None
2025-01-20 13:47:46.257: [INFO][SyncAuthManager::EdgeLogTokenErrorState] Token error with: None for account type: MSA
2025-01-20 13:47:46.257: [INFO][Sync] Credentials changed for: EdgeSyncKeyDataScope
2025-01-20 13:47:46.679: [INFO][Sync] Try to start sync engine
2025-01-20 13:47:46.680: [INFO][SyncAuthManager::SetLastAuthError] Current auth error: None
2025-01-20 13:47:46.680: [INFO][SyncAuthManager::EdgeLogTokenErrorState] Token error with: None for account type: MSA
2025-01-20 13:47:46.680: [INFO][Sync] Credentials changed for: EdgeSyncScopeNew
2025-01-20 13:47:46.681: [INFO][SyncEngineBackend::LoadAndConnectNigoriController] Load and connect Nigori controller
2025-01-20 13:47:46.681: [INFO][SyncEngineBackend::DoInitialize] Control Types added: 
2025-01-20 13:47:46.681: [INFO][SyncManagerImpl::ConfigureSyncer] Types to download:  with reason: 4
2025-01-20 13:47:46.681: [INFO][SyncEngineBackend::DoUpdateKeyDataCredentials] Update key data credentials
2025-01-20 13:47:46.681: [INFO][SyncEngineBackend::DoUpdateCredentials] Update credentials
2025-01-20 13:47:46.681: [INFO][SyncEngineBackend::DoUpdateKeyDataCredentials] Update key data credentials
2025-01-20 13:47:46.689: [INFO][Sync] Started DataTypeManager configuration, reason: 4
2025-01-20 13:47:46.689: [INFO][Sync] Configuring for: Bookmarks, Preferences, Passwords, Autofill Profiles, Autofill, Extensions, Sessions, Extension settings, History Delete Directives, Device Info, User Consents, Send Tab To Self, Web Apps, History, Collection, Edge E Drop, Edge Hub App Usage, Edge Tab Group, Edge Wallet, Encryption Keys, reason: 4, current state: 0
2025-01-20 13:47:46.689: [INFO][SyncEngineBackend::DoStartConfiguration] Start configuration
2025-01-20 13:47:46.690: [INFO][Sync] Configure, desired: Bookmarks, Preferences, Passwords, Autofill Profiles, Autofill, Extensions, Sessions, Extension settings, History Delete Directives, Device Info, User Consents, Send Tab To Self, Web Apps, History, Collection, Edge E Drop, Edge Hub App Usage, Edge Tab Group, Edge Wallet, Encryption Keys; Allow fail: 
2025-01-20 13:47:46.690: [INFO][Sync] Loading: Bookmarks
2025-01-20 13:47:46.690: [INFO][Sync] Loading: Preferences
2025-01-20 13:47:46.690: [INFO][Sync] Loading: Passwords
2025-01-20 13:47:46.690: [INFO][Sync] Loading: Autofill Profiles
2025-01-20 13:47:46.690: [INFO][Sync] Loading: Autofill
2025-01-20 13:47:46.690: [INFO][Sync] Loading: Extensions
2025-01-20 13:47:46.690: [INFO][Sync] Loading: Sessions
2025-01-20 13:47:46.690: [INFO][Sync] Loading: Extension settings
2025-01-20 13:47:46.690: [INFO][Sync] Loading: History Delete Directives
2025-01-20 13:47:46.690: [INFO][Sync] Loading: Device Info
2025-01-20 13:47:46.690: [INFO][Sync] Loading: User Consents
2025-01-20 13:47:46.690: [INFO][Sync] Loading: Send Tab To Self
2025-01-20 13:47:46.690: [INFO][Sync] Loading: Web Apps
2025-01-20 13:47:46.690: [INFO][Sync] Loading: History
2025-01-20 13:47:46.690: [INFO][Sync] Loading: Collection
2025-01-20 13:47:46.690: [INFO][Sync] Loading: Edge E Drop
2025-01-20 13:47:46.690: [INFO][Sync] Loading: Edge Hub App Usage
2025-01-20 13:47:46.690: [INFO][Sync] Loading: Edge Tab Group
2025-01-20 13:47:46.690: [INFO][Sync] Loading: Edge Wallet
2025-01-20 13:47:46.699: [INFO][Sync] All data types are ready for configure.
2025-01-20 13:47:46.699: [INFO][SyncManagerImpl::ConfigureSyncer] Types to download:  with reason: 4
2025-01-20 13:47:46.699: [INFO][SyncEngineBackend::DoFinishConfigureDataTypes] Failed to download types:  and succeeded types: 
2025-01-20 13:47:46.699: [INFO][Sync] ConfigurationDone, failed: , succeeded: , remaining count: 4
2025-01-20 13:47:46.699: [INFO][SyncManagerImpl::ConfigureSyncer] Types to download:  with reason: 4
2025-01-20 13:47:46.699: [INFO][SyncEngineBackend::DoFinishConfigureDataTypes] Failed to download types:  and succeeded types: 
2025-01-20 13:47:46.700: [INFO][Sync] ConfigurationDone, failed: , succeeded: , remaining count: 3
2025-01-20 13:47:46.700: [INFO][SyncManagerImpl::ConfigureSyncer] Types to download:  with reason: 4
2025-01-20 13:47:46.700: [INFO][SyncEngineBackend::DoFinishConfigureDataTypes] Failed to download types:  and succeeded types: 
2025-01-20 13:47:46.700: [INFO][Sync] ConfigurationDone, failed: , succeeded: , remaining count: 2
2025-01-20 13:47:46.700: [INFO][SyncManagerImpl::ConfigureSyncer] Types to download:  with reason: 4
2025-01-20 13:47:46.700: [INFO][SyncEngineBackend::DoFinishConfigureDataTypes] Failed to download types:  and succeeded types: 
2025-01-20 13:47:46.700: [INFO][Sync] ConfigurationDone, failed: , succeeded: , remaining count: 1
2025-01-20 13:47:46.700: [INFO][SyncManagerImpl::ConfigureSyncer] Types to download:  with reason: 4
2025-01-20 13:47:46.700: [INFO][SyncEngineBackend::DoFinishConfigureDataTypes] Failed to download types:  and succeeded types: 
2025-01-20 13:47:46.703: [INFO][Sync] ConfigurationDone, failed: , succeeded: , remaining count: 0
2025-01-20 13:47:46.704: [INFO][Sync]     Configuration completed, state: 3
2025-01-20 13:47:46.704: [INFO][Sync] Configured DataTypeManager: Ok
2025-01-20 13:47:46.705: [INFO][SyncEngineBackend::DoStartSyncing] Start syncing
2025-01-20 13:47:55.925: [INFO][Sync] Reset engine, reason: 0
2025-01-20 13:47:55.925: [INFO][Sync] Reset engine with reason: 0
2025-01-20 13:48:03.580: [INFO][Sync] SyncState after authenticated was: FeatureCanStart
2025-01-20 13:48:03.882: [INFO][Sync] Try to start sync engine
2025-01-20 13:48:03.883: [INFO][SyncAuthManager::SetLastAuthError] Current auth error: None
2025-01-20 13:48:03.883: [INFO][SyncAuthManager::EdgeLogTokenErrorState] Token error with: None for account type: MSA
2025-01-20 13:48:03.883: [INFO][Sync] Credentials changed for: EdgeSyncScopeNew
2025-01-20 13:48:03.885: [INFO][SyncEngineBackend::LoadAndConnectNigoriController] Load and connect Nigori controller
2025-01-20 13:48:03.885: [INFO][SyncEngineBackend::DoInitialize] Control Types added: 
2025-01-20 13:48:03.885: [INFO][SyncManagerImpl::ConfigureSyncer] Types to download:  with reason: 4
2025-01-20 13:48:03.886: [INFO][Sync] Started DataTypeManager configuration, reason: 4
2025-01-20 13:48:03.886: [INFO][Sync] Configuring for: Bookmarks, Preferences, Passwords, Autofill Profiles, Autofill, Extensions, Sessions, Extension settings, History Delete Directives, Device Info, User Consents, Send Tab To Self, Web Apps, History, Collection, Edge E Drop, Edge Hub App Usage, Edge Tab Group, Edge Wallet, Encryption Keys, reason: 4, current state: 0
2025-01-20 13:48:03.886: [INFO][SyncEngineBackend::DoStartConfiguration] Start configuration
2025-01-20 13:48:03.887: [INFO][Sync] Configure, desired: Bookmarks, Preferences, Passwords, Autofill Profiles, Autofill, Extensions, Sessions, Extension settings, History Delete Directives, Device Info, User Consents, Send Tab To Self, Web Apps, History, Collection, Edge E Drop, Edge Hub App Usage, Edge Tab Group, Edge Wallet, Encryption Keys; Allow fail: 
2025-01-20 13:48:03.887: [INFO][Sync] Loading: Bookmarks
2025-01-20 13:48:03.887: [INFO][Sync] Loading: Preferences
2025-01-20 13:48:03.887: [INFO][Sync] Loading: Passwords
2025-01-20 13:48:03.887: [INFO][Sync] Loading: Autofill Profiles
2025-01-20 13:48:03.887: [INFO][Sync] Loading: Autofill
2025-01-20 13:48:03.887: [INFO][Sync] Loading: Extensions
2025-01-20 13:48:03.887: [INFO][Sync] Loading: Sessions
2025-01-20 13:48:03.887: [INFO][Sync] Loading: Extension settings
2025-01-20 13:48:03.887: [INFO][Sync] Loading: History Delete Directives
2025-01-20 13:48:03.887: [INFO][Sync] Loading: Device Info
2025-01-20 13:48:03.887: [INFO][Sync] Loading: User Consents
2025-01-20 13:48:03.887: [INFO][Sync] Loading: Send Tab To Self
2025-01-20 13:48:03.887: [INFO][Sync] Loading: Web Apps
2025-01-20 13:48:03.887: [INFO][Sync] Loading: History
2025-01-20 13:48:03.887: [INFO][Sync] Loading: Collection
2025-01-20 13:48:03.887: [INFO][Sync] Loading: Edge E Drop
2025-01-20 13:48:03.887: [INFO][Sync] Loading: Edge Hub App Usage
2025-01-20 13:48:03.887: [INFO][Sync] Loading: Edge Tab Group
2025-01-20 13:48:03.887: [INFO][Sync] Loading: Edge Wallet
2025-01-20 13:48:03.889: [INFO][Sync] All data types are ready for configure.
2025-01-20 13:48:03.889: [INFO][SyncManagerImpl::ConfigureSyncer] Types to download:  with reason: 4
2025-01-20 13:48:03.889: [INFO][SyncEngineBackend::DoFinishConfigureDataTypes] Failed to download types:  and succeeded types: 
2025-01-20 13:48:03.889: [INFO][Sync] ConfigurationDone, failed: , succeeded: , remaining count: 4
2025-01-20 13:48:03.889: [INFO][SyncManagerImpl::ConfigureSyncer] Types to download:  with reason: 4
2025-01-20 13:48:03.889: [INFO][SyncEngineBackend::DoFinishConfigureDataTypes] Failed to download types:  and succeeded types: 
2025-01-20 13:48:03.889: [INFO][Sync] ConfigurationDone, failed: , succeeded: , remaining count: 3
2025-01-20 13:48:03.889: [INFO][SyncManagerImpl::ConfigureSyncer] Types to download:  with reason: 4
2025-01-20 13:48:03.889: [INFO][SyncEngineBackend::DoFinishConfigureDataTypes] Failed to download types:  and succeeded types: 
2025-01-20 13:48:03.889: [INFO][Sync] ConfigurationDone, failed: , succeeded: , remaining count: 2
2025-01-20 13:48:03.889: [INFO][SyncManagerImpl::ConfigureSyncer] Types to download:  with reason: 4
2025-01-20 13:48:03.889: [INFO][SyncEngineBackend::DoFinishConfigureDataTypes] Failed to download types:  and succeeded types: 
2025-01-20 13:48:03.889: [INFO][Sync] ConfigurationDone, failed: , succeeded: , remaining count: 1
2025-01-20 13:48:03.890: [INFO][SyncManagerImpl::ConfigureSyncer] Types to download:  with reason: 4
2025-01-20 13:48:03.890: [INFO][SyncEngineBackend::DoFinishConfigureDataTypes] Failed to download types:  and succeeded types: 
2025-01-20 13:48:03.890: [INFO][Sync] ConfigurationDone, failed: , succeeded: , remaining count: 0
2025-01-20 13:48:03.891: [INFO][Sync]     Configuration completed, state: 3
2025-01-20 13:48:03.891: [INFO][Sync] Configured DataTypeManager: Ok
2025-01-20 13:48:03.891: [INFO][SyncEngineBackend::DoStartSyncing] Start syncing
2025-01-20 13:48:04.375: [INFO][SyncAuthManager::SetLastAuthError] Current auth error: None
2025-01-20 13:48:04.375: [INFO][SyncAuthManager::EdgeLogTokenErrorState] Token error with: None for account type: MSA
2025-01-20 13:48:04.375: [INFO][Sync] Credentials changed for: EdgeSyncKeyDataScope
2025-01-20 13:48:04.375: [INFO][SyncEngineBackend::DoUpdateKeyDataCredentials] Update key data credentials
2025-01-20 13:48:04.375: [INFO][SyncEngineBackend::DoUpdateCredentials] Update credentials
2025-01-20 13:48:16.292: [INFO][Sync] Reset engine, reason: 0
2025-01-20 13:48:16.292: [INFO][Sync] Reset engine with reason: 0
2025-01-20 13:57:15.219: [INFO][Sync] SyncState after authenticated was: FeatureCanStart
2025-01-20 13:57:15.487: [INFO][Sync] Try to start sync engine
2025-01-20 13:57:15.488: [INFO][SyncAuthManager::SetLastAuthError] Current auth error: None
2025-01-20 13:57:15.488: [INFO][SyncAuthManager::EdgeLogTokenErrorState] Token error with: None for account type: MSA
2025-01-20 13:57:15.488: [INFO][Sync] Credentials changed for: EdgeSyncScopeNew
2025-01-20 13:57:15.489: [INFO][SyncEngineBackend::LoadAndConnectNigoriController] Load and connect Nigori controller
2025-01-20 13:57:15.489: [INFO][SyncEngineBackend::DoInitialize] Control Types added: 
2025-01-20 13:57:15.489: [INFO][SyncManagerImpl::ConfigureSyncer] Types to download:  with reason: 4
2025-01-20 13:57:15.491: [INFO][Sync] Started DataTypeManager configuration, reason: 4
2025-01-20 13:57:15.491: [INFO][Sync] Configuring for: Bookmarks, Preferences, Passwords, Autofill Profiles, Autofill, Extensions, Sessions, Extension settings, History Delete Directives, Device Info, User Consents, Send Tab To Self, Web Apps, History, Collection, Edge E Drop, Edge Hub App Usage, Edge Tab Group, Edge Wallet, Encryption Keys, reason: 4, current state: 0
2025-01-20 13:57:15.491: [INFO][SyncEngineBackend::DoStartConfiguration] Start configuration
2025-01-20 13:57:15.491: [INFO][Sync] Configure, desired: Bookmarks, Preferences, Passwords, Autofill Profiles, Autofill, Extensions, Sessions, Extension settings, History Delete Directives, Device Info, User Consents, Send Tab To Self, Web Apps, History, Collection, Edge E Drop, Edge Hub App Usage, Edge Tab Group, Edge Wallet, Encryption Keys; Allow fail: 
2025-01-20 13:57:15.491: [INFO][Sync] Loading: Bookmarks
2025-01-20 13:57:15.491: [INFO][Sync] Loading: Preferences
2025-01-20 13:57:15.491: [INFO][Sync] Loading: Passwords
2025-01-20 13:57:15.491: [INFO][Sync] Loading: Autofill Profiles
2025-01-20 13:57:15.491: [INFO][Sync] Loading: Autofill
2025-01-20 13:57:15.491: [INFO][Sync] Loading: Extensions
2025-01-20 13:57:15.491: [INFO][Sync] Loading: Sessions
2025-01-20 13:57:15.491: [INFO][Sync] Loading: Extension settings
2025-01-20 13:57:15.491: [INFO][Sync] Loading: History Delete Directives
2025-01-20 13:57:15.491: [INFO][Sync] Loading: Device Info
2025-01-20 13:57:15.491: [INFO][Sync] Loading: User Consents
2025-01-20 13:57:15.491: [INFO][Sync] Loading: Send Tab To Self
2025-01-20 13:57:15.491: [INFO][Sync] Loading: Web Apps
2025-01-20 13:57:15.491: [INFO][Sync] Loading: History
2025-01-20 13:57:15.491: [INFO][Sync] Loading: Collection
2025-01-20 13:57:15.491: [INFO][Sync] Loading: Edge E Drop
2025-01-20 13:57:15.491: [INFO][Sync] Loading: Edge Hub App Usage
2025-01-20 13:57:15.491: [INFO][Sync] Loading: Edge Tab Group
2025-01-20 13:57:15.491: [INFO][Sync] Loading: Edge Wallet
2025-01-20 13:57:15.494: [INFO][Sync] All data types are ready for configure.
2025-01-20 13:57:15.494: [INFO][SyncManagerImpl::ConfigureSyncer] Types to download:  with reason: 4
2025-01-20 13:57:15.494: [INFO][SyncEngineBackend::DoFinishConfigureDataTypes] Failed to download types:  and succeeded types: 
2025-01-20 13:57:15.494: [INFO][Sync] ConfigurationDone, failed: , succeeded: , remaining count: 4
2025-01-20 13:57:15.494: [INFO][SyncManagerImpl::ConfigureSyncer] Types to download:  with reason: 4
2025-01-20 13:57:15.494: [INFO][SyncEngineBackend::DoFinishConfigureDataTypes] Failed to download types:  and succeeded types: 
2025-01-20 13:57:15.494: [INFO][Sync] ConfigurationDone, failed: , succeeded: , remaining count: 3
2025-01-20 13:57:15.494: [INFO][SyncManagerImpl::ConfigureSyncer] Types to download:  with reason: 4
2025-01-20 13:57:15.494: [INFO][SyncEngineBackend::DoFinishConfigureDataTypes] Failed to download types:  and succeeded types: 
2025-01-20 13:57:15.494: [INFO][Sync] ConfigurationDone, failed: , succeeded: , remaining count: 2
2025-01-20 13:57:15.494: [INFO][SyncManagerImpl::ConfigureSyncer] Types to download:  with reason: 4
2025-01-20 13:57:15.494: [INFO][SyncEngineBackend::DoFinishConfigureDataTypes] Failed to download types:  and succeeded types: 
2025-01-20 13:57:15.494: [INFO][Sync] ConfigurationDone, failed: , succeeded: , remaining count: 1
2025-01-20 13:57:15.495: [INFO][SyncManagerImpl::ConfigureSyncer] Types to download:  with reason: 4
2025-01-20 13:57:15.495: [INFO][SyncEngineBackend::DoFinishConfigureDataTypes] Failed to download types:  and succeeded types: 
2025-01-20 13:57:15.495: [INFO][Sync] ConfigurationDone, failed: , succeeded: , remaining count: 0
2025-01-20 13:57:15.496: [INFO][Sync]     Configuration completed, state: 3
2025-01-20 13:57:15.496: [INFO][Sync] Configured DataTypeManager: Ok
2025-01-20 13:57:15.497: [INFO][SyncEngineBackend::DoStartSyncing] Start syncing
2025-01-20 13:57:16.193: [INFO][SyncAuthManager::SetLastAuthError] Current auth error: None
2025-01-20 13:57:16.193: [INFO][SyncAuthManager::EdgeLogTokenErrorState] Token error with: None for account type: MSA
2025-01-20 13:57:16.193: [INFO][Sync] Credentials changed for: EdgeSyncKeyDataScope
2025-01-20 13:57:16.193: [INFO][SyncEngineBackend::DoUpdateKeyDataCredentials] Update key data credentials
2025-01-20 13:57:16.193: [INFO][SyncEngineBackend::DoUpdateCredentials] Update credentials
2025-01-20 14:02:47.049: [INFO][Sync] Reset engine, reason: 0
2025-01-20 14:02:47.049: [INFO][Sync] Reset engine with reason: 0
2025-01-20 14:07:48.918: [INFO][Sync] SyncState after authenticated was: FeatureCanStart
2025-01-20 14:07:49.792: [INFO][SyncAuthManager::SetLastAuthError] Current auth error: None
2025-01-20 14:07:49.792: [INFO][SyncAuthManager::EdgeLogTokenErrorState] Token error with: None for account type: MSA
2025-01-20 14:07:49.792: [INFO][Sync] Credentials changed for: EdgeSyncKeyDataScope
2025-01-20 14:07:50.580: [INFO][Sync] Try to start sync engine
2025-01-20 14:07:50.583: [INFO][SyncEngineBackend::LoadAndConnectNigoriController] Load and connect Nigori controller
2025-01-20 14:07:50.583: [INFO][SyncEngineBackend::DoInitialize] Control Types added: 
2025-01-20 14:07:50.583: [INFO][SyncManagerImpl::ConfigureSyncer] Types to download:  with reason: 4
2025-01-20 14:07:50.583: [INFO][SyncAuthManager::SetLastAuthError] Current auth error: None
2025-01-20 14:07:50.583: [INFO][SyncAuthManager::EdgeLogTokenErrorState] Token error with: None for account type: MSA
2025-01-20 14:07:50.583: [INFO][Sync] Credentials changed for: EdgeSyncScopeNew
2025-01-20 14:07:50.583: [INFO][SyncEngineBackend::DoUpdateKeyDataCredentials] Update key data credentials
2025-01-20 14:07:50.583: [INFO][SyncEngineBackend::DoUpdateCredentials] Update credentials
2025-01-20 14:07:50.583: [INFO][SyncEngineBackend::DoUpdateKeyDataCredentials] Update key data credentials
2025-01-20 14:07:50.585: [INFO][Sync] Started DataTypeManager configuration, reason: 4
2025-01-20 14:07:50.585: [INFO][Sync] Configuring for: Bookmarks, Preferences, Passwords, Autofill Profiles, Autofill, Extensions, Sessions, Extension settings, History Delete Directives, Device Info, User Consents, Send Tab To Self, Web Apps, History, Collection, Edge E Drop, Edge Hub App Usage, Edge Tab Group, Edge Wallet, Encryption Keys, reason: 4, current state: 0
2025-01-20 14:07:50.585: [INFO][SyncEngineBackend::DoStartConfiguration] Start configuration
2025-01-20 14:07:50.586: [INFO][Sync] Configure, desired: Bookmarks, Preferences, Passwords, Autofill Profiles, Autofill, Extensions, Sessions, Extension settings, History Delete Directives, Device Info, User Consents, Send Tab To Self, Web Apps, History, Collection, Edge E Drop, Edge Hub App Usage, Edge Tab Group, Edge Wallet, Encryption Keys; Allow fail: 
2025-01-20 14:07:50.586: [INFO][Sync] Loading: Bookmarks
2025-01-20 14:07:50.586: [INFO][Sync] Loading: Preferences
2025-01-20 14:07:50.586: [INFO][Sync] Loading: Passwords
2025-01-20 14:07:50.586: [INFO][Sync] Loading: Autofill Profiles
2025-01-20 14:07:50.586: [INFO][Sync] Loading: Autofill
2025-01-20 14:07:50.586: [INFO][Sync] Loading: Extensions
2025-01-20 14:07:50.586: [INFO][Sync] Loading: Sessions
2025-01-20 14:07:50.586: [INFO][Sync] Loading: Extension settings
2025-01-20 14:07:50.586: [INFO][Sync] Loading: History Delete Directives
2025-01-20 14:07:50.586: [INFO][Sync] Loading: Device Info
2025-01-20 14:07:50.586: [INFO][Sync] Loading: User Consents
2025-01-20 14:07:50.586: [INFO][Sync] Loading: Send Tab To Self
2025-01-20 14:07:50.586: [INFO][Sync] Loading: Web Apps
2025-01-20 14:07:50.586: [INFO][Sync] Loading: History
2025-01-20 14:07:50.586: [INFO][Sync] Loading: Collection
2025-01-20 14:07:50.586: [INFO][Sync] Loading: Edge E Drop
2025-01-20 14:07:50.586: [INFO][Sync] Loading: Edge Hub App Usage
2025-01-20 14:07:50.586: [INFO][Sync] Loading: Edge Tab Group
2025-01-20 14:07:50.586: [INFO][Sync] Loading: Edge Wallet
2025-01-20 14:07:50.591: [INFO][Sync] All data types are ready for configure.
2025-01-20 14:07:50.591: [INFO][SyncManagerImpl::ConfigureSyncer] Types to download:  with reason: 4
2025-01-20 14:07:50.591: [INFO][SyncEngineBackend::DoFinishConfigureDataTypes] Failed to download types:  and succeeded types: 
2025-01-20 14:07:50.592: [INFO][Sync] ConfigurationDone, failed: , succeeded: , remaining count: 4
2025-01-20 14:07:50.592: [INFO][SyncManagerImpl::ConfigureSyncer] Types to download:  with reason: 4
2025-01-20 14:07:50.592: [INFO][SyncEngineBackend::DoFinishConfigureDataTypes] Failed to download types:  and succeeded types: 
2025-01-20 14:07:50.592: [INFO][Sync] ConfigurationDone, failed: , succeeded: , remaining count: 3
2025-01-20 14:07:50.592: [INFO][SyncManagerImpl::ConfigureSyncer] Types to download:  with reason: 4
2025-01-20 14:07:50.592: [INFO][SyncEngineBackend::DoFinishConfigureDataTypes] Failed to download types:  and succeeded types: 
2025-01-20 14:07:50.592: [INFO][Sync] ConfigurationDone, failed: , succeeded: , remaining count: 2
2025-01-20 14:07:50.592: [INFO][SyncManagerImpl::ConfigureSyncer] Types to download:  with reason: 4
2025-01-20 14:07:50.592: [INFO][SyncEngineBackend::DoFinishConfigureDataTypes] Failed to download types:  and succeeded types: 
2025-01-20 14:07:50.592: [INFO][Sync] ConfigurationDone, failed: , succeeded: , remaining count: 1
2025-01-20 14:07:50.593: [INFO][SyncManagerImpl::ConfigureSyncer] Types to download:  with reason: 4
2025-01-20 14:07:50.593: [INFO][SyncEngineBackend::DoFinishConfigureDataTypes] Failed to download types:  and succeeded types: 
2025-01-20 14:07:50.595: [INFO][Sync] ConfigurationDone, failed: , succeeded: , remaining count: 0
2025-01-20 14:07:50.596: [INFO][Sync]     Configuration completed, state: 3
2025-01-20 14:07:50.596: [INFO][Sync] Configured DataTypeManager: Ok
2025-01-20 14:07:50.597: [INFO][SyncEngineBackend::DoStartSyncing] Start syncing
2025-01-20 15:00:50.191: [INFO][Sync] SyncState after authenticated was: FeatureCanStart
2025-01-20 15:00:51.231: [INFO][Sync] Try to start sync engine
2025-01-20 15:00:51.232: [INFO][SyncAuthManager::SetLastAuthError] Current auth error: None
2025-01-20 15:00:51.232: [INFO][SyncAuthManager::EdgeLogTokenErrorState] Token error with: None for account type: MSA
2025-01-20 15:00:51.232: [INFO][Sync] Credentials changed for: EdgeSyncScopeNew
2025-01-20 15:00:51.234: [INFO][SyncEngineBackend::LoadAndConnectNigoriController] Load and connect Nigori controller
2025-01-20 15:00:51.234: [INFO][SyncEngineBackend::DoInitialize] Control Types added: 
2025-01-20 15:00:51.234: [INFO][SyncManagerImpl::ConfigureSyncer] Types to download:  with reason: 4
2025-01-20 15:00:51.236: [INFO][Sync] Started DataTypeManager configuration, reason: 4
2025-01-20 15:00:51.236: [INFO][Sync] Configuring for: Bookmarks, Preferences, Passwords, Autofill Profiles, Autofill, Extensions, Sessions, Extension settings, History Delete Directives, Device Info, User Consents, Send Tab To Self, Web Apps, History, Collection, Edge E Drop, Edge Hub App Usage, Edge Tab Group, Edge Wallet, Encryption Keys, reason: 4, current state: 0
2025-01-20 15:00:51.236: [INFO][SyncEngineBackend::DoStartConfiguration] Start configuration
2025-01-20 15:00:51.237: [INFO][Sync] Configure, desired: Bookmarks, Preferences, Passwords, Autofill Profiles, Autofill, Extensions, Sessions, Extension settings, History Delete Directives, Device Info, User Consents, Send Tab To Self, Web Apps, History, Collection, Edge E Drop, Edge Hub App Usage, Edge Tab Group, Edge Wallet, Encryption Keys; Allow fail: 
2025-01-20 15:00:51.237: [INFO][Sync] Loading: Bookmarks
2025-01-20 15:00:51.237: [INFO][Sync] Loading: Preferences
2025-01-20 15:00:51.237: [INFO][Sync] Loading: Passwords
2025-01-20 15:00:51.237: [INFO][Sync] Loading: Autofill Profiles
2025-01-20 15:00:51.237: [INFO][Sync] Loading: Autofill
2025-01-20 15:00:51.237: [INFO][Sync] Loading: Extensions
2025-01-20 15:00:51.237: [INFO][Sync] Loading: Sessions
2025-01-20 15:00:51.237: [INFO][Sync] Loading: Extension settings
2025-01-20 15:00:51.237: [INFO][Sync] Loading: History Delete Directives
2025-01-20 15:00:51.237: [INFO][Sync] Loading: Device Info
2025-01-20 15:00:51.237: [INFO][Sync] Loading: User Consents
2025-01-20 15:00:51.237: [INFO][Sync] Loading: Send Tab To Self
2025-01-20 15:00:51.237: [INFO][Sync] Loading: Web Apps
2025-01-20 15:00:51.237: [INFO][Sync] Loading: History
2025-01-20 15:00:51.237: [INFO][Sync] Loading: Collection
2025-01-20 15:00:51.237: [INFO][Sync] Loading: Edge E Drop
2025-01-20 15:00:51.237: [INFO][Sync] Loading: Edge Hub App Usage
2025-01-20 15:00:51.237: [INFO][Sync] Loading: Edge Tab Group
2025-01-20 15:00:51.237: [INFO][Sync] Loading: Edge Wallet
2025-01-20 15:00:51.243: [INFO][Sync] All data types are ready for configure.
2025-01-20 15:00:51.244: [INFO][SyncManagerImpl::ConfigureSyncer] Types to download:  with reason: 4
2025-01-20 15:00:51.244: [INFO][SyncEngineBackend::DoFinishConfigureDataTypes] Failed to download types:  and succeeded types: 
2025-01-20 15:00:51.244: [INFO][Sync] ConfigurationDone, failed: , succeeded: , remaining count: 4
2025-01-20 15:00:51.244: [INFO][SyncManagerImpl::ConfigureSyncer] Types to download:  with reason: 4
2025-01-20 15:00:51.244: [INFO][SyncEngineBackend::DoFinishConfigureDataTypes] Failed to download types:  and succeeded types: 
2025-01-20 15:00:51.244: [INFO][Sync] ConfigurationDone, failed: , succeeded: , remaining count: 3
2025-01-20 15:00:51.244: [INFO][SyncManagerImpl::ConfigureSyncer] Types to download:  with reason: 4
2025-01-20 15:00:51.244: [INFO][SyncEngineBackend::DoFinishConfigureDataTypes] Failed to download types:  and succeeded types: 
2025-01-20 15:00:51.244: [INFO][Sync] ConfigurationDone, failed: , succeeded: , remaining count: 2
2025-01-20 15:00:51.244: [INFO][SyncManagerImpl::ConfigureSyncer] Types to download:  with reason: 4
2025-01-20 15:00:51.244: [INFO][SyncEngineBackend::DoFinishConfigureDataTypes] Failed to download types:  and succeeded types: 
2025-01-20 15:00:51.244: [INFO][Sync] ConfigurationDone, failed: , succeeded: , remaining count: 1
2025-01-20 15:00:51.245: [INFO][SyncManagerImpl::ConfigureSyncer] Types to download:  with reason: 4
2025-01-20 15:00:51.245: [INFO][SyncEngineBackend::DoFinishConfigureDataTypes] Failed to download types:  and succeeded types: 
2025-01-20 15:00:51.245: [INFO][Sync] ConfigurationDone, failed: , succeeded: , remaining count: 0
2025-01-20 15:00:51.245: [INFO][Sync]     Configuration completed, state: 3
2025-01-20 15:00:51.245: [INFO][Sync] Configured DataTypeManager: Ok
2025-01-20 15:00:51.246: [INFO][SyncEngineBackend::DoStartSyncing] Start syncing
2025-01-20 15:00:51.676: [INFO][SyncAuthManager::SetLastAuthError] Current auth error: None
2025-01-20 15:00:51.676: [INFO][SyncAuthManager::EdgeLogTokenErrorState] Token error with: None for account type: MSA
2025-01-20 15:00:51.676: [INFO][Sync] Credentials changed for: EdgeSyncKeyDataScope
2025-01-20 15:00:51.677: [INFO][SyncEngineBackend::DoUpdateKeyDataCredentials] Update key data credentials
2025-01-20 15:00:51.677: [INFO][SyncEngineBackend::DoUpdateCredentials] Update credentials
2025-01-20 15:16:37.108: [INFO][Sync] SyncState after authenticated was: FeatureCanStart
2025-01-20 15:16:37.942: [INFO][SyncAuthManager::SetLastAuthError] Current auth error: None
2025-01-20 15:16:37.942: [INFO][SyncAuthManager::EdgeLogTokenErrorState] Token error with: None for account type: MSA
2025-01-20 15:16:37.942: [INFO][Sync] Credentials changed for: EdgeSyncKeyDataScope
2025-01-20 15:16:38.949: [INFO][Sync] Try to start sync engine
2025-01-20 15:16:38.956: [INFO][SyncAuthManager::SetLastAuthError] Current auth error: None
2025-01-20 15:16:38.956: [INFO][SyncAuthManager::EdgeLogTokenErrorState] Token error with: None for account type: MSA
2025-01-20 15:16:38.956: [INFO][Sync] Credentials changed for: EdgeSyncScopeNew
2025-01-20 15:16:38.957: [INFO][SyncEngineBackend::LoadAndConnectNigoriController] Load and connect Nigori controller
2025-01-20 15:16:38.957: [INFO][SyncEngineBackend::DoInitialize] Control Types added: 
2025-01-20 15:16:38.957: [INFO][SyncManagerImpl::ConfigureSyncer] Types to download:  with reason: 4
2025-01-20 15:16:38.957: [INFO][SyncEngineBackend::DoUpdateKeyDataCredentials] Update key data credentials
2025-01-20 15:16:38.957: [INFO][SyncEngineBackend::DoUpdateCredentials] Update credentials
2025-01-20 15:16:38.957: [INFO][SyncEngineBackend::DoUpdateKeyDataCredentials] Update key data credentials
2025-01-20 15:16:38.965: [INFO][Sync] Started DataTypeManager configuration, reason: 4
2025-01-20 15:16:38.965: [INFO][Sync] Configuring for: Bookmarks, Preferences, Passwords, Autofill Profiles, Autofill, Extensions, Sessions, Extension settings, History Delete Directives, Device Info, User Consents, Send Tab To Self, Web Apps, History, Collection, Edge E Drop, Edge Hub App Usage, Edge Tab Group, Edge Wallet, Encryption Keys, reason: 4, current state: 0
2025-01-20 15:16:38.965: [INFO][SyncEngineBackend::DoStartConfiguration] Start configuration
2025-01-20 15:16:38.966: [INFO][Sync] Configure, desired: Bookmarks, Preferences, Passwords, Autofill Profiles, Autofill, Extensions, Sessions, Extension settings, History Delete Directives, Device Info, User Consents, Send Tab To Self, Web Apps, History, Collection, Edge E Drop, Edge Hub App Usage, Edge Tab Group, Edge Wallet, Encryption Keys; Allow fail: 
2025-01-20 15:16:38.966: [INFO][Sync] Loading: Bookmarks
2025-01-20 15:16:38.966: [INFO][Sync] Loading: Preferences
2025-01-20 15:16:38.966: [INFO][Sync] Loading: Passwords
2025-01-20 15:16:38.966: [INFO][Sync] Loading: Autofill Profiles
2025-01-20 15:16:38.966: [INFO][Sync] Loading: Autofill
2025-01-20 15:16:38.966: [INFO][Sync] Loading: Extensions
2025-01-20 15:16:38.966: [INFO][Sync] Loading: Sessions
2025-01-20 15:16:38.966: [INFO][Sync] Loading: Extension settings
2025-01-20 15:16:38.966: [INFO][Sync] Loading: History Delete Directives
2025-01-20 15:16:38.966: [INFO][Sync] Loading: Device Info
2025-01-20 15:16:38.966: [INFO][Sync] Loading: User Consents
2025-01-20 15:16:38.966: [INFO][Sync] Loading: Send Tab To Self
2025-01-20 15:16:38.966: [INFO][Sync] Loading: Web Apps
2025-01-20 15:16:38.966: [INFO][Sync] Loading: History
2025-01-20 15:16:38.966: [INFO][Sync] Loading: Collection
2025-01-20 15:16:38.966: [INFO][Sync] Loading: Edge E Drop
2025-01-20 15:16:38.966: [INFO][Sync] Loading: Edge Hub App Usage
2025-01-20 15:16:38.966: [INFO][Sync] Loading: Edge Tab Group
2025-01-20 15:16:38.966: [INFO][Sync] Loading: Edge Wallet
2025-01-20 15:16:38.970: [INFO][Sync] All data types are ready for configure.
2025-01-20 15:16:38.970: [INFO][SyncManagerImpl::ConfigureSyncer] Types to download:  with reason: 4
2025-01-20 15:16:38.970: [INFO][SyncEngineBackend::DoFinishConfigureDataTypes] Failed to download types:  and succeeded types: 
2025-01-20 15:16:38.977: [INFO][Sync] ConfigurationDone, failed: , succeeded: , remaining count: 4
2025-01-20 15:16:38.977: [INFO][SyncManagerImpl::ConfigureSyncer] Types to download:  with reason: 4
2025-01-20 15:16:38.977: [INFO][SyncEngineBackend::DoFinishConfigureDataTypes] Failed to download types:  and succeeded types: 
2025-01-20 15:16:38.977: [INFO][Sync] ConfigurationDone, failed: , succeeded: , remaining count: 3
2025-01-20 15:16:38.977: [INFO][SyncManagerImpl::ConfigureSyncer] Types to download:  with reason: 4
2025-01-20 15:16:38.977: [INFO][SyncEngineBackend::DoFinishConfigureDataTypes] Failed to download types:  and succeeded types: 
2025-01-20 15:16:38.977: [INFO][Sync] ConfigurationDone, failed: , succeeded: , remaining count: 2
2025-01-20 15:16:38.977: [INFO][SyncManagerImpl::ConfigureSyncer] Types to download:  with reason: 4
2025-01-20 15:16:38.977: [INFO][SyncEngineBackend::DoFinishConfigureDataTypes] Failed to download types:  and succeeded types: 
2025-01-20 15:16:38.977: [INFO][Sync] ConfigurationDone, failed: , succeeded: , remaining count: 1
2025-01-20 15:16:38.979: [INFO][SyncManagerImpl::ConfigureSyncer] Types to download:  with reason: 4
2025-01-20 15:16:38.979: [INFO][SyncEngineBackend::DoFinishConfigureDataTypes] Failed to download types:  and succeeded types: 
2025-01-20 15:16:38.979: [INFO][Sync] ConfigurationDone, failed: , succeeded: , remaining count: 0
2025-01-20 15:16:38.980: [INFO][Sync]     Configuration completed, state: 3
2025-01-20 15:16:38.981: [INFO][Sync] Configured DataTypeManager: Ok
2025-01-20 15:16:38.982: [INFO][SyncEngineBackend::DoStartSyncing] Start syncing
2025-01-20 15:32:34.664: [INFO][Sync] SyncState after authenticated was: FeatureCanStart
2025-01-20 15:32:34.987: [INFO][Sync] Try to start sync engine
2025-01-20 15:32:34.988: [INFO][SyncAuthManager::SetLastAuthError] Current auth error: None
2025-01-20 15:32:34.988: [INFO][SyncAuthManager::EdgeLogTokenErrorState] Token error with: None for account type: MSA
2025-01-20 15:32:34.988: [INFO][Sync] Credentials changed for: EdgeSyncScopeNew
2025-01-20 15:32:34.989: [INFO][SyncEngineBackend::LoadAndConnectNigoriController] Load and connect Nigori controller
2025-01-20 15:32:34.989: [INFO][SyncEngineBackend::DoInitialize] Control Types added: 
2025-01-20 15:32:34.989: [INFO][SyncManagerImpl::ConfigureSyncer] Types to download:  with reason: 4
2025-01-20 15:32:34.992: [INFO][Sync] Started DataTypeManager configuration, reason: 4
2025-01-20 15:32:34.992: [INFO][Sync] Configuring for: Bookmarks, Preferences, Passwords, Autofill Profiles, Autofill, Extensions, Sessions, Extension settings, History Delete Directives, Device Info, User Consents, Send Tab To Self, Web Apps, History, Collection, Edge E Drop, Edge Hub App Usage, Edge Tab Group, Edge Wallet, Encryption Keys, reason: 4, current state: 0
2025-01-20 15:32:34.992: [INFO][SyncEngineBackend::DoStartConfiguration] Start configuration
2025-01-20 15:32:34.993: [INFO][Sync] Configure, desired: Bookmarks, Preferences, Passwords, Autofill Profiles, Autofill, Extensions, Sessions, Extension settings, History Delete Directives, Device Info, User Consents, Send Tab To Self, Web Apps, History, Collection, Edge E Drop, Edge Hub App Usage, Edge Tab Group, Edge Wallet, Encryption Keys; Allow fail: 
2025-01-20 15:32:34.993: [INFO][Sync] Loading: Bookmarks
2025-01-20 15:32:34.993: [INFO][Sync] Loading: Preferences
2025-01-20 15:32:34.993: [INFO][Sync] Loading: Passwords
2025-01-20 15:32:34.993: [INFO][Sync] Loading: Autofill Profiles
2025-01-20 15:32:34.993: [INFO][Sync] Loading: Autofill
2025-01-20 15:32:34.993: [INFO][Sync] Loading: Extensions
2025-01-20 15:32:34.993: [INFO][Sync] Loading: Sessions
2025-01-20 15:32:34.993: [INFO][Sync] Loading: Extension settings
2025-01-20 15:32:34.993: [INFO][Sync] Loading: History Delete Directives
2025-01-20 15:32:34.993: [INFO][Sync] Loading: Device Info
2025-01-20 15:32:34.993: [INFO][Sync] Loading: User Consents
2025-01-20 15:32:34.993: [INFO][Sync] Loading: Send Tab To Self
2025-01-20 15:32:34.993: [INFO][Sync] Loading: Web Apps
2025-01-20 15:32:34.993: [INFO][Sync] Loading: History
2025-01-20 15:32:34.993: [INFO][Sync] Loading: Collection
2025-01-20 15:32:34.993: [INFO][Sync] Loading: Edge E Drop
2025-01-20 15:32:34.993: [INFO][Sync] Loading: Edge Hub App Usage
2025-01-20 15:32:34.993: [INFO][Sync] Loading: Edge Tab Group
2025-01-20 15:32:34.993: [INFO][Sync] Loading: Edge Wallet
2025-01-20 15:32:34.997: [INFO][Sync] All data types are ready for configure.
2025-01-20 15:32:34.997: [INFO][SyncManagerImpl::ConfigureSyncer] Types to download:  with reason: 4
2025-01-20 15:32:34.998: [INFO][SyncEngineBackend::DoFinishConfigureDataTypes] Failed to download types:  and succeeded types: 
2025-01-20 15:32:34.998: [INFO][Sync] ConfigurationDone, failed: , succeeded: , remaining count: 4
2025-01-20 15:32:34.998: [INFO][SyncManagerImpl::ConfigureSyncer] Types to download:  with reason: 4
2025-01-20 15:32:34.998: [INFO][SyncEngineBackend::DoFinishConfigureDataTypes] Failed to download types:  and succeeded types: 
2025-01-20 15:32:34.998: [INFO][Sync] ConfigurationDone, failed: , succeeded: , remaining count: 3
2025-01-20 15:32:34.998: [INFO][SyncManagerImpl::ConfigureSyncer] Types to download:  with reason: 4
2025-01-20 15:32:34.998: [INFO][SyncEngineBackend::DoFinishConfigureDataTypes] Failed to download types:  and succeeded types: 
2025-01-20 15:32:34.998: [INFO][Sync] ConfigurationDone, failed: , succeeded: , remaining count: 2
2025-01-20 15:32:34.998: [INFO][SyncManagerImpl::ConfigureSyncer] Types to download:  with reason: 4
2025-01-20 15:32:34.998: [INFO][SyncEngineBackend::DoFinishConfigureDataTypes] Failed to download types:  and succeeded types: 
2025-01-20 15:32:34.998: [INFO][Sync] ConfigurationDone, failed: , succeeded: , remaining count: 1
2025-01-20 15:32:34.999: [INFO][SyncManagerImpl::ConfigureSyncer] Types to download:  with reason: 4
2025-01-20 15:32:34.999: [INFO][SyncEngineBackend::DoFinishConfigureDataTypes] Failed to download types:  and succeeded types: 
2025-01-20 15:32:35.000: [INFO][Sync] ConfigurationDone, failed: , succeeded: , remaining count: 0
2025-01-20 15:32:35.001: [INFO][Sync]     Configuration completed, state: 3
2025-01-20 15:32:35.001: [INFO][Sync] Configured DataTypeManager: Ok
2025-01-20 15:32:35.002: [INFO][SyncEngineBackend::DoStartSyncing] Start syncing
2025-01-20 15:32:35.316: [INFO][SyncAuthManager::SetLastAuthError] Current auth error: None
2025-01-20 15:32:35.316: [INFO][SyncAuthManager::EdgeLogTokenErrorState] Token error with: None for account type: MSA
2025-01-20 15:32:35.316: [INFO][Sync] Credentials changed for: EdgeSyncKeyDataScope
2025-01-20 15:32:35.316: [INFO][SyncEngineBackend::DoUpdateKeyDataCredentials] Update key data credentials
2025-01-20 15:32:35.316: [INFO][SyncEngineBackend::DoUpdateCredentials] Update credentials
2025-01-20 16:04:24.355: [INFO][Sync] SyncState after authenticated was: FeatureCanStart
2025-01-20 16:04:25.074: [INFO][SyncAuthManager::SetLastAuthError] Current auth error: None
2025-01-20 16:04:25.074: [INFO][SyncAuthManager::EdgeLogTokenErrorState] Token error with: None for account type: MSA
2025-01-20 16:04:25.074: [INFO][Sync] Credentials changed for: EdgeSyncKeyDataScope
2025-01-20 16:04:25.183: [INFO][Sync] Try to start sync engine
2025-01-20 16:04:25.184: [INFO][SyncAuthManager::SetLastAuthError] Current auth error: None
2025-01-20 16:04:25.184: [INFO][SyncAuthManager::EdgeLogTokenErrorState] Token error with: None for account type: MSA
2025-01-20 16:04:25.184: [INFO][Sync] Credentials changed for: EdgeSyncScopeNew
2025-01-20 16:04:25.185: [INFO][SyncEngineBackend::LoadAndConnectNigoriController] Load and connect Nigori controller
2025-01-20 16:04:25.185: [INFO][SyncEngineBackend::DoInitialize] Control Types added: 
2025-01-20 16:04:25.185: [INFO][SyncManagerImpl::ConfigureSyncer] Types to download:  with reason: 4
2025-01-20 16:04:25.185: [INFO][SyncEngineBackend::DoUpdateKeyDataCredentials] Update key data credentials
2025-01-20 16:04:25.185: [INFO][SyncEngineBackend::DoUpdateCredentials] Update credentials
2025-01-20 16:04:25.185: [INFO][SyncEngineBackend::DoUpdateKeyDataCredentials] Update key data credentials
2025-01-20 16:04:25.187: [INFO][Sync] Started DataTypeManager configuration, reason: 4
2025-01-20 16:04:25.187: [INFO][Sync] Configuring for: Bookmarks, Preferences, Passwords, Autofill Profiles, Autofill, Extensions, Sessions, Extension settings, History Delete Directives, Device Info, User Consents, Send Tab To Self, Web Apps, History, Collection, Edge E Drop, Edge Hub App Usage, Edge Tab Group, Edge Wallet, Encryption Keys, reason: 4, current state: 0
2025-01-20 16:04:25.187: [INFO][SyncEngineBackend::DoStartConfiguration] Start configuration
2025-01-20 16:04:25.187: [INFO][Sync] Configure, desired: Bookmarks, Preferences, Passwords, Autofill Profiles, Autofill, Extensions, Sessions, Extension settings, History Delete Directives, Device Info, User Consents, Send Tab To Self, Web Apps, History, Collection, Edge E Drop, Edge Hub App Usage, Edge Tab Group, Edge Wallet, Encryption Keys; Allow fail: 
2025-01-20 16:04:25.187: [INFO][Sync] Loading: Bookmarks
2025-01-20 16:04:25.187: [INFO][Sync] Loading: Preferences
2025-01-20 16:04:25.187: [INFO][Sync] Loading: Passwords
2025-01-20 16:04:25.187: [INFO][Sync] Loading: Autofill Profiles
2025-01-20 16:04:25.187: [INFO][Sync] Loading: Autofill
2025-01-20 16:04:25.187: [INFO][Sync] Loading: Extensions
2025-01-20 16:04:25.187: [INFO][Sync] Loading: Sessions
2025-01-20 16:04:25.187: [INFO][Sync] Loading: Extension settings
2025-01-20 16:04:25.187: [INFO][Sync] Loading: History Delete Directives
2025-01-20 16:04:25.187: [INFO][Sync] Loading: Device Info
2025-01-20 16:04:25.187: [INFO][Sync] Loading: User Consents
2025-01-20 16:04:25.187: [INFO][Sync] Loading: Send Tab To Self
2025-01-20 16:04:25.187: [INFO][Sync] Loading: Web Apps
2025-01-20 16:04:25.187: [INFO][Sync] Loading: History
2025-01-20 16:04:25.187: [INFO][Sync] Loading: Collection
2025-01-20 16:04:25.187: [INFO][Sync] Loading: Edge E Drop
2025-01-20 16:04:25.187: [INFO][Sync] Loading: Edge Hub App Usage
2025-01-20 16:04:25.187: [INFO][Sync] Loading: Edge Tab Group
2025-01-20 16:04:25.187: [INFO][Sync] Loading: Edge Wallet
2025-01-20 16:04:25.190: [INFO][Sync] All data types are ready for configure.
2025-01-20 16:04:25.190: [INFO][SyncManagerImpl::ConfigureSyncer] Types to download:  with reason: 4
2025-01-20 16:04:25.190: [INFO][SyncEngineBackend::DoFinishConfigureDataTypes] Failed to download types:  and succeeded types: 
2025-01-20 16:04:25.190: [INFO][Sync] ConfigurationDone, failed: , succeeded: , remaining count: 4
2025-01-20 16:04:25.190: [INFO][SyncManagerImpl::ConfigureSyncer] Types to download:  with reason: 4
2025-01-20 16:04:25.190: [INFO][SyncEngineBackend::DoFinishConfigureDataTypes] Failed to download types:  and succeeded types: 
2025-01-20 16:04:25.190: [INFO][Sync] ConfigurationDone, failed: , succeeded: , remaining count: 3
2025-01-20 16:04:25.190: [INFO][SyncManagerImpl::ConfigureSyncer] Types to download:  with reason: 4
2025-01-20 16:04:25.190: [INFO][SyncEngineBackend::DoFinishConfigureDataTypes] Failed to download types:  and succeeded types: 
2025-01-20 16:04:25.190: [INFO][Sync] ConfigurationDone, failed: , succeeded: , remaining count: 2
2025-01-20 16:04:25.190: [INFO][SyncManagerImpl::ConfigureSyncer] Types to download:  with reason: 4
2025-01-20 16:04:25.190: [INFO][SyncEngineBackend::DoFinishConfigureDataTypes] Failed to download types:  and succeeded types: 
2025-01-20 16:04:25.190: [INFO][Sync] ConfigurationDone, failed: , succeeded: , remaining count: 1
2025-01-20 16:04:25.191: [INFO][SyncManagerImpl::ConfigureSyncer] Types to download:  with reason: 4
2025-01-20 16:04:25.191: [INFO][SyncEngineBackend::DoFinishConfigureDataTypes] Failed to download types:  and succeeded types: 
2025-01-20 16:04:25.191: [INFO][Sync] ConfigurationDone, failed: , succeeded: , remaining count: 0
2025-01-20 16:04:25.192: [INFO][Sync]     Configuration completed, state: 3
2025-01-20 16:04:25.192: [INFO][Sync] Configured DataTypeManager: Ok
2025-01-20 16:04:25.194: [INFO][SyncEngineBackend::DoStartSyncing] Start syncing
2025-01-20 16:40:52.302: [INFO][Sync] SyncState after authenticated was: FeatureCanStart
2025-01-20 16:40:53.694: [INFO][SyncAuthManager::SetLastAuthError] Current auth error: None
2025-01-20 16:40:53.694: [INFO][SyncAuthManager::EdgeLogTokenErrorState] Token error with: None for account type: MSA
2025-01-20 16:40:53.694: [INFO][Sync] Credentials changed for: EdgeSyncKeyDataScope
2025-01-20 16:40:54.449: [INFO][Sync] Try to start sync engine
2025-01-20 16:40:54.457: [INFO][SyncAuthManager::SetLastAuthError] Current auth error: None
2025-01-20 16:40:54.461: [INFO][SyncEngineBackend::LoadAndConnectNigoriController] Load and connect Nigori controller
2025-01-20 16:40:54.461: [INFO][SyncEngineBackend::DoInitialize] Control Types added: 
2025-01-20 16:40:54.461: [INFO][SyncManagerImpl::ConfigureSyncer] Types to download:  with reason: 4
2025-01-20 16:40:54.464: [INFO][SyncAuthManager::EdgeLogTokenErrorState] Token error with: None for account type: MSA
2025-01-20 16:40:54.464: [INFO][Sync] Credentials changed for: EdgeSyncScopeNew
2025-01-20 16:40:54.464: [INFO][SyncEngineBackend::DoUpdateKeyDataCredentials] Update key data credentials
2025-01-20 16:40:54.464: [INFO][SyncEngineBackend::DoUpdateCredentials] Update credentials
2025-01-20 16:40:54.464: [INFO][SyncEngineBackend::DoUpdateKeyDataCredentials] Update key data credentials
2025-01-20 16:40:54.472: [INFO][Sync] Started DataTypeManager configuration, reason: 4
2025-01-20 16:40:54.472: [INFO][Sync] Configuring for: Bookmarks, Preferences, Passwords, Autofill Profiles, Autofill, Extensions, Sessions, Extension settings, History Delete Directives, Device Info, User Consents, Send Tab To Self, Web Apps, History, Collection, Edge E Drop, Edge Hub App Usage, Edge Tab Group, Edge Wallet, Encryption Keys, reason: 4, current state: 0
2025-01-20 16:40:54.472: [INFO][SyncEngineBackend::DoStartConfiguration] Start configuration
2025-01-20 16:40:54.474: [INFO][Sync] Configure, desired: Bookmarks, Preferences, Passwords, Autofill Profiles, Autofill, Extensions, Sessions, Extension settings, History Delete Directives, Device Info, User Consents, Send Tab To Self, Web Apps, History, Collection, Edge E Drop, Edge Hub App Usage, Edge Tab Group, Edge Wallet, Encryption Keys; Allow fail: 
2025-01-20 16:40:54.474: [INFO][Sync] Loading: Bookmarks
2025-01-20 16:40:54.474: [INFO][Sync] Loading: Preferences
2025-01-20 16:40:54.474: [INFO][Sync] Loading: Passwords
2025-01-20 16:40:54.474: [INFO][Sync] Loading: Autofill Profiles
2025-01-20 16:40:54.474: [INFO][Sync] Loading: Autofill
2025-01-20 16:40:54.474: [INFO][Sync] Loading: Extensions
2025-01-20 16:40:54.474: [INFO][Sync] Loading: Sessions
2025-01-20 16:40:54.474: [INFO][Sync] Loading: Extension settings
2025-01-20 16:40:54.474: [INFO][Sync] Loading: History Delete Directives
2025-01-20 16:40:54.474: [INFO][Sync] Loading: Device Info
2025-01-20 16:40:54.474: [INFO][Sync] Loading: User Consents
2025-01-20 16:40:54.474: [INFO][Sync] Loading: Send Tab To Self
2025-01-20 16:40:54.474: [INFO][Sync] Loading: Web Apps
2025-01-20 16:40:54.474: [INFO][Sync] Loading: History
2025-01-20 16:40:54.474: [INFO][Sync] Loading: Collection
2025-01-20 16:40:54.474: [INFO][Sync] Loading: Edge E Drop
2025-01-20 16:40:54.474: [INFO][Sync] Loading: Edge Hub App Usage
2025-01-20 16:40:54.474: [INFO][Sync] Loading: Edge Tab Group
2025-01-20 16:40:54.474: [INFO][Sync] Loading: Edge Wallet
2025-01-20 16:40:54.487: [INFO][Sync] All data types are ready for configure.
2025-01-20 16:40:54.487: [INFO][SyncManagerImpl::ConfigureSyncer] Types to download:  with reason: 4
2025-01-20 16:40:54.487: [INFO][SyncEngineBackend::DoFinishConfigureDataTypes] Failed to download types:  and succeeded types: 
2025-01-20 16:40:54.490: [INFO][Sync] ConfigurationDone, failed: , succeeded: , remaining count: 4
2025-01-20 16:40:54.490: [INFO][SyncManagerImpl::ConfigureSyncer] Types to download:  with reason: 4
2025-01-20 16:40:54.490: [INFO][SyncEngineBackend::DoFinishConfigureDataTypes] Failed to download types:  and succeeded types: 
2025-01-20 16:40:54.490: [INFO][Sync] ConfigurationDone, failed: , succeeded: , remaining count: 3
2025-01-20 16:40:54.490: [INFO][SyncManagerImpl::ConfigureSyncer] Types to download:  with reason: 4
2025-01-20 16:40:54.490: [INFO][SyncEngineBackend::DoFinishConfigureDataTypes] Failed to download types:  and succeeded types: 
2025-01-20 16:40:54.490: [INFO][Sync] ConfigurationDone, failed: , succeeded: , remaining count: 2
2025-01-20 16:40:54.490: [INFO][SyncManagerImpl::ConfigureSyncer] Types to download:  with reason: 4
2025-01-20 16:40:54.490: [INFO][SyncEngineBackend::DoFinishConfigureDataTypes] Failed to download types:  and succeeded types: 
2025-01-20 16:40:54.490: [INFO][Sync] ConfigurationDone, failed: , succeeded: , remaining count: 1
2025-01-20 16:40:54.491: [INFO][SyncManagerImpl::ConfigureSyncer] Types to download:  with reason: 4
2025-01-20 16:40:54.491: [INFO][SyncEngineBackend::DoFinishConfigureDataTypes] Failed to download types:  and succeeded types: 
2025-01-20 16:40:54.491: [INFO][Sync] ConfigurationDone, failed: , succeeded: , remaining count: 0
2025-01-20 16:40:54.492: [INFO][Sync]     Configuration completed, state: 3
2025-01-20 16:40:54.492: [INFO][Sync] Configured DataTypeManager: Ok
2025-01-20 16:40:54.493: [INFO][SyncEngineBackend::DoStartSyncing] Start syncing
2025-01-20 16:51:49.862: [INFO][Sync] SyncState after authenticated was: FeatureCanStart
2025-01-20 16:51:50.522: [INFO][SyncAuthManager::SetLastAuthError] Current auth error: None
2025-01-20 16:51:50.522: [INFO][SyncAuthManager::EdgeLogTokenErrorState] Token error with: None for account type: MSA
2025-01-20 16:51:50.522: [INFO][Sync] Credentials changed for: EdgeSyncKeyDataScope
2025-01-20 16:51:50.742: [INFO][Sync] Try to start sync engine
2025-01-20 16:51:50.743: [INFO][SyncAuthManager::SetLastAuthError] Current auth error: None
2025-01-20 16:51:50.743: [INFO][SyncAuthManager::EdgeLogTokenErrorState] Token error with: None for account type: MSA
2025-01-20 16:51:50.743: [INFO][Sync] Credentials changed for: EdgeSyncScopeNew
2025-01-20 16:51:50.745: [INFO][SyncEngineBackend::LoadAndConnectNigoriController] Load and connect Nigori controller
2025-01-20 16:51:50.745: [INFO][SyncEngineBackend::DoInitialize] Control Types added: 
2025-01-20 16:51:50.745: [INFO][SyncManagerImpl::ConfigureSyncer] Types to download:  with reason: 4
2025-01-20 16:51:50.745: [INFO][SyncEngineBackend::DoUpdateKeyDataCredentials] Update key data credentials
2025-01-20 16:51:50.745: [INFO][SyncEngineBackend::DoUpdateCredentials] Update credentials
2025-01-20 16:51:50.745: [INFO][SyncEngineBackend::DoUpdateKeyDataCredentials] Update key data credentials
2025-01-20 16:51:50.746: [INFO][Sync] Started DataTypeManager configuration, reason: 4
2025-01-20 16:51:50.746: [INFO][Sync] Configuring for: Bookmarks, Preferences, Passwords, Autofill Profiles, Autofill, Extensions, Sessions, Extension settings, History Delete Directives, Device Info, User Consents, Send Tab To Self, Web Apps, History, Collection, Edge E Drop, Edge Hub App Usage, Edge Tab Group, Edge Wallet, Encryption Keys, reason: 4, current state: 0
2025-01-20 16:51:50.746: [INFO][SyncEngineBackend::DoStartConfiguration] Start configuration
2025-01-20 16:51:50.746: [INFO][Sync] Configure, desired: Bookmarks, Preferences, Passwords, Autofill Profiles, Autofill, Extensions, Sessions, Extension settings, History Delete Directives, Device Info, User Consents, Send Tab To Self, Web Apps, History, Collection, Edge E Drop, Edge Hub App Usage, Edge Tab Group, Edge Wallet, Encryption Keys; Allow fail: 
2025-01-20 16:51:50.746: [INFO][Sync] Loading: Bookmarks
2025-01-20 16:51:50.746: [INFO][Sync] Loading: Preferences
2025-01-20 16:51:50.746: [INFO][Sync] Loading: Passwords
2025-01-20 16:51:50.746: [INFO][Sync] Loading: Autofill Profiles
2025-01-20 16:51:50.746: [INFO][Sync] Loading: Autofill
2025-01-20 16:51:50.746: [INFO][Sync] Loading: Extensions
2025-01-20 16:51:50.746: [INFO][Sync] Loading: Sessions
2025-01-20 16:51:50.746: [INFO][Sync] Loading: Extension settings
2025-01-20 16:51:50.746: [INFO][Sync] Loading: History Delete Directives
2025-01-20 16:51:50.747: [INFO][Sync] Loading: Device Info
2025-01-20 16:51:50.747: [INFO][Sync] Loading: User Consents
2025-01-20 16:51:50.747: [INFO][Sync] Loading: Send Tab To Self
2025-01-20 16:51:50.747: [INFO][Sync] Loading: Web Apps
2025-01-20 16:51:50.747: [INFO][Sync] Loading: History
2025-01-20 16:51:50.747: [INFO][Sync] Loading: Collection
2025-01-20 16:51:50.747: [INFO][Sync] Loading: Edge E Drop
2025-01-20 16:51:50.747: [INFO][Sync] Loading: Edge Hub App Usage
2025-01-20 16:51:50.747: [INFO][Sync] Loading: Edge Tab Group
2025-01-20 16:51:50.747: [INFO][Sync] Loading: Edge Wallet
2025-01-20 16:51:50.748: [INFO][Sync] All data types are ready for configure.
2025-01-20 16:51:50.749: [INFO][SyncManagerImpl::ConfigureSyncer] Types to download:  with reason: 4
2025-01-20 16:51:50.749: [INFO][SyncEngineBackend::DoFinishConfigureDataTypes] Failed to download types:  and succeeded types: 
2025-01-20 16:51:50.749: [INFO][Sync] ConfigurationDone, failed: , succeeded: , remaining count: 4
2025-01-20 16:51:50.749: [INFO][SyncManagerImpl::ConfigureSyncer] Types to download:  with reason: 4
2025-01-20 16:51:50.749: [INFO][SyncEngineBackend::DoFinishConfigureDataTypes] Failed to download types:  and succeeded types: 
2025-01-20 16:51:50.749: [INFO][Sync] ConfigurationDone, failed: , succeeded: , remaining count: 3
2025-01-20 16:51:50.749: [INFO][SyncManagerImpl::ConfigureSyncer] Types to download:  with reason: 4
2025-01-20 16:51:50.749: [INFO][SyncEngineBackend::DoFinishConfigureDataTypes] Failed to download types:  and succeeded types: 
2025-01-20 16:51:50.749: [INFO][Sync] ConfigurationDone, failed: , succeeded: , remaining count: 2
2025-01-20 16:51:50.749: [INFO][SyncManagerImpl::ConfigureSyncer] Types to download:  with reason: 4
2025-01-20 16:51:50.749: [INFO][SyncEngineBackend::DoFinishConfigureDataTypes] Failed to download types:  and succeeded types: 
2025-01-20 16:51:50.749: [INFO][Sync] ConfigurationDone, failed: , succeeded: , remaining count: 1
2025-01-20 16:51:50.749: [INFO][SyncManagerImpl::ConfigureSyncer] Types to download:  with reason: 4
2025-01-20 16:51:50.749: [INFO][SyncEngineBackend::DoFinishConfigureDataTypes] Failed to download types:  and succeeded types: 
2025-01-20 16:51:50.749: [INFO][Sync] ConfigurationDone, failed: , succeeded: , remaining count: 0
2025-01-20 16:51:50.750: [INFO][Sync]     Configuration completed, state: 3
2025-01-20 16:51:50.750: [INFO][Sync] Configured DataTypeManager: Ok
2025-01-20 16:51:50.750: [INFO][SyncEngineBackend::DoStartSyncing] Start syncing
2025-01-21 13:28:04.972: [INFO][Sync] SyncState after authenticated was: FeatureCanStart
2025-01-21 13:28:09.703: [INFO][SyncAuthManager::SetLastAuthError] Current auth error: None
2025-01-21 13:28:09.703: [INFO][SyncAuthManager::EdgeLogTokenErrorState] Token error with: None for account type: MSA
2025-01-21 13:28:09.703: [INFO][Sync] Credentials changed for: EdgeSyncKeyDataScope
2025-01-21 13:28:11.566: [INFO][Sync] Try to start sync engine
2025-01-21 13:28:11.631: [INFO][SyncEngineBackend::LoadAndConnectNigoriController] Load and connect Nigori controller
2025-01-21 13:28:11.631: [INFO][SyncEngineBackend::DoInitialize] Control Types added: 
2025-01-21 13:28:11.631: [INFO][SyncManagerImpl::ConfigureSyncer] Types to download:  with reason: 4
2025-01-21 13:28:11.631: [INFO][SyncEngineBackend::DoUpdateKeyDataCredentials] Update key data credentials
2025-01-21 13:28:11.834: [INFO][Sync] Started DataTypeManager configuration, reason: 4
2025-01-21 13:28:11.834: [INFO][Sync] Configuring for: Bookmarks, Preferences, Passwords, Autofill Profiles, Autofill, Extensions, Sessions, Extension settings, History Delete Directives, Device Info, User Consents, Send Tab To Self, Web Apps, History, Collection, Edge E Drop, Edge Hub App Usage, Edge Tab Group, Edge Wallet, Encryption Keys, reason: 4, current state: 0
2025-01-21 13:28:11.834: [INFO][SyncEngineBackend::DoStartConfiguration] Start configuration
2025-01-21 13:28:11.836: [INFO][Sync] Configure, desired: Bookmarks, Preferences, Passwords, Autofill Profiles, Autofill, Extensions, Sessions, Extension settings, History Delete Directives, Device Info, User Consents, Send Tab To Self, Web Apps, History, Collection, Edge E Drop, Edge Hub App Usage, Edge Tab Group, Edge Wallet, Encryption Keys; Allow fail: 
2025-01-21 13:28:11.836: [INFO][Sync] Loading: Bookmarks
2025-01-21 13:28:11.836: [INFO][Sync] Loading: Preferences
2025-01-21 13:28:11.836: [INFO][Sync] Loading: Passwords
2025-01-21 13:28:11.836: [INFO][Sync] Loading: Autofill Profiles
2025-01-21 13:28:11.836: [INFO][Sync] Loading: Autofill
2025-01-21 13:28:11.836: [INFO][Sync] Loading: Extensions
2025-01-21 13:28:11.836: [INFO][Sync] Loading: Sessions
2025-01-21 13:28:11.836: [INFO][Sync] Loading: Extension settings
2025-01-21 13:28:11.836: [INFO][Sync] Loading: History Delete Directives
2025-01-21 13:28:11.836: [INFO][Sync] Loading: Device Info
2025-01-21 13:28:11.836: [INFO][Sync] Loading: User Consents
2025-01-21 13:28:11.836: [INFO][Sync] Loading: Send Tab To Self
2025-01-21 13:28:11.836: [INFO][Sync] Loading: Web Apps
2025-01-21 13:28:11.836: [INFO][Sync] Loading: History
2025-01-21 13:28:11.836: [INFO][Sync] Loading: Collection
2025-01-21 13:28:11.836: [INFO][Sync] Loading: Edge E Drop
2025-01-21 13:28:11.836: [INFO][Sync] Loading: Edge Hub App Usage
2025-01-21 13:28:11.836: [INFO][Sync] Loading: Edge Tab Group
2025-01-21 13:28:11.836: [INFO][Sync] Loading: Edge Wallet
2025-01-21 13:28:11.878: [INFO][Sync] All data types are ready for configure.
2025-01-21 13:28:11.878: [INFO][SyncManagerImpl::ConfigureSyncer] Types to download:  with reason: 4
2025-01-21 13:28:11.878: [INFO][SyncEngineBackend::DoFinishConfigureDataTypes] Failed to download types:  and succeeded types: 
2025-01-21 13:28:11.880: [INFO][Sync] ConfigurationDone, failed: , succeeded: , remaining count: 4
2025-01-21 13:28:11.880: [INFO][SyncManagerImpl::ConfigureSyncer] Types to download:  with reason: 4
2025-01-21 13:28:11.880: [INFO][SyncEngineBackend::DoFinishConfigureDataTypes] Failed to download types:  and succeeded types: 
2025-01-21 13:28:11.881: [INFO][Sync] ConfigurationDone, failed: , succeeded: , remaining count: 3
2025-01-21 13:28:11.881: [INFO][SyncManagerImpl::ConfigureSyncer] Types to download:  with reason: 4
2025-01-21 13:28:11.881: [INFO][SyncEngineBackend::DoFinishConfigureDataTypes] Failed to download types:  and succeeded types: 
2025-01-21 13:28:11.881: [INFO][Sync] ConfigurationDone, failed: , succeeded: , remaining count: 2
2025-01-21 13:28:11.881: [INFO][SyncManagerImpl::ConfigureSyncer] Types to download:  with reason: 4
2025-01-21 13:28:11.881: [INFO][SyncEngineBackend::DoFinishConfigureDataTypes] Failed to download types:  and succeeded types: 
2025-01-21 13:28:11.881: [INFO][Sync] ConfigurationDone, failed: , succeeded: , remaining count: 1
2025-01-21 13:28:11.882: [INFO][SyncManagerImpl::ConfigureSyncer] Types to download:  with reason: 4
2025-01-21 13:28:11.882: [INFO][SyncEngineBackend::DoFinishConfigureDataTypes] Failed to download types:  and succeeded types: 
2025-01-21 13:28:11.882: [INFO][Sync] ConfigurationDone, failed: , succeeded: , remaining count: 0
2025-01-21 13:28:11.883: [INFO][Sync]     Configuration completed, state: 3
2025-01-21 13:28:11.883: [INFO][Sync] Configured DataTypeManager: Ok
2025-01-21 13:28:11.884: [INFO][SyncEngineBackend::DoStartSyncing] Start syncing
2025-01-21 13:28:12.022: [INFO][SyncAuthManager::SetLastAuthError] Current auth error: None
2025-01-21 13:28:12.022: [INFO][SyncAuthManager::EdgeLogTokenErrorState] Token error with: None for account type: MSA
2025-01-21 13:28:12.022: [INFO][Sync] Credentials changed for: EdgeSyncScopeNew
2025-01-21 13:28:12.022: [INFO][SyncEngineBackend::DoUpdateCredentials] Update credentials
2025-01-21 13:28:12.022: [INFO][SyncEngineBackend::DoUpdateKeyDataCredentials] Update key data credentials
2025-01-21 13:58:17.411: [INFO][SyncSchedulerImpl::OnSyncNetworkError] Syncer error: Network error (ERR_CONNECTION_CLOSED)
2025-01-21 13:58:17.411: [INFO][Commit::ReportFullCommitFailure] Commit Sessions, History failed with error: NetworkError
2025-01-21 13:58:17.412: [INFO][SyncSchedulerImpl::DoNudgeSyncCycleJob] Syncer error: Network error (ERR_CONNECTION_CLOSED)
2025-01-21 13:58:17.414: [WARN][Sync] NetworkError: Network error (ERR_CONNECTION_CLOSED)
2025-01-21 14:08:18.195: [INFO][Sync] SyncState after authenticated was: FeatureCanStart
2025-01-21 14:08:18.480: [INFO][Sync] Try to start sync engine
2025-01-21 14:08:18.482: [INFO][SyncAuthManager::SetLastAuthError] Current auth error: None
2025-01-21 14:08:18.482: [INFO][SyncAuthManager::EdgeLogTokenErrorState] Token error with: None for account type: MSA
2025-01-21 14:08:18.482: [INFO][Sync] Credentials changed for: EdgeSyncScopeNew
2025-01-21 14:08:18.483: [INFO][SyncEngineBackend::LoadAndConnectNigoriController] Load and connect Nigori controller
2025-01-21 14:08:18.483: [INFO][SyncEngineBackend::DoInitialize] Control Types added: 
2025-01-21 14:08:18.483: [INFO][SyncManagerImpl::ConfigureSyncer] Types to download:  with reason: 4
2025-01-21 14:08:18.485: [INFO][Sync] Started DataTypeManager configuration, reason: 4
2025-01-21 14:08:18.485: [INFO][Sync] Configuring for: Bookmarks, Preferences, Passwords, Autofill Profiles, Autofill, Extensions, Sessions, Extension settings, History Delete Directives, Device Info, User Consents, Send Tab To Self, Web Apps, History, Collection, Edge E Drop, Edge Hub App Usage, Edge Tab Group, Edge Wallet, Encryption Keys, reason: 4, current state: 0
2025-01-21 14:08:18.485: [INFO][SyncEngineBackend::DoStartConfiguration] Start configuration
2025-01-21 14:08:18.485: [INFO][Sync] Configure, desired: Bookmarks, Preferences, Passwords, Autofill Profiles, Autofill, Extensions, Sessions, Extension settings, History Delete Directives, Device Info, User Consents, Send Tab To Self, Web Apps, History, Collection, Edge E Drop, Edge Hub App Usage, Edge Tab Group, Edge Wallet, Encryption Keys; Allow fail: 
2025-01-21 14:08:18.485: [INFO][Sync] Loading: Bookmarks
2025-01-21 14:08:18.485: [INFO][Sync] Loading: Preferences
2025-01-21 14:08:18.485: [INFO][Sync] Loading: Passwords
2025-01-21 14:08:18.485: [INFO][Sync] Loading: Autofill Profiles
2025-01-21 14:08:18.485: [INFO][Sync] Loading: Autofill
2025-01-21 14:08:18.485: [INFO][Sync] Loading: Extensions
2025-01-21 14:08:18.485: [INFO][Sync] Loading: Sessions
2025-01-21 14:08:18.485: [INFO][Sync] Loading: Extension settings
2025-01-21 14:08:18.485: [INFO][Sync] Loading: History Delete Directives
2025-01-21 14:08:18.485: [INFO][Sync] Loading: Device Info
2025-01-21 14:08:18.485: [INFO][Sync] Loading: User Consents
2025-01-21 14:08:18.485: [INFO][Sync] Loading: Send Tab To Self
2025-01-21 14:08:18.485: [INFO][Sync] Loading: Web Apps
2025-01-21 14:08:18.485: [INFO][Sync] Loading: History
2025-01-21 14:08:18.485: [INFO][Sync] Loading: Collection
2025-01-21 14:08:18.485: [INFO][Sync] Loading: Edge E Drop
2025-01-21 14:08:18.485: [INFO][Sync] Loading: Edge Hub App Usage
2025-01-21 14:08:18.485: [INFO][Sync] Loading: Edge Tab Group
2025-01-21 14:08:18.485: [INFO][Sync] Loading: Edge Wallet
2025-01-21 14:08:18.493: [INFO][Sync] All data types are ready for configure.
2025-01-21 14:08:18.493: [INFO][SyncManagerImpl::ConfigureSyncer] Types to download:  with reason: 4
2025-01-21 14:08:18.493: [INFO][SyncEngineBackend::DoFinishConfigureDataTypes] Failed to download types:  and succeeded types: 
2025-01-21 14:08:18.494: [INFO][Sync] ConfigurationDone, failed: , succeeded: , remaining count: 4
2025-01-21 14:08:18.494: [INFO][SyncManagerImpl::ConfigureSyncer] Types to download:  with reason: 4
2025-01-21 14:08:18.494: [INFO][SyncEngineBackend::DoFinishConfigureDataTypes] Failed to download types:  and succeeded types: 
2025-01-21 14:08:18.495: [INFO][Sync] ConfigurationDone, failed: , succeeded: , remaining count: 3
2025-01-21 14:08:18.495: [INFO][SyncManagerImpl::ConfigureSyncer] Types to download:  with reason: 4
2025-01-21 14:08:18.495: [INFO][SyncEngineBackend::DoFinishConfigureDataTypes] Failed to download types:  and succeeded types: 
2025-01-21 14:08:18.496: [INFO][Sync] ConfigurationDone, failed: , succeeded: , remaining count: 2
2025-01-21 14:08:18.496: [INFO][SyncManagerImpl::ConfigureSyncer] Types to download:  with reason: 4
2025-01-21 14:08:18.496: [INFO][SyncEngineBackend::DoFinishConfigureDataTypes] Failed to download types:  and succeeded types: 
2025-01-21 14:08:18.496: [INFO][Sync] ConfigurationDone, failed: , succeeded: , remaining count: 1
2025-01-21 14:08:18.497: [INFO][SyncManagerImpl::ConfigureSyncer] Types to download:  with reason: 4
2025-01-21 14:08:18.497: [INFO][SyncEngineBackend::DoFinishConfigureDataTypes] Failed to download types:  and succeeded types: 
2025-01-21 14:08:18.504: [INFO][Sync] ConfigurationDone, failed: , succeeded: , remaining count: 0
2025-01-21 14:08:18.506: [INFO][Sync]     Configuration completed, state: 3
2025-01-21 14:08:18.506: [INFO][Sync] Configured DataTypeManager: Ok
2025-01-21 14:08:18.506: [INFO][SyncEngineBackend::DoStartSyncing] Start syncing
2025-01-21 14:08:19.088: [INFO][SyncAuthManager::SetLastAuthError] Current auth error: None
2025-01-21 14:08:19.088: [INFO][SyncAuthManager::EdgeLogTokenErrorState] Token error with: None for account type: MSA
2025-01-21 14:08:19.088: [INFO][Sync] Credentials changed for: EdgeSyncKeyDataScope
2025-01-21 14:08:19.088: [INFO][SyncEngineBackend::DoUpdateKeyDataCredentials] Update key data credentials
2025-01-21 14:08:19.088: [INFO][SyncEngineBackend::DoUpdateCredentials] Update credentials
2025-01-21 14:55:59.147: [INFO][Sync] SyncState after authenticated was: FeatureCanStart
2025-01-21 14:55:59.860: [INFO][SyncAuthManager::SetLastAuthError] Current auth error: None
2025-01-21 14:55:59.860: [INFO][SyncAuthManager::EdgeLogTokenErrorState] Token error with: None for account type: MSA
2025-01-21 14:55:59.861: [INFO][Sync] Credentials changed for: EdgeSyncKeyDataScope
2025-01-21 14:56:00.915: [INFO][Sync] Try to start sync engine
2025-01-21 14:56:00.916: [INFO][SyncAuthManager::SetLastAuthError] Current auth error: None
2025-01-21 14:56:00.916: [INFO][SyncAuthManager::EdgeLogTokenErrorState] Token error with: None for account type: MSA
2025-01-21 14:56:00.916: [INFO][Sync] Credentials changed for: EdgeSyncScopeNew
2025-01-21 14:56:00.917: [INFO][SyncEngineBackend::LoadAndConnectNigoriController] Load and connect Nigori controller
2025-01-21 14:56:00.917: [INFO][SyncEngineBackend::DoInitialize] Control Types added: 
2025-01-21 14:56:00.917: [INFO][SyncManagerImpl::ConfigureSyncer] Types to download:  with reason: 4
2025-01-21 14:56:00.917: [INFO][SyncEngineBackend::DoUpdateKeyDataCredentials] Update key data credentials
2025-01-21 14:56:00.917: [INFO][SyncEngineBackend::DoUpdateCredentials] Update credentials
2025-01-21 14:56:00.917: [INFO][SyncEngineBackend::DoUpdateKeyDataCredentials] Update key data credentials
2025-01-21 14:56:00.918: [INFO][Sync] Started DataTypeManager configuration, reason: 4
2025-01-21 14:56:00.918: [INFO][Sync] Configuring for: Bookmarks, Preferences, Passwords, Autofill Profiles, Autofill, Extensions, Sessions, Extension settings, History Delete Directives, Device Info, User Consents, Send Tab To Self, Web Apps, History, Collection, Edge E Drop, Edge Hub App Usage, Edge Tab Group, Edge Wallet, Encryption Keys, reason: 4, current state: 0
2025-01-21 14:56:00.918: [INFO][SyncEngineBackend::DoStartConfiguration] Start configuration
2025-01-21 14:56:00.919: [INFO][Sync] Configure, desired: Bookmarks, Preferences, Passwords, Autofill Profiles, Autofill, Extensions, Sessions, Extension settings, History Delete Directives, Device Info, User Consents, Send Tab To Self, Web Apps, History, Collection, Edge E Drop, Edge Hub App Usage, Edge Tab Group, Edge Wallet, Encryption Keys; Allow fail: 
2025-01-21 14:56:00.919: [INFO][Sync] Loading: Bookmarks
2025-01-21 14:56:00.919: [INFO][Sync] Loading: Preferences
2025-01-21 14:56:00.919: [INFO][Sync] Loading: Passwords
2025-01-21 14:56:00.919: [INFO][Sync] Loading: Autofill Profiles
2025-01-21 14:56:00.919: [INFO][Sync] Loading: Autofill
2025-01-21 14:56:00.919: [INFO][Sync] Loading: Extensions
2025-01-21 14:56:00.919: [INFO][Sync] Loading: Sessions
2025-01-21 14:56:00.919: [INFO][Sync] Loading: Extension settings
2025-01-21 14:56:00.919: [INFO][Sync] Loading: History Delete Directives
2025-01-21 14:56:00.919: [INFO][Sync] Loading: Device Info
2025-01-21 14:56:00.919: [INFO][Sync] Loading: User Consents
2025-01-21 14:56:00.919: [INFO][Sync] Loading: Send Tab To Self
2025-01-21 14:56:00.919: [INFO][Sync] Loading: Web Apps
2025-01-21 14:56:00.919: [INFO][Sync] Loading: History
2025-01-21 14:56:00.919: [INFO][Sync] Loading: Collection
2025-01-21 14:56:00.919: [INFO][Sync] Loading: Edge E Drop
2025-01-21 14:56:00.919: [INFO][Sync] Loading: Edge Hub App Usage
2025-01-21 14:56:00.919: [INFO][Sync] Loading: Edge Tab Group
2025-01-21 14:56:00.919: [INFO][Sync] Loading: Edge Wallet
2025-01-21 14:56:00.925: [INFO][Sync] All data types are ready for configure.
2025-01-21 14:56:00.925: [INFO][SyncManagerImpl::ConfigureSyncer] Types to download:  with reason: 4
2025-01-21 14:56:00.925: [INFO][SyncEngineBackend::DoFinishConfigureDataTypes] Failed to download types:  and succeeded types: 
2025-01-21 14:56:00.925: [INFO][Sync] ConfigurationDone, failed: , succeeded: , remaining count: 4
2025-01-21 14:56:00.925: [INFO][SyncManagerImpl::ConfigureSyncer] Types to download:  with reason: 4
2025-01-21 14:56:00.925: [INFO][SyncEngineBackend::DoFinishConfigureDataTypes] Failed to download types:  and succeeded types: 
2025-01-21 14:56:00.925: [INFO][Sync] ConfigurationDone, failed: , succeeded: , remaining count: 3
2025-01-21 14:56:00.925: [INFO][SyncManagerImpl::ConfigureSyncer] Types to download:  with reason: 4
2025-01-21 14:56:00.925: [INFO][SyncEngineBackend::DoFinishConfigureDataTypes] Failed to download types:  and succeeded types: 
2025-01-21 14:56:00.925: [INFO][Sync] ConfigurationDone, failed: , succeeded: , remaining count: 2
2025-01-21 14:56:00.925: [INFO][SyncManagerImpl::ConfigureSyncer] Types to download:  with reason: 4
2025-01-21 14:56:00.925: [INFO][SyncEngineBackend::DoFinishConfigureDataTypes] Failed to download types:  and succeeded types: 
2025-01-21 14:56:00.925: [INFO][Sync] ConfigurationDone, failed: , succeeded: , remaining count: 1
2025-01-21 14:56:00.926: [INFO][SyncManagerImpl::ConfigureSyncer] Types to download:  with reason: 4
2025-01-21 14:56:00.926: [INFO][SyncEngineBackend::DoFinishConfigureDataTypes] Failed to download types:  and succeeded types: 
2025-01-21 14:56:00.926: [INFO][Sync] ConfigurationDone, failed: , succeeded: , remaining count: 0
2025-01-21 14:56:00.927: [INFO][Sync]     Configuration completed, state: 3
2025-01-21 14:56:00.927: [INFO][Sync] Configured DataTypeManager: Ok
2025-01-21 14:56:00.927: [INFO][SyncEngineBackend::DoStartSyncing] Start syncing
2025-02-09 15:50:29.122: [INFO][Sync] SyncState after authenticated was: FeatureCanStart
2025-02-09 15:50:33.969: [INFO][SyncAuthManager::SetLastAuthError] Current auth error: PERSISTENT_ERROR, EDGE_AUTH_ERROR: 3, 24, 4b0
2025-02-09 15:50:33.969: [INFO][Sync] Credentials changed for: EdgeSyncScopeNew
2025-02-09 15:50:33.969: [ERROR][Sync]     Engine is not allowed to run, reason: 000000
2025-02-09 15:50:33.973: [INFO][Sync] Reset engine, reason: 6
2025-02-09 15:50:33.973: [INFO][Sync] Stopped: Bookmarks
2025-02-09 15:50:33.973: [INFO][Sync] Stopped: Preferences
2025-02-09 15:50:33.973: [INFO][Sync] Stopped: Passwords
2025-02-09 15:50:33.973: [INFO][Sync] Stopped: Autofill Profiles
2025-02-09 15:50:33.973: [INFO][Sync] Stopped: Autofill
2025-02-09 15:50:33.973: [INFO][Sync] Stopped: Extensions
2025-02-09 15:50:33.973: [INFO][Sync] Stopped: Sessions
2025-02-09 15:50:33.973: [INFO][Sync] Stopped: Extension settings
2025-02-09 15:50:33.973: [INFO][Sync] Stopped: History Delete Directives
2025-02-09 15:50:33.973: [INFO][Sync] Stopped: Device Info
2025-02-09 15:50:33.973: [INFO][Sync] Stopped: User Consents
2025-02-09 15:50:33.973: [INFO][Sync] Stopped: Send Tab To Self
2025-02-09 15:50:33.973: [INFO][Sync] Stopped: Web Apps
2025-02-09 15:50:33.973: [INFO][Sync] Stopped: History
2025-02-09 15:50:33.973: [INFO][Sync] Stopped: Collection
2025-02-09 15:50:33.973: [INFO][Sync] Stopped: Edge E Drop
2025-02-09 15:50:33.973: [INFO][Sync] Stopped: Edge Hub App Usage
2025-02-09 15:50:33.973: [INFO][Sync] Stopped: Edge Tab Group
2025-02-09 15:50:33.973: [INFO][Sync] Stopped: Edge Wallet
2025-02-09 15:50:33.973: [INFO][SyncAuthManager::SetLastAuthError] Current auth error: PERSISTENT_ERROR, EDGE_AUTH_ERROR: 3, 24, 4b0
2025-02-09 15:50:33.973: [INFO][Sync] Credentials changed for: EdgeSyncKeyDataScope
2025-02-09 15:54:01.313: [INFO][Sync] Reset engine, reason: 0
2025-02-09 15:54:07.385: [INFO][Sync] SyncState after authenticated was: FeatureCanStart
2025-02-09 15:54:07.693: [INFO][Sync] Try to start sync engine
2025-02-09 15:54:07.708: [INFO][SyncEngineBackend::LoadAndConnectNigoriController] Load and connect Nigori controller
2025-02-09 15:54:07.708: [INFO][SyncEngineBackend::DoInitialize] Control Types added: 
2025-02-09 15:54:07.708: [INFO][SyncManagerImpl::ConfigureSyncer] Types to download:  with reason: 4
2025-02-09 15:54:07.710: [INFO][Sync] Started DataTypeManager configuration, reason: 4
2025-02-09 15:54:07.710: [INFO][Sync] Configuring for: Bookmarks, Preferences, Passwords, Autofill Profiles, Autofill, Extensions, Sessions, Extension settings, History Delete Directives, Device Info, User Consents, Send Tab To Self, Web Apps, History, Collection, Edge E Drop, Edge Hub App Usage, Edge Tab Group, Edge Wallet, Encryption Keys, reason: 4, current state: 0
2025-02-09 15:54:07.710: [INFO][SyncEngineBackend::DoStartConfiguration] Start configuration
2025-02-09 15:54:07.711: [INFO][Sync] Configure, desired: Bookmarks, Preferences, Passwords, Autofill Profiles, Autofill, Extensions, Sessions, Extension settings, History Delete Directives, Device Info, User Consents, Send Tab To Self, Web Apps, History, Collection, Edge E Drop, Edge Hub App Usage, Edge Tab Group, Edge Wallet, Encryption Keys; Allow fail: 
2025-02-09 15:54:07.711: [INFO][Sync] Loading: Bookmarks
2025-02-09 15:54:07.711: [INFO][Sync] Loading: Preferences
2025-02-09 15:54:07.711: [INFO][Sync] Loading: Passwords
2025-02-09 15:54:07.711: [INFO][Sync] Loading: Autofill Profiles
2025-02-09 15:54:07.711: [INFO][Sync] Loading: Autofill
2025-02-09 15:54:07.711: [INFO][Sync] Loading: Extensions
2025-02-09 15:54:07.711: [INFO][Sync] Loading: Sessions
2025-02-09 15:54:07.711: [INFO][Sync] Loading: Extension settings
2025-02-09 15:54:07.711: [INFO][Sync] Loading: History Delete Directives
2025-02-09 15:54:07.711: [INFO][Sync] Loading: Device Info
2025-02-09 15:54:07.711: [INFO][Sync] Loading: User Consents
2025-02-09 15:54:07.711: [INFO][Sync] Loading: Send Tab To Self
2025-02-09 15:54:07.711: [INFO][Sync] Loading: Web Apps
2025-02-09 15:54:07.711: [INFO][Sync] Loading: History
2025-02-09 15:54:07.711: [INFO][Sync] Loading: Collection
2025-02-09 15:54:07.711: [INFO][Sync] Loading: Edge E Drop
2025-02-09 15:54:07.711: [INFO][Sync] Loading: Edge Hub App Usage
2025-02-09 15:54:07.711: [INFO][Sync] Loading: Edge Tab Group
2025-02-09 15:54:07.711: [INFO][Sync] Loading: Edge Wallet
2025-02-09 15:54:07.728: [INFO][Sync] All data types are ready for configure.
2025-02-09 15:54:07.728: [INFO][SyncManagerImpl::NudgeForInitialDownload] Initial download nudge for Send Tab To Self
2025-02-09 15:54:07.728: [INFO][SyncManagerImpl::ConfigureSyncer] Types to download:  with reason: 4
2025-02-09 15:54:07.728: [INFO][SyncEngineBackend::DoFinishConfigureDataTypes] Failed to download types:  and succeeded types: 
2025-02-09 15:54:07.728: [INFO][Sync] ConfigurationDone, failed: , succeeded: , remaining count: 4
2025-02-09 15:54:07.728: [INFO][Sync] Prepare to configure types: Send Tab To Self, Encryption Keys
2025-02-09 15:54:07.728: [INFO][SyncManagerImpl::ConfigureSyncer] Types to download: Send Tab To Self, Encryption Keys with reason: 4
2025-02-09 15:54:07.728: [INFO][SyncSchedulerImpl::DoConfigurationSyncCycleJob] Configure job was blocked
2025-02-09 15:54:08.059: [INFO][SyncAuthManager::SetLastAuthError] Current auth error: PERSISTENT_ERROR, EDGE_AUTH_ERROR: 3, 24, 4b0
2025-02-09 15:54:08.059: [INFO][Sync] Credentials changed for: EdgeSyncScopeNew
2025-02-09 15:54:08.059: [ERROR][Sync]     Engine is not allowed to run, reason: 000000
2025-02-09 15:54:08.059: [INFO][Sync] Reset engine, reason: 6
2025-02-09 15:54:08.059: [INFO][Sync] Stopped: Bookmarks
2025-02-09 15:54:08.059: [INFO][Sync] Stopped: Preferences
2025-02-09 15:54:08.059: [INFO][Sync] Stopped: Passwords
2025-02-09 15:54:08.059: [INFO][Sync] Stopped: Autofill Profiles
2025-02-09 15:54:08.059: [INFO][Sync] Stopped: Autofill
2025-02-09 15:54:08.059: [INFO][Sync] Stopped: Extensions
2025-02-09 15:54:08.059: [INFO][Sync] Stopped: Sessions
2025-02-09 15:54:08.059: [INFO][Sync] Stopped: Extension settings
2025-02-09 15:54:08.059: [INFO][Sync] Stopped: History Delete Directives
2025-02-09 15:54:08.059: [INFO][Sync] Stopped: Device Info
2025-02-09 15:54:08.059: [INFO][Sync] Stopped: User Consents
2025-02-09 15:54:08.059: [INFO][Sync] Stopped: Send Tab To Self
2025-02-09 15:54:08.059: [INFO][Sync] Stopped: Web Apps
2025-02-09 15:54:08.059: [INFO][Sync] Stopped: History
2025-02-09 15:54:08.059: [INFO][Sync] Stopped: Collection
2025-02-09 15:54:08.059: [INFO][Sync] Stopped: Edge E Drop
2025-02-09 15:54:08.059: [INFO][Sync] Stopped: Edge Hub App Usage
2025-02-09 15:54:08.059: [INFO][Sync] Stopped: Edge Tab Group
2025-02-09 15:54:08.059: [INFO][Sync] Stopped: Edge Wallet
2025-02-09 15:54:08.059: [INFO][Sync] Configured DataTypeManager: Aborted
2025-02-09 15:54:08.059: [INFO][Sync] Reset engine with reason: 6
2025-02-09 15:54:08.060: [INFO][SyncAuthManager::SetLastAuthError] Current auth error: PERSISTENT_ERROR, EDGE_AUTH_ERROR: 3, 24, 4b0
2025-02-09 15:54:08.060: [INFO][Sync] Credentials changed for: EdgeSyncKeyDataScope
2025-02-09 15:54:08.158: [INFO][SyncAuthManager::SetLastAuthError] Current auth error: PERSISTENT_ERROR, EDGE_AUTH_ERROR: 3, 24, 4b0
2025-02-09 15:54:08.158: [INFO][Sync] Credentials changed for: EdgeSyncScopeNew
2025-02-09 15:54:08.159: [ERROR][Sync]     Engine is not allowed to run, reason: 000000
2025-02-09 15:54:08.159: [INFO][Sync] Reset engine, reason: 6
2025-02-09 15:54:08.159: [INFO][Sync] Stopped: Bookmarks
2025-02-09 15:54:08.159: [INFO][Sync] Stopped: Preferences
2025-02-09 15:54:08.159: [INFO][Sync] Stopped: Passwords
2025-02-09 15:54:08.159: [INFO][Sync] Stopped: Autofill Profiles
2025-02-09 15:54:08.159: [INFO][Sync] Stopped: Autofill
2025-02-09 15:54:08.159: [INFO][Sync] Stopped: Extensions
2025-02-09 15:54:08.159: [INFO][Sync] Stopped: Sessions
2025-02-09 15:54:08.159: [INFO][Sync] Stopped: Extension settings
2025-02-09 15:54:08.159: [INFO][Sync] Stopped: History Delete Directives
2025-02-09 15:54:08.159: [INFO][Sync] Stopped: Device Info
2025-02-09 15:54:08.159: [INFO][Sync] Stopped: User Consents
2025-02-09 15:54:08.159: [INFO][Sync] Stopped: Send Tab To Self
2025-02-09 15:54:08.159: [INFO][Sync] Stopped: Web Apps
2025-02-09 15:54:08.159: [INFO][Sync] Stopped: History
2025-02-09 15:54:08.159: [INFO][Sync] Stopped: Collection
2025-02-09 15:54:08.159: [INFO][Sync] Stopped: Edge E Drop
2025-02-09 15:54:08.159: [INFO][Sync] Stopped: Edge Hub App Usage
2025-02-09 15:54:08.159: [INFO][Sync] Stopped: Edge Tab Group
2025-02-09 15:54:08.159: [INFO][Sync] Stopped: Edge Wallet
2025-02-09 15:54:08.159: [INFO][SyncAuthManager::SetLastAuthError] Current auth error: PERSISTENT_ERROR, EDGE_AUTH_ERROR: 3, 24, 4b0
2025-02-09 15:54:08.159: [INFO][Sync] Credentials changed for: EdgeSyncKeyDataScope
2025-02-09 15:54:12.123: [INFO][Sync] Reset engine, reason: 0
2025-02-09 15:54:15.837: [INFO][Sync] SyncState after authenticated was: FeatureCanStart
2025-02-09 15:54:16.114: [INFO][Sync] Try to start sync engine
2025-02-09 15:54:16.117: [INFO][SyncEngineBackend::LoadAndConnectNigoriController] Load and connect Nigori controller
2025-02-09 15:54:16.117: [INFO][SyncEngineBackend::DoInitialize] Control Types added: 
2025-02-09 15:54:16.117: [INFO][SyncManagerImpl::ConfigureSyncer] Types to download:  with reason: 4
2025-02-09 15:54:16.118: [INFO][Sync] Started DataTypeManager configuration, reason: 4
2025-02-09 15:54:16.118: [INFO][Sync] Configuring for: Bookmarks, Preferences, Passwords, Autofill Profiles, Autofill, Extensions, Sessions, Extension settings, History Delete Directives, Device Info, User Consents, Send Tab To Self, Web Apps, History, Collection, Edge E Drop, Edge Hub App Usage, Edge Tab Group, Edge Wallet, Encryption Keys, reason: 4, current state: 0
2025-02-09 15:54:16.118: [INFO][SyncEngineBackend::DoStartConfiguration] Start configuration
2025-02-09 15:54:16.119: [INFO][Sync] Configure, desired: Bookmarks, Preferences, Passwords, Autofill Profiles, Autofill, Extensions, Sessions, Extension settings, History Delete Directives, Device Info, User Consents, Send Tab To Self, Web Apps, History, Collection, Edge E Drop, Edge Hub App Usage, Edge Tab Group, Edge Wallet, Encryption Keys; Allow fail: 
2025-02-09 15:54:16.119: [INFO][Sync] Loading: Bookmarks
2025-02-09 15:54:16.119: [INFO][Sync] Loading: Preferences
2025-02-09 15:54:16.119: [INFO][Sync] Loading: Passwords
2025-02-09 15:54:16.119: [INFO][Sync] Loading: Autofill Profiles
2025-02-09 15:54:16.119: [INFO][Sync] Loading: Autofill
2025-02-09 15:54:16.119: [INFO][Sync] Loading: Extensions
2025-02-09 15:54:16.119: [INFO][Sync] Loading: Sessions
2025-02-09 15:54:16.119: [INFO][Sync] Loading: Extension settings
2025-02-09 15:54:16.119: [INFO][Sync] Loading: History Delete Directives
2025-02-09 15:54:16.119: [INFO][Sync] Loading: Device Info
2025-02-09 15:54:16.119: [INFO][Sync] Loading: User Consents
2025-02-09 15:54:16.119: [INFO][Sync] Loading: Send Tab To Self
2025-02-09 15:54:16.119: [INFO][Sync] Loading: Web Apps
2025-02-09 15:54:16.119: [INFO][Sync] Loading: History
2025-02-09 15:54:16.119: [INFO][Sync] Loading: Collection
2025-02-09 15:54:16.119: [INFO][Sync] Loading: Edge E Drop
2025-02-09 15:54:16.119: [INFO][Sync] Loading: Edge Hub App Usage
2025-02-09 15:54:16.119: [INFO][Sync] Loading: Edge Tab Group
2025-02-09 15:54:16.119: [INFO][Sync] Loading: Edge Wallet
2025-02-09 15:54:16.121: [INFO][Sync] All data types are ready for configure.
2025-02-09 15:54:16.121: [INFO][SyncManagerImpl::NudgeForInitialDownload] Initial download nudge for Send Tab To Self
2025-02-09 15:54:16.121: [INFO][SyncManagerImpl::ConfigureSyncer] Types to download:  with reason: 4
2025-02-09 15:54:16.121: [INFO][SyncEngineBackend::DoFinishConfigureDataTypes] Failed to download types:  and succeeded types: 
2025-02-09 15:54:16.121: [INFO][Sync] ConfigurationDone, failed: , succeeded: , remaining count: 4
2025-02-09 15:54:16.121: [INFO][Sync] Prepare to configure types: Send Tab To Self, Encryption Keys
2025-02-09 15:54:16.121: [INFO][SyncManagerImpl::ConfigureSyncer] Types to download: Send Tab To Self, Encryption Keys with reason: 4
2025-02-09 15:54:16.121: [INFO][SyncSchedulerImpl::DoConfigurationSyncCycleJob] Configure job was blocked
2025-02-09 15:54:16.605: [INFO][SyncAuthManager::SetLastAuthError] Current auth error: PERSISTENT_ERROR, EDGE_AUTH_ERROR: 3, 24, 4b0
2025-02-09 15:54:16.605: [INFO][Sync] Credentials changed for: EdgeSyncScopeNew
2025-02-09 15:54:16.605: [ERROR][Sync]     Engine is not allowed to run, reason: 000000
2025-02-09 15:54:16.605: [INFO][Sync] Reset engine, reason: 6
2025-02-09 15:54:16.605: [INFO][Sync] Stopped: Bookmarks
2025-02-09 15:54:16.605: [INFO][Sync] Stopped: Preferences
2025-02-09 15:54:16.605: [INFO][Sync] Stopped: Passwords
2025-02-09 15:54:16.605: [INFO][Sync] Stopped: Autofill Profiles
2025-02-09 15:54:16.605: [INFO][Sync] Stopped: Autofill
2025-02-09 15:54:16.605: [INFO][Sync] Stopped: Extensions
2025-02-09 15:54:16.605: [INFO][Sync] Stopped: Sessions
2025-02-09 15:54:16.605: [INFO][Sync] Stopped: Extension settings
2025-02-09 15:54:16.605: [INFO][Sync] Stopped: History Delete Directives
2025-02-09 15:54:16.605: [INFO][Sync] Stopped: Device Info
2025-02-09 15:54:16.605: [INFO][Sync] Stopped: User Consents
2025-02-09 15:54:16.605: [INFO][Sync] Stopped: Send Tab To Self
2025-02-09 15:54:16.605: [INFO][Sync] Stopped: Web Apps
2025-02-09 15:54:16.605: [INFO][Sync] Stopped: History
2025-02-09 15:54:16.605: [INFO][Sync] Stopped: Collection
2025-02-09 15:54:16.605: [INFO][Sync] Stopped: Edge E Drop
2025-02-09 15:54:16.605: [INFO][Sync] Stopped: Edge Hub App Usage
2025-02-09 15:54:16.605: [INFO][Sync] Stopped: Edge Tab Group
2025-02-09 15:54:16.605: [INFO][Sync] Stopped: Edge Wallet
2025-02-09 15:54:16.605: [INFO][Sync] Configured DataTypeManager: Aborted
2025-02-09 15:54:16.605: [INFO][Sync] Reset engine with reason: 6
2025-02-09 15:54:16.606: [INFO][SyncAuthManager::SetLastAuthError] Current auth error: PERSISTENT_ERROR, EDGE_AUTH_ERROR: 3, 24, 4b0
2025-02-09 15:54:16.606: [INFO][Sync] Credentials changed for: EdgeSyncKeyDataScope
2025-02-09 15:54:16.931: [INFO][SyncAuthManager::SetLastAuthError] Current auth error: PERSISTENT_ERROR, EDGE_AUTH_ERROR: 3, 24, 4b0
2025-02-09 15:54:16.931: [INFO][Sync] Credentials changed for: EdgeSyncScopeNew
2025-02-09 15:54:16.931: [ERROR][Sync]     Engine is not allowed to run, reason: 000000
2025-02-09 15:54:16.931: [INFO][Sync] Reset engine, reason: 6
2025-02-09 15:54:16.931: [INFO][Sync] Stopped: Bookmarks
2025-02-09 15:54:16.931: [INFO][Sync] Stopped: Preferences
2025-02-09 15:54:16.931: [INFO][Sync] Stopped: Passwords
2025-02-09 15:54:16.931: [INFO][Sync] Stopped: Autofill Profiles
2025-02-09 15:54:16.931: [INFO][Sync] Stopped: Autofill
2025-02-09 15:54:16.931: [INFO][Sync] Stopped: Extensions
2025-02-09 15:54:16.931: [INFO][Sync] Stopped: Sessions
2025-02-09 15:54:16.931: [INFO][Sync] Stopped: Extension settings
2025-02-09 15:54:16.931: [INFO][Sync] Stopped: History Delete Directives
2025-02-09 15:54:16.931: [INFO][Sync] Stopped: Device Info
2025-02-09 15:54:16.931: [INFO][Sync] Stopped: User Consents
2025-02-09 15:54:16.931: [INFO][Sync] Stopped: Send Tab To Self
2025-02-09 15:54:16.931: [INFO][Sync] Stopped: Web Apps
2025-02-09 15:54:16.931: [INFO][Sync] Stopped: History
2025-02-09 15:54:16.931: [INFO][Sync] Stopped: Collection
2025-02-09 15:54:16.931: [INFO][Sync] Stopped: Edge E Drop
2025-02-09 15:54:16.931: [INFO][Sync] Stopped: Edge Hub App Usage
2025-02-09 15:54:16.931: [INFO][Sync] Stopped: Edge Tab Group
2025-02-09 15:54:16.931: [INFO][Sync] Stopped: Edge Wallet
2025-02-09 15:54:16.931: [INFO][SyncAuthManager::SetLastAuthError] Current auth error: PERSISTENT_ERROR, EDGE_AUTH_ERROR: 3, 24, 4b0
2025-02-09 15:54:16.931: [INFO][Sync] Credentials changed for: EdgeSyncKeyDataScope
2025-03-26 14:32:32.228: [INFO][Sync] SyncState after authenticated was: FeatureCanStart
2025-03-26 14:32:36.381: [INFO][SyncAuthManager::SetLastAuthError] Current auth error: PERSISTENT_ERROR, EDGE_AUTH_ERROR: 3, 24, 4b0
2025-03-26 14:32:36.381: [INFO][Sync] Credentials changed for: EdgeSyncScopeNew
2025-03-26 14:32:36.381: [ERROR][Sync]     Engine is not allowed to run, reason: 000000
2025-03-26 14:32:36.386: [INFO][Sync] Reset engine, reason: 6
2025-03-26 14:32:36.386: [INFO][Sync] Stopped: Bookmarks
2025-03-26 14:32:36.386: [INFO][Sync] Stopped: Preferences
2025-03-26 14:32:36.386: [INFO][Sync] Stopped: Passwords
2025-03-26 14:32:36.386: [INFO][Sync] Stopped: Autofill Profiles
2025-03-26 14:32:36.386: [INFO][Sync] Stopped: Autofill
2025-03-26 14:32:36.386: [INFO][Sync] Stopped: Extensions
2025-03-26 14:32:36.386: [INFO][Sync] Stopped: Sessions
2025-03-26 14:32:36.386: [INFO][Sync] Stopped: Extension settings
2025-03-26 14:32:36.386: [INFO][Sync] Stopped: History Delete Directives
2025-03-26 14:32:36.386: [INFO][Sync] Stopped: Device Info
2025-03-26 14:32:36.386: [INFO][Sync] Stopped: User Consents
2025-03-26 14:32:36.386: [INFO][Sync] Stopped: Send Tab To Self
2025-03-26 14:32:36.386: [INFO][Sync] Stopped: Web Apps
2025-03-26 14:32:36.386: [INFO][Sync] Stopped: History
2025-03-26 14:32:36.386: [INFO][Sync] Stopped: Collection
2025-03-26 14:32:36.386: [INFO][Sync] Stopped: Edge E Drop
2025-03-26 14:32:36.386: [INFO][Sync] Stopped: Edge Hub App Usage
2025-03-26 14:32:36.386: [INFO][Sync] Stopped: Edge Tab Group
2025-03-26 14:32:36.386: [INFO][Sync] Stopped: Edge Wallet
2025-03-26 14:32:36.386: [INFO][SyncAuthManager::SetLastAuthError] Current auth error: PERSISTENT_ERROR, EDGE_AUTH_ERROR: 3, 24, 4b0
2025-03-26 14:32:36.386: [INFO][Sync] Credentials changed for: EdgeSyncKeyDataScope
2025-03-26 14:46:20.457: [INFO][Sync] SyncState after authenticated was: FeatureCanStart
2025-03-26 14:46:21.339: [INFO][SyncAuthManager::SetLastAuthError] Current auth error: PERSISTENT_ERROR, EDGE_AUTH_ERROR: 3, 24, 4b0
2025-03-26 14:46:21.339: [INFO][Sync] Credentials changed for: EdgeSyncScopeNew
2025-03-26 14:46:21.339: [ERROR][Sync]     Engine is not allowed to run, reason: 000000
2025-03-26 14:46:21.340: [INFO][Sync] Reset engine, reason: 6
2025-03-26 14:46:21.340: [INFO][Sync] Stopped: Bookmarks
2025-03-26 14:46:21.340: [INFO][Sync] Stopped: Preferences
2025-03-26 14:46:21.340: [INFO][Sync] Stopped: Passwords
2025-03-26 14:46:21.340: [INFO][Sync] Stopped: Autofill Profiles
2025-03-26 14:46:21.340: [INFO][Sync] Stopped: Autofill
2025-03-26 14:46:21.340: [INFO][Sync] Stopped: Extensions
2025-03-26 14:46:21.340: [INFO][Sync] Stopped: Sessions
2025-03-26 14:46:21.340: [INFO][Sync] Stopped: Extension settings
2025-03-26 14:46:21.340: [INFO][Sync] Stopped: History Delete Directives
2025-03-26 14:46:21.340: [INFO][Sync] Stopped: Device Info
2025-03-26 14:46:21.340: [INFO][Sync] Stopped: User Consents
2025-03-26 14:46:21.340: [INFO][Sync] Stopped: Send Tab To Self
2025-03-26 14:46:21.340: [INFO][Sync] Stopped: Web Apps
2025-03-26 14:46:21.340: [INFO][Sync] Stopped: History
2025-03-26 14:46:21.340: [INFO][Sync] Stopped: Collection
2025-03-26 14:46:21.340: [INFO][Sync] Stopped: Edge E Drop
2025-03-26 14:46:21.340: [INFO][Sync] Stopped: Edge Hub App Usage
2025-03-26 14:46:21.340: [INFO][Sync] Stopped: Edge Tab Group
2025-03-26 14:46:21.340: [INFO][Sync] Stopped: Edge Wallet
2025-03-26 14:46:21.340: [INFO][SyncAuthManager::SetLastAuthError] Current auth error: PERSISTENT_ERROR, EDGE_AUTH_ERROR: 3, 24, 4b0
2025-03-26 14:46:21.340: [INFO][Sync] Credentials changed for: EdgeSyncKeyDataScope
2025-03-26 14:59:17.913: [INFO][SyncAuthManager::SetLastAuthError] Current auth error: None
2025-03-26 14:59:17.913: [INFO][Sync] Credentials changed for: EdgeSyncScopeNew
2025-03-26 14:59:17.916: [INFO][SyncAuthManager::SetLastAuthError] Current auth error: None
2025-03-26 14:59:17.916: [INFO][Sync] Credentials changed for: EdgeSyncKeyDataScope
2025-03-26 14:59:17.920: [INFO][Sync] Try to start sync engine
2025-03-26 14:59:17.962: [INFO][SyncEngineBackend::LoadAndConnectNigoriController] Load and connect Nigori controller
2025-03-26 14:59:17.962: [INFO][SyncEngineBackend::DoInitialize] Control Types added: 
2025-03-26 14:59:17.962: [INFO][SyncManagerImpl::ConfigureSyncer] Types to download:  with reason: 4
2025-03-26 14:59:17.967: [INFO][Sync] Started DataTypeManager configuration, reason: 4
2025-03-26 14:59:17.967: [INFO][Sync] Configuring for: Bookmarks, Preferences, Passwords, Autofill Profiles, Autofill, Extensions, Sessions, Extension settings, History Delete Directives, Device Info, User Consents, Send Tab To Self, Web Apps, History, Collection, Edge E Drop, Edge Hub App Usage, Edge Tab Group, Edge Wallet, Encryption Keys, reason: 4, current state: 0
2025-03-26 14:59:17.967: [INFO][SyncEngineBackend::DoStartConfiguration] Start configuration
2025-03-26 14:59:17.968: [INFO][Sync] Configure, desired: Bookmarks, Preferences, Passwords, Autofill Profiles, Autofill, Extensions, Sessions, Extension settings, History Delete Directives, Device Info, User Consents, Send Tab To Self, Web Apps, History, Collection, Edge E Drop, Edge Hub App Usage, Edge Tab Group, Edge Wallet, Encryption Keys; Allow fail: 
2025-03-26 14:59:17.968: [INFO][Sync] Loading: Bookmarks
2025-03-26 14:59:17.968: [INFO][Sync] Loading: Preferences
2025-03-26 14:59:17.968: [INFO][Sync] Loading: Passwords
2025-03-26 14:59:17.968: [INFO][Sync] Loading: Autofill Profiles
2025-03-26 14:59:17.968: [INFO][Sync] Loading: Autofill
2025-03-26 14:59:17.968: [INFO][Sync] Loading: Extensions
2025-03-26 14:59:17.968: [INFO][Sync] Loading: Sessions
2025-03-26 14:59:17.968: [INFO][Sync] Loading: Extension settings
2025-03-26 14:59:17.968: [INFO][Sync] Loading: History Delete Directives
2025-03-26 14:59:17.968: [INFO][Sync] Loading: Device Info
2025-03-26 14:59:17.968: [INFO][Sync] Loading: User Consents
2025-03-26 14:59:17.968: [INFO][Sync] Loading: Send Tab To Self
2025-03-26 14:59:17.968: [INFO][Sync] Loading: Web Apps
2025-03-26 14:59:17.968: [INFO][Sync] Loading: History
2025-03-26 14:59:17.968: [INFO][Sync] Loading: Collection
2025-03-26 14:59:17.968: [INFO][Sync] Loading: Edge E Drop
2025-03-26 14:59:17.968: [INFO][Sync] Loading: Edge Hub App Usage
2025-03-26 14:59:17.968: [INFO][Sync] Loading: Edge Tab Group
2025-03-26 14:59:17.968: [INFO][Sync] Loading: Edge Wallet
2025-03-26 14:59:17.990: [INFO][Sync] All data types are ready for configure.
2025-03-26 14:59:17.990: [INFO][SyncManagerImpl::NudgeForInitialDownload] Initial download nudge for Send Tab To Self
2025-03-26 14:59:17.991: [INFO][SyncManagerImpl::ConfigureSyncer] Types to download:  with reason: 4
2025-03-26 14:59:17.991: [INFO][SyncEngineBackend::DoFinishConfigureDataTypes] Failed to download types:  and succeeded types: 
2025-03-26 14:59:17.991: [INFO][Sync] ConfigurationDone, failed: , succeeded: , remaining count: 4
2025-03-26 14:59:17.991: [INFO][Sync] Prepare to configure types: Send Tab To Self, Encryption Keys
2025-03-26 14:59:17.991: [INFO][SyncManagerImpl::ConfigureSyncer] Types to download: Send Tab To Self, Encryption Keys with reason: 4
2025-03-26 14:59:17.991: [INFO][SyncSchedulerImpl::DoConfigurationSyncCycleJob] Configure job was blocked
2025-03-26 14:59:18.444: [INFO][SyncAuthManager::SetLastAuthError] Current auth error: None
2025-03-26 14:59:18.444: [INFO][SyncAuthManager::EdgeLogTokenErrorState] Token error with: None for account type: MSA
2025-03-26 14:59:18.444: [INFO][Sync] Credentials changed for: EdgeSyncKeyDataScope
2025-03-26 14:59:18.444: [INFO][SyncEngineBackend::DoUpdateKeyDataCredentials] Update key data credentials
2025-03-26 14:59:18.490: [INFO][SyncAuthManager::SetLastAuthError] Current auth error: None
2025-03-26 14:59:18.490: [INFO][SyncAuthManager::EdgeLogTokenErrorState] Token error with: None for account type: MSA
2025-03-26 14:59:18.490: [INFO][Sync] Credentials changed for: EdgeSyncScopeNew
2025-03-26 14:59:18.490: [INFO][SyncEngineBackend::DoUpdateCredentials] Update credentials
2025-03-26 14:59:18.490: [INFO][SyncSchedulerImpl::DoConfigurationSyncCycleJob] Blocked types:  and types to download: Send Tab To Self, Encryption Keys
2025-03-26 14:59:19.560: [INFO][SyncEngineBackend::DoFinishConfigureDataTypes] Failed to download types:  and succeeded types: Send Tab To Self, Encryption Keys
2025-03-26 14:59:19.560: [INFO][SyncEngineBackend::DoUpdateKeyDataCredentials] Update key data credentials
2025-03-26 14:59:19.563: [INFO][Sync] ConfigurationDone, failed: , succeeded: Send Tab To Self, Encryption Keys, remaining count: 3
2025-03-26 14:59:20.303: [INFO][Sync] Connection status changed to: 2
2025-03-26 14:59:20.303: [INFO][SyncManagerImpl::ConfigureSyncer] Types to download:  with reason: 4
2025-03-26 14:59:20.303: [INFO][SyncEngineBackend::DoFinishConfigureDataTypes] Failed to download types:  and succeeded types: 
2025-03-26 14:59:20.307: [INFO][Sync] ConfigurationDone, failed: , succeeded: , remaining count: 2
2025-03-26 14:59:20.307: [INFO][SyncManagerImpl::ConfigureSyncer] Types to download:  with reason: 4
2025-03-26 14:59:20.307: [INFO][SyncEngineBackend::DoFinishConfigureDataTypes] Failed to download types:  and succeeded types: 
2025-03-26 14:59:20.307: [INFO][Sync] ConfigurationDone, failed: , succeeded: , remaining count: 1
2025-03-26 14:59:20.311: [INFO][SyncManagerImpl::ConfigureSyncer] Types to download:  with reason: 4
2025-03-26 14:59:20.311: [INFO][SyncEngineBackend::DoFinishConfigureDataTypes] Failed to download types:  and succeeded types: 
2025-03-26 14:59:20.322: [INFO][Sync] ConfigurationDone, failed: , succeeded: , remaining count: 0
2025-03-26 14:59:20.323: [INFO][Sync]     Configuration completed, state: 3
2025-03-26 14:59:20.323: [INFO][Sync] Configured DataTypeManager: Ok
2025-03-26 14:59:20.324: [INFO][SyncEngineBackend::DoStartSyncing] Start syncing
2025-03-26 14:59:20.784: [INFO][SyncAuthManager::SetLastAuthError] Current auth error: None
2025-03-26 14:59:20.784: [INFO][SyncAuthManager::EdgeLogTokenErrorState] Token error with: None for account type: MSA
2025-03-26 14:59:20.784: [INFO][Sync] Credentials changed for: EdgeSyncKeyDataScope
2025-03-26 14:59:20.962: [INFO][SyncAuthManager::SetLastAuthError] Current auth error: None
2025-03-26 14:59:20.962: [INFO][SyncAuthManager::EdgeLogTokenErrorState] Token error with: None for account type: MSA
2025-03-26 14:59:20.962: [INFO][Sync] Credentials changed for: EdgeSyncScopeNew
2025-03-26 14:59:24.412: [INFO][SyncEngineBackend::DoUpdateKeyDataCredentials] Update key data credentials
2025-03-26 14:59:24.412: [INFO][SyncEngineBackend::DoUpdateCredentials] Update credentials
2025-03-26 14:59:24.412: [INFO][SyncEngineBackend::DoUpdateKeyDataCredentials] Update key data credentials
2025-03-26 14:59:24.412: [INFO][Sync] Connection status changed to: 2
2025-03-26 14:59:26.292: [INFO][SyncAuthManager::SetLastAuthError] Current auth error: None
2025-03-26 14:59:26.292: [INFO][SyncAuthManager::EdgeLogTokenErrorState] Token error with: None for account type: MSA
2025-03-26 14:59:26.292: [INFO][Sync] Credentials changed for: EdgeSyncScopeNew
2025-03-26 14:59:26.546: [INFO][SyncAuthManager::SetLastAuthError] Current auth error: None
2025-03-26 14:59:26.546: [INFO][SyncAuthManager::EdgeLogTokenErrorState] Token error with: None for account type: MSA
2025-03-26 14:59:26.546: [INFO][Sync] Credentials changed for: EdgeSyncKeyDataScope
2025-03-26 14:59:26.903: [INFO][Sync] Connection status changed to: 2
2025-03-26 14:59:26.904: [INFO][SyncEngineBackend::DoUpdateKeyDataCredentials] Update key data credentials
2025-03-26 14:59:26.904: [INFO][SyncEngineBackend::DoUpdateCredentials] Update credentials
2025-03-26 14:59:30.768: [INFO][SyncAuthManager::SetLastAuthError] Current auth error: None
2025-03-26 14:59:30.768: [INFO][SyncAuthManager::EdgeLogTokenErrorState] Token error with: None for account type: MSA
2025-03-26 14:59:30.768: [INFO][Sync] Credentials changed for: EdgeSyncScopeNew
2025-03-26 14:59:30.868: [INFO][SyncAuthManager::SetLastAuthError] Current auth error: None
2025-03-26 14:59:30.868: [INFO][SyncAuthManager::EdgeLogTokenErrorState] Token error with: None for account type: MSA
2025-03-26 14:59:30.868: [INFO][Sync] Credentials changed for: EdgeSyncKeyDataScope
2025-03-26 14:59:30.868: [INFO][SyncEngineBackend::DoUpdateKeyDataCredentials] Update key data credentials
2025-03-26 14:59:30.868: [INFO][SyncEngineBackend::DoUpdateCredentials] Update credentials
2025-03-26 15:04:19.818: [INFO][Sync] Connection status changed to: 2
2025-03-26 15:04:26.271: [INFO][SyncAuthManager::SetLastAuthError] Current auth error: None
2025-03-26 15:04:26.271: [INFO][SyncAuthManager::EdgeLogTokenErrorState] Token error with: None for account type: MSA
2025-03-26 15:04:26.271: [INFO][Sync] Credentials changed for: EdgeSyncScopeNew
2025-03-26 15:04:27.147: [INFO][SyncAuthManager::SetLastAuthError] Current auth error: None
2025-03-26 15:04:27.147: [INFO][SyncAuthManager::EdgeLogTokenErrorState] Token error with: None for account type: MSA
2025-03-26 15:04:27.147: [INFO][Sync] Credentials changed for: EdgeSyncKeyDataScope
2025-03-26 15:04:27.147: [INFO][SyncEngineBackend::DoUpdateKeyDataCredentials] Update key data credentials
2025-03-26 15:04:27.147: [INFO][SyncEngineBackend::DoUpdateCredentials] Update credentials
2025-03-26 15:10:08.190: [INFO][SyncSchedulerImpl::OnSyncNetworkError] Syncer error: Network error (ERR_CONNECTION_CLOSED)
2025-03-26 15:10:08.190: [INFO][Commit::ReportFullCommitFailure] Commit Sessions failed with error: NetworkError
2025-03-26 15:10:08.191: [INFO][SyncSchedulerImpl::DoNudgeSyncCycleJob] Syncer error: Network error (ERR_CONNECTION_CLOSED)
2025-03-26 15:10:08.194: [WARN][Sync] NetworkError: Network error (ERR_CONNECTION_CLOSED)
2025-03-26 15:23:51.613: [INFO][SyncSchedulerImpl::OnSyncNetworkError] Syncer error: Network error (ERR_CONNECTION_CLOSED)
2025-03-26 15:23:51.613: [INFO][Commit::ReportFullCommitFailure] Commit Sessions, History failed with error: NetworkError
2025-03-26 15:23:51.613: [INFO][SyncSchedulerImpl::DoNudgeSyncCycleJob] Syncer error: Network error (ERR_CONNECTION_CLOSED)
2025-03-26 15:23:51.616: [WARN][Sync] NetworkError: Network error (ERR_CONNECTION_CLOSED)
2025-03-26 15:24:36.919: [INFO][SyncSchedulerImpl::OnSyncNetworkError] Syncer error: Network error (ERR_CONNECTION_CLOSED)
2025-03-26 15:24:36.919: [INFO][Commit::ReportFullCommitFailure] Commit Sessions, History failed with error: NetworkError
2025-03-26 15:24:36.920: [INFO][SyncSchedulerImpl::DoNudgeSyncCycleJob] Syncer error: Network error (ERR_CONNECTION_CLOSED)
2025-03-26 15:24:36.924: [WARN][Sync] NetworkError: Network error (ERR_CONNECTION_CLOSED)
2025-03-26 15:33:53.877: [INFO][SyncSchedulerImpl::OnSyncNetworkError] Syncer error: Network error (ERR_CONNECTION_CLOSED)
2025-03-26 15:33:53.877: [INFO][Commit::ReportFullCommitFailure] Commit Sessions, History failed with error: NetworkError
2025-03-26 15:33:53.877: [INFO][SyncSchedulerImpl::DoNudgeSyncCycleJob] Syncer error: Network error (ERR_CONNECTION_CLOSED)
2025-03-26 15:33:53.880: [WARN][Sync] NetworkError: Network error (ERR_CONNECTION_CLOSED)
2025-03-26 15:51:32.562: [INFO][SyncSchedulerImpl::OnSyncNetworkError] Syncer error: Network error (ERR_CONNECTION_CLOSED)
2025-03-26 15:51:32.563: [INFO][Commit::ReportFullCommitFailure] Commit Sessions, History failed with error: NetworkError
2025-03-26 15:51:32.563: [INFO][SyncSchedulerImpl::DoNudgeSyncCycleJob] Syncer error: Network error (ERR_CONNECTION_CLOSED)
2025-03-26 15:51:32.567: [WARN][Sync] NetworkError: Network error (ERR_CONNECTION_CLOSED)
2025-03-27 15:29:48.231: [INFO][Sync] SyncState after authenticated was: FeatureCanStart
2025-03-27 15:29:49.527: [INFO][SyncAuthManager::SetLastAuthError] Current auth error: None
2025-03-27 15:29:49.527: [INFO][SyncAuthManager::EdgeLogTokenErrorState] Token error with: None for account type: MSA
2025-03-27 15:29:49.527: [INFO][Sync] Credentials changed for: EdgeSyncKeyDataScope
2025-03-27 15:29:50.259: [INFO][Sync] Try to start sync engine
2025-03-27 15:29:50.265: [INFO][SyncAuthManager::SetLastAuthError] Current auth error: None
2025-03-27 15:29:50.265: [INFO][SyncAuthManager::EdgeLogTokenErrorState] Token error with: None for account type: MSA
2025-03-27 15:29:50.265: [INFO][Sync] Credentials changed for: EdgeSyncScopeNew
2025-03-27 15:29:50.269: [INFO][SyncEngineBackend::LoadAndConnectNigoriController] Load and connect Nigori controller
2025-03-27 15:29:50.269: [INFO][SyncEngineBackend::DoInitialize] Control Types added: 
2025-03-27 15:29:50.269: [INFO][SyncManagerImpl::ConfigureSyncer] Types to download:  with reason: 4
2025-03-27 15:29:50.269: [INFO][SyncEngineBackend::DoUpdateKeyDataCredentials] Update key data credentials
2025-03-27 15:29:50.269: [INFO][SyncEngineBackend::DoUpdateCredentials] Update credentials
2025-03-27 15:29:50.269: [INFO][SyncEngineBackend::DoUpdateKeyDataCredentials] Update key data credentials
2025-03-27 15:29:50.276: [INFO][Sync] Started DataTypeManager configuration, reason: 4
2025-03-27 15:29:50.276: [INFO][Sync] Configuring for: Bookmarks, Preferences, Passwords, Autofill Profiles, Autofill, Extensions, Sessions, Extension settings, History Delete Directives, Device Info, User Consents, Send Tab To Self, Web Apps, History, Collection, Edge E Drop, Edge Hub App Usage, Edge Tab Group, Edge Wallet, Encryption Keys, reason: 4, current state: 0
2025-03-27 15:29:50.276: [INFO][SyncEngineBackend::DoStartConfiguration] Start configuration
2025-03-27 15:29:50.277: [INFO][Sync] Configure, desired: Bookmarks, Preferences, Passwords, Autofill Profiles, Autofill, Extensions, Sessions, Extension settings, History Delete Directives, Device Info, User Consents, Send Tab To Self, Web Apps, History, Collection, Edge E Drop, Edge Hub App Usage, Edge Tab Group, Edge Wallet, Encryption Keys; Allow fail: 
2025-03-27 15:29:50.277: [INFO][Sync] Loading: Bookmarks
2025-03-27 15:29:50.277: [INFO][Sync] Loading: Preferences
2025-03-27 15:29:50.277: [INFO][Sync] Loading: Passwords
2025-03-27 15:29:50.277: [INFO][Sync] Loading: Autofill Profiles
2025-03-27 15:29:50.277: [INFO][Sync] Loading: Autofill
2025-03-27 15:29:50.277: [INFO][Sync] Loading: Extensions
2025-03-27 15:29:50.277: [INFO][Sync] Loading: Sessions
2025-03-27 15:29:50.277: [INFO][Sync] Loading: Extension settings
2025-03-27 15:29:50.277: [INFO][Sync] Loading: History Delete Directives
2025-03-27 15:29:50.277: [INFO][Sync] Loading: Device Info
2025-03-27 15:29:50.277: [INFO][Sync] Loading: User Consents
2025-03-27 15:29:50.277: [INFO][Sync] Loading: Send Tab To Self
2025-03-27 15:29:50.277: [INFO][Sync] Loading: Web Apps
2025-03-27 15:29:50.277: [INFO][Sync] Loading: History
2025-03-27 15:29:50.277: [INFO][Sync] Loading: Collection
2025-03-27 15:29:50.277: [INFO][Sync] Loading: Edge E Drop
2025-03-27 15:29:50.277: [INFO][Sync] Loading: Edge Hub App Usage
2025-03-27 15:29:50.277: [INFO][Sync] Loading: Edge Tab Group
2025-03-27 15:29:50.277: [INFO][Sync] Loading: Edge Wallet
2025-03-27 15:29:50.282: [INFO][Sync] All data types are ready for configure.
2025-03-27 15:29:50.282: [INFO][SyncManagerImpl::ConfigureSyncer] Types to download:  with reason: 4
2025-03-27 15:29:50.282: [INFO][SyncEngineBackend::DoFinishConfigureDataTypes] Failed to download types:  and succeeded types: 
2025-03-27 15:29:50.283: [INFO][Sync] ConfigurationDone, failed: , succeeded: , remaining count: 4
2025-03-27 15:29:50.283: [INFO][SyncManagerImpl::ConfigureSyncer] Types to download:  with reason: 4
2025-03-27 15:29:50.283: [INFO][SyncEngineBackend::DoFinishConfigureDataTypes] Failed to download types:  and succeeded types: 
2025-03-27 15:29:50.283: [INFO][Sync] ConfigurationDone, failed: , succeeded: , remaining count: 3
2025-03-27 15:29:50.283: [INFO][SyncManagerImpl::ConfigureSyncer] Types to download:  with reason: 4
2025-03-27 15:29:50.283: [INFO][SyncEngineBackend::DoFinishConfigureDataTypes] Failed to download types:  and succeeded types: 
2025-03-27 15:29:50.283: [INFO][Sync] ConfigurationDone, failed: , succeeded: , remaining count: 2
2025-03-27 15:29:50.283: [INFO][SyncManagerImpl::ConfigureSyncer] Types to download:  with reason: 4
2025-03-27 15:29:50.283: [INFO][SyncEngineBackend::DoFinishConfigureDataTypes] Failed to download types:  and succeeded types: 
2025-03-27 15:29:50.283: [INFO][Sync] ConfigurationDone, failed: , succeeded: , remaining count: 1
2025-03-27 15:29:50.284: [INFO][SyncManagerImpl::ConfigureSyncer] Types to download:  with reason: 4
2025-03-27 15:29:50.284: [INFO][SyncEngineBackend::DoFinishConfigureDataTypes] Failed to download types:  and succeeded types: 
2025-03-27 15:29:50.286: [INFO][Sync] ConfigurationDone, failed: , succeeded: , remaining count: 0
2025-03-27 15:29:50.287: [INFO][Sync]     Configuration completed, state: 3
2025-03-27 15:29:50.287: [INFO][Sync] Configured DataTypeManager: Ok
2025-03-27 15:29:50.288: [INFO][SyncEngineBackend::DoStartSyncing] Start syncing
2025-03-27 15:57:14.445: [INFO][SyncSchedulerImpl::OnSyncNetworkError] Syncer error: Network error (ERR_CONNECTION_CLOSED)
2025-03-27 15:57:14.445: [INFO][Commit::ReportFullCommitFailure] Commit Sessions, History failed with error: NetworkError
2025-03-27 15:57:14.445: [INFO][SyncSchedulerImpl::DoNudgeSyncCycleJob] Syncer error: Network error (ERR_CONNECTION_CLOSED)
2025-03-27 15:57:14.448: [WARN][Sync] NetworkError: Network error (ERR_CONNECTION_CLOSED)
2025-03-27 15:57:59.969: [INFO][SyncSchedulerImpl::OnSyncNetworkError] Syncer error: Network error (ERR_CONNECTION_CLOSED)
2025-03-27 15:57:59.969: [INFO][Commit::ReportFullCommitFailure] Commit Sessions, History failed with error: NetworkError
2025-03-27 15:57:59.969: [INFO][SyncSchedulerImpl::DoNudgeSyncCycleJob] Syncer error: Network error (ERR_CONNECTION_CLOSED)
2025-03-27 15:57:59.972: [WARN][Sync] NetworkError: Network error (ERR_CONNECTION_CLOSED)
2025-03-27 16:10:10.374: [INFO][SyncSchedulerImpl::OnSyncNetworkError] Syncer error: Network error (ERR_CONNECTION_CLOSED)
2025-03-27 16:10:10.374: [INFO][Commit::ReportFullCommitFailure] Commit Sessions, History failed with error: NetworkError
2025-03-27 16:10:10.374: [INFO][SyncSchedulerImpl::DoNudgeSyncCycleJob] Syncer error: Network error (ERR_CONNECTION_CLOSED)
2025-03-27 16:10:10.377: [WARN][Sync] NetworkError: Network error (ERR_CONNECTION_CLOSED)
2025-03-27 16:15:32.519: [INFO][Sync] SyncState after authenticated was: FeatureCanStart
2025-03-27 16:15:33.227: [INFO][SyncAuthManager::SetLastAuthError] Current auth error: None
2025-03-27 16:15:33.227: [INFO][SyncAuthManager::EdgeLogTokenErrorState] Token error with: None for account type: MSA
2025-03-27 16:15:33.227: [INFO][Sync] Credentials changed for: EdgeSyncKeyDataScope
2025-03-27 16:15:34.221: [INFO][Sync] Try to start sync engine
2025-03-27 16:15:34.226: [INFO][SyncAuthManager::SetLastAuthError] Current auth error: None
2025-03-27 16:15:34.226: [INFO][SyncAuthManager::EdgeLogTokenErrorState] Token error with: None for account type: MSA
2025-03-27 16:15:34.226: [INFO][Sync] Credentials changed for: EdgeSyncScopeNew
2025-03-27 16:15:34.230: [INFO][SyncEngineBackend::LoadAndConnectNigoriController] Load and connect Nigori controller
2025-03-27 16:15:34.230: [INFO][SyncEngineBackend::DoInitialize] Control Types added: 
2025-03-27 16:15:34.230: [INFO][SyncManagerImpl::ConfigureSyncer] Types to download:  with reason: 4
2025-03-27 16:15:34.230: [INFO][SyncEngineBackend::DoUpdateKeyDataCredentials] Update key data credentials
2025-03-27 16:15:34.230: [INFO][SyncEngineBackend::DoUpdateCredentials] Update credentials
2025-03-27 16:15:34.230: [INFO][SyncEngineBackend::DoUpdateKeyDataCredentials] Update key data credentials
2025-03-27 16:15:34.236: [INFO][Sync] Started DataTypeManager configuration, reason: 4
2025-03-27 16:15:34.236: [INFO][Sync] Configuring for: Bookmarks, Preferences, Passwords, Autofill Profiles, Autofill, Extensions, Sessions, Extension settings, History Delete Directives, Device Info, User Consents, Send Tab To Self, Web Apps, History, Collection, Edge E Drop, Edge Hub App Usage, Edge Tab Group, Edge Wallet, Encryption Keys, reason: 4, current state: 0
2025-03-27 16:15:34.236: [INFO][SyncEngineBackend::DoStartConfiguration] Start configuration
2025-03-27 16:15:34.237: [INFO][Sync] Configure, desired: Bookmarks, Preferences, Passwords, Autofill Profiles, Autofill, Extensions, Sessions, Extension settings, History Delete Directives, Device Info, User Consents, Send Tab To Self, Web Apps, History, Collection, Edge E Drop, Edge Hub App Usage, Edge Tab Group, Edge Wallet, Encryption Keys; Allow fail: 
2025-03-27 16:15:34.237: [INFO][Sync] Loading: Bookmarks
2025-03-27 16:15:34.237: [INFO][Sync] Loading: Preferences
2025-03-27 16:15:34.237: [INFO][Sync] Loading: Passwords
2025-03-27 16:15:34.237: [INFO][Sync] Loading: Autofill Profiles
2025-03-27 16:15:34.237: [INFO][Sync] Loading: Autofill
2025-03-27 16:15:34.237: [INFO][Sync] Loading: Extensions
2025-03-27 16:15:34.237: [INFO][Sync] Loading: Sessions
2025-03-27 16:15:34.237: [INFO][Sync] Loading: Extension settings
2025-03-27 16:15:34.237: [INFO][Sync] Loading: History Delete Directives
2025-03-27 16:15:34.237: [INFO][Sync] Loading: Device Info
2025-03-27 16:15:34.237: [INFO][Sync] Loading: User Consents
2025-03-27 16:15:34.237: [INFO][Sync] Loading: Send Tab To Self
2025-03-27 16:15:34.237: [INFO][Sync] Loading: Web Apps
2025-03-27 16:15:34.237: [INFO][Sync] Loading: History
2025-03-27 16:15:34.237: [INFO][Sync] Loading: Collection
2025-03-27 16:15:34.237: [INFO][Sync] Loading: Edge E Drop
2025-03-27 16:15:34.237: [INFO][Sync] Loading: Edge Hub App Usage
2025-03-27 16:15:34.237: [INFO][Sync] Loading: Edge Tab Group
2025-03-27 16:15:34.237: [INFO][Sync] Loading: Edge Wallet
2025-03-27 16:15:34.244: [INFO][Sync] All data types are ready for configure.
2025-03-27 16:15:34.245: [INFO][SyncManagerImpl::ConfigureSyncer] Types to download:  with reason: 4
2025-03-27 16:15:34.245: [INFO][SyncEngineBackend::DoFinishConfigureDataTypes] Failed to download types:  and succeeded types: 
2025-03-27 16:15:34.245: [INFO][Sync] ConfigurationDone, failed: , succeeded: , remaining count: 4
2025-03-27 16:15:34.245: [INFO][SyncManagerImpl::ConfigureSyncer] Types to download:  with reason: 4
2025-03-27 16:15:34.245: [INFO][SyncEngineBackend::DoFinishConfigureDataTypes] Failed to download types:  and succeeded types: 
2025-03-27 16:15:34.245: [INFO][Sync] ConfigurationDone, failed: , succeeded: , remaining count: 3
2025-03-27 16:15:34.245: [INFO][SyncManagerImpl::ConfigureSyncer] Types to download:  with reason: 4
2025-03-27 16:15:34.245: [INFO][SyncEngineBackend::DoFinishConfigureDataTypes] Failed to download types:  and succeeded types: 
2025-03-27 16:15:34.245: [INFO][Sync] ConfigurationDone, failed: , succeeded: , remaining count: 2
2025-03-27 16:15:34.245: [INFO][SyncManagerImpl::ConfigureSyncer] Types to download:  with reason: 4
2025-03-27 16:15:34.245: [INFO][SyncEngineBackend::DoFinishConfigureDataTypes] Failed to download types:  and succeeded types: 
2025-03-27 16:15:34.245: [INFO][Sync] ConfigurationDone, failed: , succeeded: , remaining count: 1
2025-03-27 16:15:34.247: [INFO][SyncManagerImpl::ConfigureSyncer] Types to download:  with reason: 4
2025-03-27 16:15:34.247: [INFO][SyncEngineBackend::DoFinishConfigureDataTypes] Failed to download types:  and succeeded types: 
2025-03-27 16:15:34.247: [INFO][Sync] ConfigurationDone, failed: , succeeded: , remaining count: 0
2025-03-27 16:15:34.248: [INFO][Sync]     Configuration completed, state: 3
2025-03-27 16:15:34.248: [INFO][Sync] Configured DataTypeManager: Ok
2025-03-27 16:15:34.248: [INFO][SyncEngineBackend::DoStartSyncing] Start syncing
2025-03-27 16:17:37.254: [INFO][Sync] SyncState after authenticated was: FeatureCanStart
2025-03-27 16:17:37.969: [INFO][SyncAuthManager::SetLastAuthError] Current auth error: None
2025-03-27 16:17:37.969: [INFO][SyncAuthManager::EdgeLogTokenErrorState] Token error with: None for account type: MSA
2025-03-27 16:17:37.969: [INFO][Sync] Credentials changed for: EdgeSyncKeyDataScope
2025-03-27 16:17:38.582: [INFO][Sync] Try to start sync engine
2025-03-27 16:17:38.584: [INFO][SyncAuthManager::SetLastAuthError] Current auth error: None
2025-03-27 16:17:38.584: [INFO][SyncAuthManager::EdgeLogTokenErrorState] Token error with: None for account type: MSA
2025-03-27 16:17:38.584: [INFO][Sync] Credentials changed for: EdgeSyncScopeNew
2025-03-27 16:17:38.585: [INFO][SyncEngineBackend::LoadAndConnectNigoriController] Load and connect Nigori controller
2025-03-27 16:17:38.585: [INFO][SyncEngineBackend::DoInitialize] Control Types added: 
2025-03-27 16:17:38.585: [INFO][SyncManagerImpl::ConfigureSyncer] Types to download:  with reason: 4
2025-03-27 16:17:38.585: [INFO][SyncEngineBackend::DoUpdateKeyDataCredentials] Update key data credentials
2025-03-27 16:17:38.585: [INFO][SyncEngineBackend::DoUpdateCredentials] Update credentials
2025-03-27 16:17:38.585: [INFO][SyncEngineBackend::DoUpdateKeyDataCredentials] Update key data credentials
2025-03-27 16:17:38.588: [INFO][Sync] Started DataTypeManager configuration, reason: 4
2025-03-27 16:17:38.588: [INFO][Sync] Configuring for: Bookmarks, Preferences, Passwords, Autofill Profiles, Autofill, Extensions, Sessions, Extension settings, History Delete Directives, Device Info, User Consents, Send Tab To Self, Web Apps, History, Collection, Edge E Drop, Edge Hub App Usage, Edge Tab Group, Edge Wallet, Encryption Keys, reason: 4, current state: 0
2025-03-27 16:17:38.588: [INFO][SyncEngineBackend::DoStartConfiguration] Start configuration
2025-03-27 16:17:38.589: [INFO][Sync] Configure, desired: Bookmarks, Preferences, Passwords, Autofill Profiles, Autofill, Extensions, Sessions, Extension settings, History Delete Directives, Device Info, User Consents, Send Tab To Self, Web Apps, History, Collection, Edge E Drop, Edge Hub App Usage, Edge Tab Group, Edge Wallet, Encryption Keys; Allow fail: 
2025-03-27 16:17:38.589: [INFO][Sync] Loading: Bookmarks
2025-03-27 16:17:38.589: [INFO][Sync] Loading: Preferences
2025-03-27 16:17:38.589: [INFO][Sync] Loading: Passwords
2025-03-27 16:17:38.589: [INFO][Sync] Loading: Autofill Profiles
2025-03-27 16:17:38.589: [INFO][Sync] Loading: Autofill
2025-03-27 16:17:38.589: [INFO][Sync] Loading: Extensions
2025-03-27 16:17:38.589: [INFO][Sync] Loading: Sessions
2025-03-27 16:17:38.589: [INFO][Sync] Loading: Extension settings
2025-03-27 16:17:38.589: [INFO][Sync] Loading: History Delete Directives
2025-03-27 16:17:38.589: [INFO][Sync] Loading: Device Info
2025-03-27 16:17:38.589: [INFO][Sync] Loading: User Consents
2025-03-27 16:17:38.589: [INFO][Sync] Loading: Send Tab To Self
2025-03-27 16:17:38.589: [INFO][Sync] Loading: Web Apps
2025-03-27 16:17:38.589: [INFO][Sync] Loading: History
2025-03-27 16:17:38.589: [INFO][Sync] Loading: Collection
2025-03-27 16:17:38.589: [INFO][Sync] Loading: Edge E Drop
2025-03-27 16:17:38.589: [INFO][Sync] Loading: Edge Hub App Usage
2025-03-27 16:17:38.589: [INFO][Sync] Loading: Edge Tab Group
2025-03-27 16:17:38.589: [INFO][Sync] Loading: Edge Wallet
2025-03-27 16:17:38.595: [INFO][Sync] All data types are ready for configure.
2025-03-27 16:17:38.595: [INFO][SyncManagerImpl::ConfigureSyncer] Types to download:  with reason: 4
2025-03-27 16:17:38.595: [INFO][SyncEngineBackend::DoFinishConfigureDataTypes] Failed to download types:  and succeeded types: 
2025-03-27 16:17:38.595: [INFO][Sync] ConfigurationDone, failed: , succeeded: , remaining count: 4
2025-03-27 16:17:38.595: [INFO][SyncManagerImpl::ConfigureSyncer] Types to download:  with reason: 4
2025-03-27 16:17:38.595: [INFO][SyncEngineBackend::DoFinishConfigureDataTypes] Failed to download types:  and succeeded types: 
2025-03-27 16:17:38.595: [INFO][Sync] ConfigurationDone, failed: , succeeded: , remaining count: 3
2025-03-27 16:17:38.595: [INFO][SyncManagerImpl::ConfigureSyncer] Types to download:  with reason: 4
2025-03-27 16:17:38.595: [INFO][SyncEngineBackend::DoFinishConfigureDataTypes] Failed to download types:  and succeeded types: 
2025-03-27 16:17:38.596: [INFO][Sync] ConfigurationDone, failed: , succeeded: , remaining count: 2
2025-03-27 16:17:38.596: [INFO][SyncManagerImpl::ConfigureSyncer] Types to download:  with reason: 4
2025-03-27 16:17:38.596: [INFO][SyncEngineBackend::DoFinishConfigureDataTypes] Failed to download types:  and succeeded types: 
2025-03-27 16:17:38.596: [INFO][Sync] ConfigurationDone, failed: , succeeded: , remaining count: 1
2025-03-27 16:17:38.597: [INFO][SyncManagerImpl::ConfigureSyncer] Types to download:  with reason: 4
2025-03-27 16:17:38.597: [INFO][SyncEngineBackend::DoFinishConfigureDataTypes] Failed to download types:  and succeeded types: 
2025-03-27 16:17:38.597: [INFO][Sync] ConfigurationDone, failed: , succeeded: , remaining count: 0
2025-03-27 16:17:38.597: [INFO][Sync]     Configuration completed, state: 3
2025-03-27 16:17:38.598: [INFO][Sync] Configured DataTypeManager: Ok
2025-03-27 16:17:38.598: [INFO][SyncEngineBackend::DoStartSyncing] Start syncing
2025-04-23 11:40:36.951: [INFO][Sync] SyncState after authenticated was: FeatureCanStart
2025-04-23 11:40:40.092: [INFO][SyncAuthManager::EdgeLogTokenErrorState] Token error with: EDGE_AUTH_ERROR: 3, 49, 0 for account type: MSA
2025-04-23 11:40:40.092: [INFO][Sync] Credentials changed for: EdgeSyncKeyDataScope
2025-04-23 11:40:40.093: [INFO][SyncAuthManager::EdgeLogTokenErrorState] Token error with: EDGE_AUTH_ERROR: 3, 49, 0 for account type: MSA
2025-04-23 11:40:40.093: [INFO][Sync] Credentials changed for: EdgeSyncKeyDataScope
2025-04-23 11:40:41.746: [INFO][SyncAuthManager::EdgeLogTokenErrorState] Token error with: EDGE_AUTH_ERROR: 3, 49, 0 for account type: MSA
2025-04-23 11:40:41.746: [INFO][Sync] Credentials changed for: EdgeSyncKeyDataScope
2025-04-23 11:40:44.955: [INFO][SyncAuthManager::EdgeLogTokenErrorState] Token error with: EDGE_AUTH_ERROR: 3, 49, 0 for account type: MSA
2025-04-23 11:40:44.955: [INFO][Sync] Credentials changed for: EdgeSyncKeyDataScope
2025-04-23 11:40:48.432: [INFO][Sync] Try to start sync engine
2025-04-23 11:40:48.432: [INFO][SyncAuthManager::EdgeLogTokenErrorState] Token error with: EDGE_AUTH_ERROR: 3, 49, 0 for account type: MSA
2025-04-23 11:40:48.432: [INFO][Sync] Credentials changed for: EdgeSyncScopeNew
2025-04-23 11:40:48.445: [WARN][Sync]    Token is empty
2025-04-23 11:40:48.446: [INFO][SyncAuthManager::EdgeLogTokenErrorState] Token error with: EDGE_AUTH_ERROR: 3, 49, 0 for account type: MSA
2025-04-23 11:40:48.446: [INFO][Sync] Credentials changed for: EdgeSyncScopeNew
2025-04-23 11:40:48.446: [WARN][Sync]    Token is empty
2025-04-23 11:40:48.463: [INFO][SyncEngineBackend::LoadAndConnectNigoriController] Load and connect Nigori controller
2025-04-23 11:40:48.463: [INFO][SyncEngineBackend::DoInitialize] Control Types added: 
2025-04-23 11:40:48.463: [INFO][SyncManagerImpl::ConfigureSyncer] Types to download:  with reason: 4
2025-04-23 11:40:48.464: [INFO][Sync] Started DataTypeManager configuration, reason: 4
2025-04-23 11:40:48.464: [INFO][Sync] Configuring for: Bookmarks, Preferences, Passwords, Autofill Profiles, Autofill, Extensions, Sessions, Extension settings, History Delete Directives, Device Info, User Consents, Send Tab To Self, Web Apps, History, Collection, Edge E Drop, Edge Hub App Usage, Edge Tab Group, Edge Wallet, Encryption Keys, reason: 4, current state: 0
2025-04-23 11:40:48.464: [INFO][SyncEngineBackend::DoStartConfiguration] Start configuration
2025-04-23 11:40:48.465: [INFO][Sync] Configure, desired: Bookmarks, Preferences, Passwords, Autofill Profiles, Autofill, Extensions, Sessions, Extension settings, History Delete Directives, Device Info, User Consents, Send Tab To Self, Web Apps, History, Collection, Edge E Drop, Edge Hub App Usage, Edge Tab Group, Edge Wallet, Encryption Keys; Allow fail: 
2025-04-23 11:40:48.465: [INFO][Sync] Loading: Bookmarks
2025-04-23 11:40:48.465: [INFO][Sync] Loading: Preferences
2025-04-23 11:40:48.465: [INFO][Sync] Loading: Passwords
2025-04-23 11:40:48.465: [INFO][Sync] Loading: Autofill Profiles
2025-04-23 11:40:48.465: [INFO][Sync] Loading: Autofill
2025-04-23 11:40:48.465: [INFO][Sync] Loading: Extensions
2025-04-23 11:40:48.465: [INFO][Sync] Loading: Sessions
2025-04-23 11:40:48.465: [INFO][Sync] Loading: Extension settings
2025-04-23 11:40:48.465: [INFO][Sync] Loading: History Delete Directives
2025-04-23 11:40:48.465: [INFO][Sync] Loading: Device Info
2025-04-23 11:40:48.465: [INFO][Sync] Loading: User Consents
2025-04-23 11:40:48.465: [INFO][Sync] Loading: Send Tab To Self
2025-04-23 11:40:48.465: [INFO][Sync] Loading: Web Apps
2025-04-23 11:40:48.465: [INFO][Sync] Loading: History
2025-04-23 11:40:48.465: [INFO][Sync] Loading: Collection
2025-04-23 11:40:48.465: [INFO][Sync] Loading: Edge E Drop
2025-04-23 11:40:48.465: [INFO][Sync] Loading: Edge Hub App Usage
2025-04-23 11:40:48.465: [INFO][Sync] Loading: Edge Tab Group
2025-04-23 11:40:48.465: [INFO][Sync] Loading: Edge Wallet
2025-04-23 11:40:48.470: [INFO][Sync] Connection status changed to: 2
2025-04-23 11:40:48.471: [INFO][Sync] Connection status changed to: 2
2025-04-23 11:40:48.505: [INFO][Sync] All data types are ready for configure.
2025-04-23 11:40:48.505: [INFO][SyncManagerImpl::ConfigureSyncer] Types to download:  with reason: 4
2025-04-23 11:40:48.505: [INFO][SyncEngineBackend::DoFinishConfigureDataTypes] Failed to download types:  and succeeded types: 
2025-04-23 11:40:48.505: [INFO][Sync] ConfigurationDone, failed: , succeeded: , remaining count: 4
2025-04-23 11:40:48.505: [INFO][SyncManagerImpl::ConfigureSyncer] Types to download:  with reason: 4
2025-04-23 11:40:48.505: [INFO][SyncEngineBackend::DoFinishConfigureDataTypes] Failed to download types:  and succeeded types: 
2025-04-23 11:40:48.505: [INFO][Sync] ConfigurationDone, failed: , succeeded: , remaining count: 3
2025-04-23 11:40:48.505: [INFO][SyncManagerImpl::ConfigureSyncer] Types to download:  with reason: 4
2025-04-23 11:40:48.505: [INFO][SyncEngineBackend::DoFinishConfigureDataTypes] Failed to download types:  and succeeded types: 
2025-04-23 11:40:48.505: [INFO][Sync] ConfigurationDone, failed: , succeeded: , remaining count: 2
2025-04-23 11:40:48.505: [INFO][SyncManagerImpl::ConfigureSyncer] Types to download:  with reason: 4
2025-04-23 11:40:48.505: [INFO][SyncEngineBackend::DoFinishConfigureDataTypes] Failed to download types:  and succeeded types: 
2025-04-23 11:40:48.505: [INFO][Sync] ConfigurationDone, failed: , succeeded: , remaining count: 1
2025-04-23 11:40:48.506: [INFO][SyncManagerImpl::ConfigureSyncer] Types to download:  with reason: 4
2025-04-23 11:40:48.506: [INFO][SyncEngineBackend::DoFinishConfigureDataTypes] Failed to download types:  and succeeded types: 
2025-04-23 11:40:48.506: [INFO][Sync] ConfigurationDone, failed: , succeeded: , remaining count: 0
2025-04-23 11:40:48.507: [INFO][Sync]     Configuration completed, state: 3
2025-04-23 11:40:48.507: [INFO][Sync] Configured DataTypeManager: Ok
2025-04-23 11:40:48.508: [INFO][SyncEngineBackend::DoStartSyncing] Start syncing
2025-04-23 11:40:50.049: [INFO][SyncAuthManager::EdgeLogTokenErrorState] Token error with: EDGE_AUTH_ERROR: 3, 49, 0 for account type: MSA
2025-04-23 11:40:50.049: [INFO][Sync] Credentials changed for: EdgeSyncScopeNew
2025-04-23 11:40:50.049: [WARN][Sync]    Token is empty
2025-04-23 11:40:50.053: [INFO][Sync] Connection status changed to: 2
2025-04-23 11:40:52.670: [INFO][SyncAuthManager::EdgeLogTokenErrorState] Token error with: EDGE_AUTH_ERROR: 3, 49, 0 for account type: MSA
2025-04-23 11:40:52.670: [INFO][Sync] Credentials changed for: EdgeSyncKeyDataScope
2025-04-23 11:40:53.799: [INFO][SyncAuthManager::EdgeLogTokenErrorState] Token error with: EDGE_AUTH_ERROR: 3, 49, 0 for account type: MSA
2025-04-23 11:40:53.799: [INFO][Sync] Credentials changed for: EdgeSyncScopeNew
2025-04-23 11:40:53.799: [WARN][Sync]    Token is empty
2025-04-23 11:40:53.802: [INFO][Sync] Connection status changed to: 2
2025-04-23 11:41:01.274: [INFO][SyncAuthManager::EdgeLogTokenErrorState] Token error with: EDGE_AUTH_ERROR: 3, 49, 0 for account type: MSA
2025-04-23 11:41:01.274: [INFO][Sync] Credentials changed for: EdgeSyncScopeNew
2025-04-23 11:41:01.274: [WARN][Sync]    Token is empty
2025-04-23 11:41:01.278: [INFO][Sync] Connection status changed to: 2
2025-04-23 11:41:08.346: [INFO][SyncAuthManager::EdgeLogTokenErrorState] Token error with: EDGE_AUTH_ERROR: 3, 49, 0 for account type: MSA
2025-04-23 11:41:08.346: [INFO][Sync] Credentials changed for: EdgeSyncKeyDataScope
2025-04-23 11:41:16.792: [INFO][SyncAuthManager::EdgeLogTokenErrorState] Token error with: EDGE_AUTH_ERROR: 3, 49, 0 for account type: MSA
2025-04-23 11:41:16.792: [INFO][Sync] Credentials changed for: EdgeSyncScopeNew
2025-04-23 11:41:16.792: [WARN][Sync]    Token is empty
2025-04-23 11:41:16.796: [INFO][Sync] Connection status changed to: 2
2025-04-23 11:41:37.775: [INFO][SyncAuthManager::EdgeLogTokenErrorState] Token error with: EDGE_AUTH_ERROR: 3, 49, 0 for account type: MSA
2025-04-23 11:41:37.775: [INFO][Sync] Credentials changed for: EdgeSyncKeyDataScope
2025-04-23 11:41:48.232: [INFO][SyncAuthManager::EdgeLogTokenErrorState] Token error with: EDGE_AUTH_ERROR: 3, 49, 0 for account type: MSA
2025-04-23 11:41:48.232: [INFO][Sync] Credentials changed for: EdgeSyncScopeNew
2025-04-23 11:41:48.232: [WARN][Sync]    Token is empty
2025-04-23 11:41:48.235: [INFO][Sync] Connection status changed to: 2
2025-04-23 11:42:36.679: [INFO][SyncAuthManager::EdgeLogTokenErrorState] Token error with: EDGE_AUTH_ERROR: 3, 49, 0 for account type: MSA
2025-04-23 11:42:36.679: [INFO][Sync] Credentials changed for: EdgeSyncKeyDataScope
2025-04-23 11:42:42.723: [INFO][SyncAuthManager::EdgeLogTokenErrorState] Token error with: EDGE_AUTH_ERROR: 3, 49, 0 for account type: MSA
2025-04-23 11:42:42.723: [INFO][Sync] Credentials changed for: EdgeSyncScopeNew
2025-04-23 11:42:42.723: [WARN][Sync]    Token is empty
2025-04-23 11:42:42.727: [INFO][Sync] Connection status changed to: 2
2025-04-23 11:44:23.200: [INFO][SyncAuthManager::EdgeLogTokenErrorState] Token error with: EDGE_AUTH_ERROR: 3, 49, 0 for account type: MSA
2025-04-23 11:44:23.200: [INFO][Sync] Credentials changed for: EdgeSyncKeyDataScope
2025-04-23 11:44:31.963: [INFO][SyncAuthManager::EdgeLogTokenErrorState] Token error with: EDGE_AUTH_ERROR: 3, 49, 0 for account type: MSA
2025-04-23 11:44:31.963: [INFO][Sync] Credentials changed for: EdgeSyncScopeNew
2025-04-23 11:44:31.963: [WARN][Sync]    Token is empty
2025-04-23 11:44:31.966: [INFO][Sync] Connection status changed to: 2
2025-04-23 11:48:11.140: [INFO][SyncAuthManager::EdgeLogTokenErrorState] Token error with: EDGE_AUTH_ERROR: 3, 49, 0 for account type: MSA
2025-04-23 11:48:11.140: [INFO][Sync] Credentials changed for: EdgeSyncScopeNew
2025-04-23 11:48:11.140: [WARN][Sync]    Token is empty
2025-04-23 11:48:11.143: [INFO][Sync] Connection status changed to: 2
2025-04-23 11:48:24.847: [INFO][SyncAuthManager::EdgeLogTokenErrorState] Token error with: EDGE_AUTH_ERROR: 3, 49, 0 for account type: MSA
2025-04-23 11:48:24.847: [INFO][Sync] Credentials changed for: EdgeSyncKeyDataScope
2025-04-23 11:55:05.602: [INFO][SyncAuthManager::EdgeLogTokenErrorState] Token error with: EDGE_AUTH_ERROR: 3, 49, 0 for account type: MSA
2025-04-23 11:55:05.602: [INFO][Sync] Credentials changed for: EdgeSyncScopeNew
2025-04-23 11:55:05.602: [WARN][Sync]    Token is empty
2025-04-23 11:55:05.605: [INFO][Sync] Connection status changed to: 2
2025-04-23 11:56:26.466: [INFO][SyncAuthManager::EdgeLogTokenErrorState] Token error with: EDGE_AUTH_ERROR: 3, 49, 0 for account type: MSA
2025-04-23 11:56:26.466: [INFO][Sync] Credentials changed for: EdgeSyncKeyDataScope
2025-04-23 12:10:21.450: [INFO][SyncAuthManager::EdgeLogTokenErrorState] Token error with: EDGE_AUTH_ERROR: 3, 49, 0 for account type: MSA
2025-04-23 12:10:21.450: [INFO][Sync] Credentials changed for: EdgeSyncScopeNew
2025-04-23 12:10:21.450: [WARN][Sync]    Token is empty
2025-04-23 12:10:21.454: [INFO][Sync] Connection status changed to: 2
2025-04-23 12:11:48.074: [INFO][SyncAuthManager::EdgeLogTokenErrorState] Token error with: EDGE_AUTH_ERROR: 3, 49, 0 for account type: MSA
2025-04-23 12:11:48.074: [INFO][Sync] Credentials changed for: EdgeSyncKeyDataScope
2025-04-23 15:28:43.861: [INFO][Sync] SyncState after authenticated was: FeatureCanStart
2025-04-23 15:28:47.197: [INFO][SyncAuthManager::EdgeLogTokenErrorState] Token error with: EDGE_AUTH_ERROR: 3, 49, 0 for account type: MSA
2025-04-23 15:28:47.197: [INFO][Sync] Credentials changed for: EdgeSyncKeyDataScope
2025-04-23 15:28:47.198: [INFO][SyncAuthManager::EdgeLogTokenErrorState] Token error with: EDGE_AUTH_ERROR: 3, 49, 0 for account type: MSA
2025-04-23 15:28:47.198: [INFO][Sync] Credentials changed for: EdgeSyncKeyDataScope
2025-04-23 15:28:49.194: [INFO][SyncAuthManager::EdgeLogTokenErrorState] Token error with: EDGE_AUTH_ERROR: 3, 49, 0 for account type: MSA
2025-04-23 15:28:49.194: [INFO][Sync] Credentials changed for: EdgeSyncKeyDataScope
2025-04-23 15:28:49.726: [INFO][Sync] Try to start sync engine
2025-04-23 15:28:49.727: [INFO][SyncAuthManager::EdgeLogTokenErrorState] Token error with: EDGE_AUTH_ERROR: 3, 49, 0 for account type: MSA
2025-04-23 15:28:49.727: [INFO][Sync] Credentials changed for: EdgeSyncScopeNew
2025-04-23 15:28:49.739: [WARN][Sync]    Token is empty
2025-04-23 15:28:49.742: [INFO][SyncAuthManager::EdgeLogTokenErrorState] Token error with: EDGE_AUTH_ERROR: 3, 49, 0 for account type: MSA
2025-04-23 15:28:49.742: [INFO][Sync] Credentials changed for: EdgeSyncScopeNew
2025-04-23 15:28:49.742: [WARN][Sync]    Token is empty
2025-04-23 15:28:49.784: [INFO][SyncEngineBackend::LoadAndConnectNigoriController] Load and connect Nigori controller
2025-04-23 15:28:49.784: [INFO][SyncEngineBackend::DoInitialize] Control Types added: 
2025-04-23 15:28:49.784: [INFO][SyncManagerImpl::ConfigureSyncer] Types to download:  with reason: 4
2025-04-23 15:28:49.790: [INFO][Sync] Started DataTypeManager configuration, reason: 4
2025-04-23 15:28:49.790: [INFO][Sync] Configuring for: Bookmarks, Preferences, Passwords, Autofill Profiles, Autofill, Extensions, Sessions, Extension settings, History Delete Directives, Device Info, User Consents, Send Tab To Self, Web Apps, History, Collection, Edge E Drop, Edge Hub App Usage, Edge Tab Group, Edge Wallet, Encryption Keys, reason: 4, current state: 0
2025-04-23 15:28:49.792: [INFO][Sync] Configure, desired: Bookmarks, Preferences, Passwords, Autofill Profiles, Autofill, Extensions, Sessions, Extension settings, History Delete Directives, Device Info, User Consents, Send Tab To Self, Web Apps, History, Collection, Edge E Drop, Edge Hub App Usage, Edge Tab Group, Edge Wallet, Encryption Keys; Allow fail: 
2025-04-23 15:28:49.792: [INFO][Sync] Loading: Bookmarks
2025-04-23 15:28:49.792: [INFO][Sync] Loading: Preferences
2025-04-23 15:28:49.792: [INFO][Sync] Loading: Passwords
2025-04-23 15:28:49.792: [INFO][Sync] Loading: Autofill Profiles
2025-04-23 15:28:49.792: [INFO][Sync] Loading: Autofill
2025-04-23 15:28:49.792: [INFO][Sync] Loading: Extensions
2025-04-23 15:28:49.792: [INFO][Sync] Loading: Sessions
2025-04-23 15:28:49.792: [INFO][Sync] Loading: Extension settings
2025-04-23 15:28:49.792: [INFO][Sync] Loading: History Delete Directives
2025-04-23 15:28:49.792: [INFO][Sync] Loading: Device Info
2025-04-23 15:28:49.792: [INFO][Sync] Loading: User Consents
2025-04-23 15:28:49.792: [INFO][Sync] Loading: Send Tab To Self
2025-04-23 15:28:49.792: [INFO][Sync] Loading: Web Apps
2025-04-23 15:28:49.792: [INFO][Sync] Loading: History
2025-04-23 15:28:49.792: [INFO][Sync] Loading: Collection
2025-04-23 15:28:49.792: [INFO][Sync] Loading: Edge E Drop
2025-04-23 15:28:49.792: [INFO][Sync] Loading: Edge Hub App Usage
2025-04-23 15:28:49.792: [INFO][Sync] Loading: Edge Tab Group
2025-04-23 15:28:49.792: [INFO][Sync] Loading: Edge Wallet
2025-04-23 15:28:49.794: [INFO][Sync] Connection status changed to: 2
2025-04-23 15:28:49.795: [INFO][Sync] Connection status changed to: 2
2025-04-23 15:28:49.814: [INFO][SyncEngineBackend::DoStartConfiguration] Start configuration
2025-04-23 15:28:49.895: [INFO][Sync] All data types are ready for configure.
2025-04-23 15:28:49.895: [INFO][SyncManagerImpl::ConfigureSyncer] Types to download:  with reason: 4
2025-04-23 15:28:49.895: [INFO][SyncEngineBackend::DoFinishConfigureDataTypes] Failed to download types:  and succeeded types: 
2025-04-23 15:28:49.895: [INFO][Sync] ConfigurationDone, failed: , succeeded: , remaining count: 4
2025-04-23 15:28:49.895: [INFO][SyncManagerImpl::ConfigureSyncer] Types to download:  with reason: 4
2025-04-23 15:28:49.895: [INFO][SyncEngineBackend::DoFinishConfigureDataTypes] Failed to download types:  and succeeded types: 
2025-04-23 15:28:49.895: [INFO][Sync] ConfigurationDone, failed: , succeeded: , remaining count: 3
2025-04-23 15:28:49.895: [INFO][SyncManagerImpl::ConfigureSyncer] Types to download:  with reason: 4
2025-04-23 15:28:49.895: [INFO][SyncEngineBackend::DoFinishConfigureDataTypes] Failed to download types:  and succeeded types: 
2025-04-23 15:28:49.895: [INFO][Sync] ConfigurationDone, failed: , succeeded: , remaining count: 2
2025-04-23 15:28:49.895: [INFO][SyncManagerImpl::ConfigureSyncer] Types to download:  with reason: 4
2025-04-23 15:28:49.895: [INFO][SyncEngineBackend::DoFinishConfigureDataTypes] Failed to download types:  and succeeded types: 
2025-04-23 15:28:49.895: [INFO][Sync] ConfigurationDone, failed: , succeeded: , remaining count: 1
2025-04-23 15:28:49.896: [INFO][SyncManagerImpl::ConfigureSyncer] Types to download:  with reason: 4
2025-04-23 15:28:49.896: [INFO][SyncEngineBackend::DoFinishConfigureDataTypes] Failed to download types:  and succeeded types: 
2025-04-23 15:28:49.896: [INFO][Sync] ConfigurationDone, failed: , succeeded: , remaining count: 0
2025-04-23 15:28:49.897: [INFO][Sync]     Configuration completed, state: 3
2025-04-23 15:28:49.897: [INFO][Sync] Configured DataTypeManager: Ok
2025-04-23 15:28:49.898: [INFO][SyncEngineBackend::DoStartSyncing] Start syncing
2025-04-23 15:28:51.412: [INFO][SyncAuthManager::EdgeLogTokenErrorState] Token error with: EDGE_AUTH_ERROR: 3, 49, 0 for account type: MSA
2025-04-23 15:28:51.412: [INFO][Sync] Credentials changed for: EdgeSyncScopeNew
2025-04-23 15:28:51.412: [WARN][Sync]    Token is empty
2025-04-23 15:28:51.413: [INFO][Sync] Connection status changed to: 2
2025-04-23 15:28:52.473: [INFO][SyncAuthManager::EdgeLogTokenErrorState] Token error with: EDGE_AUTH_ERROR: 3, 49, 0 for account type: MSA
2025-04-23 15:28:52.473: [INFO][Sync] Credentials changed for: EdgeSyncKeyDataScope
2025-04-23 15:28:54.730: [INFO][SyncAuthManager::EdgeLogTokenErrorState] Token error with: EDGE_AUTH_ERROR: 3, 49, 0 for account type: MSA
2025-04-23 15:28:54.730: [INFO][Sync] Credentials changed for: EdgeSyncScopeNew
2025-04-23 15:28:54.730: [WARN][Sync]    Token is empty
2025-04-23 15:28:54.731: [INFO][Sync] Connection status changed to: 2
2025-04-23 15:28:59.717: [INFO][SyncAuthManager::EdgeLogTokenErrorState] Token error with: EDGE_AUTH_ERROR: 3, 49, 0 for account type: MSA
2025-04-23 15:28:59.717: [INFO][Sync] Credentials changed for: EdgeSyncKeyDataScope
2025-04-23 15:29:01.913: [INFO][SyncAuthManager::EdgeLogTokenErrorState] Token error with: EDGE_AUTH_ERROR: 3, 49, 0 for account type: MSA
2025-04-23 15:29:01.913: [INFO][Sync] Credentials changed for: EdgeSyncScopeNew
2025-04-23 15:29:01.913: [WARN][Sync]    Token is empty
2025-04-23 15:29:01.913: [INFO][Sync] Connection status changed to: 2
2025-04-23 15:29:15.346: [INFO][SyncAuthManager::EdgeLogTokenErrorState] Token error with: EDGE_AUTH_ERROR: 3, 49, 0 for account type: MSA
2025-04-23 15:29:15.346: [INFO][Sync] Credentials changed for: EdgeSyncKeyDataScope
2025-04-23 15:29:16.013: [INFO][SyncAuthManager::EdgeLogTokenErrorState] Token error with: EDGE_AUTH_ERROR: 3, 49, 0 for account type: MSA
2025-04-23 15:29:16.013: [INFO][Sync] Credentials changed for: EdgeSyncScopeNew
2025-04-23 15:29:16.013: [WARN][Sync]    Token is empty
2025-04-23 15:29:16.017: [INFO][Sync] Connection status changed to: 2
2025-04-23 15:29:44.334: [INFO][SyncAuthManager::EdgeLogTokenErrorState] Token error with: EDGE_AUTH_ERROR: 3, 49, 0 for account type: MSA
2025-04-23 15:29:44.334: [INFO][Sync] Credentials changed for: EdgeSyncKeyDataScope
2025-04-23 15:29:46.044: [INFO][SyncAuthManager::EdgeLogTokenErrorState] Token error with: EDGE_AUTH_ERROR: 3, 49, 0 for account type: MSA
2025-04-23 15:29:46.044: [INFO][Sync] Credentials changed for: EdgeSyncScopeNew
2025-04-23 15:29:46.044: [WARN][Sync]    Token is empty
2025-04-23 15:29:46.047: [INFO][Sync] Connection status changed to: 2
2025-04-23 15:30:40.465: [INFO][SyncAuthManager::EdgeLogTokenErrorState] Token error with: EDGE_AUTH_ERROR: 3, 49, 0 for account type: MSA
2025-04-23 15:30:40.465: [INFO][Sync] Credentials changed for: EdgeSyncKeyDataScope
2025-04-23 15:30:48.660: [INFO][SyncAuthManager::EdgeLogTokenErrorState] Token error with: EDGE_AUTH_ERROR: 3, 49, 0 for account type: MSA
2025-04-23 15:30:48.660: [INFO][Sync] Credentials changed for: EdgeSyncScopeNew
2025-04-23 15:30:48.660: [WARN][Sync]    Token is empty
2025-04-23 15:30:48.663: [INFO][Sync] Connection status changed to: 2
2025-04-23 15:32:24.984: [INFO][SyncAuthManager::EdgeLogTokenErrorState] Token error with: EDGE_AUTH_ERROR: 3, 49, 0 for account type: MSA
2025-04-23 15:32:24.984: [INFO][Sync] Credentials changed for: EdgeSyncKeyDataScope
2025-04-23 15:32:34.916: [INFO][SyncAuthManager::EdgeLogTokenErrorState] Token error with: EDGE_AUTH_ERROR: 3, 49, 0 for account type: MSA
2025-04-23 15:32:34.916: [INFO][Sync] Credentials changed for: EdgeSyncScopeNew
2025-04-23 15:32:34.916: [WARN][Sync]    Token is empty
2025-04-23 15:32:34.918: [INFO][Sync] Connection status changed to: 2
2025-04-23 15:36:11.895: [INFO][SyncAuthManager::EdgeLogTokenErrorState] Token error with: EDGE_AUTH_ERROR: 3, 49, 0 for account type: MSA
2025-04-23 15:36:11.895: [INFO][Sync] Credentials changed for: EdgeSyncScopeNew
2025-04-23 15:36:11.895: [WARN][Sync]    Token is empty
2025-04-23 15:36:11.897: [INFO][Sync] Connection status changed to: 2
2025-04-23 15:36:36.682: [INFO][SyncAuthManager::EdgeLogTokenErrorState] Token error with: EDGE_AUTH_ERROR: 3, 49, 0 for account type: MSA
2025-04-23 15:36:36.682: [INFO][Sync] Credentials changed for: EdgeSyncKeyDataScope
2025-04-23 15:43:07.694: [INFO][SyncAuthManager::EdgeLogTokenErrorState] Token error with: EDGE_AUTH_ERROR: 3, 49, 0 for account type: MSA
2025-04-23 15:43:07.694: [INFO][Sync] Credentials changed for: EdgeSyncScopeNew
2025-04-23 15:43:07.694: [WARN][Sync]    Token is empty
2025-04-23 15:43:07.697: [INFO][Sync] Connection status changed to: 2
2025-04-23 15:44:41.074: [INFO][SyncAuthManager::EdgeLogTokenErrorState] Token error with: EDGE_AUTH_ERROR: 3, 49, 0 for account type: MSA
2025-04-23 15:44:41.074: [INFO][Sync] Credentials changed for: EdgeSyncKeyDataScope
2025-04-23 15:59:18.835: [INFO][SyncAuthManager::EdgeLogTokenErrorState] Token error with: EDGE_AUTH_ERROR: 3, 49, 0 for account type: MSA
2025-04-23 15:59:18.835: [INFO][Sync] Credentials changed for: EdgeSyncKeyDataScope
2025-04-23 15:59:49.564: [INFO][SyncAuthManager::EdgeLogTokenErrorState] Token error with: EDGE_AUTH_ERROR: 3, 49, 0 for account type: MSA
2025-04-23 15:59:49.564: [INFO][Sync] Credentials changed for: EdgeSyncScopeNew
2025-04-23 15:59:49.564: [WARN][Sync]    Token is empty
2025-04-23 15:59:49.568: [INFO][Sync] Connection status changed to: 2
2025-04-24 14:26:39.720: [INFO][Sync] SyncState after authenticated was: FeatureCanStart
2025-04-24 14:26:43.639: [INFO][SyncAuthManager::EdgeLogTokenErrorState] Token error with: EDGE_AUTH_ERROR: 3, 49, 0 for account type: MSA
2025-04-24 14:26:43.639: [INFO][Sync] Credentials changed for: EdgeSyncKeyDataScope
2025-04-24 14:26:43.639: [INFO][SyncAuthManager::EdgeLogTokenErrorState] Token error with: EDGE_AUTH_ERROR: 3, 49, 0 for account type: MSA
2025-04-24 14:26:43.639: [INFO][Sync] Credentials changed for: EdgeSyncKeyDataScope
2025-04-24 14:26:45.608: [INFO][SyncAuthManager::EdgeLogTokenErrorState] Token error with: EDGE_AUTH_ERROR: 3, 49, 0 for account type: MSA
2025-04-24 14:26:45.608: [INFO][Sync] Credentials changed for: EdgeSyncKeyDataScope
2025-04-24 14:26:46.653: [INFO][Sync] Try to start sync engine
2025-04-24 14:26:46.653: [INFO][SyncAuthManager::EdgeLogTokenErrorState] Token error with: EDGE_AUTH_ERROR: 3, 49, 0 for account type: MSA
2025-04-24 14:26:46.653: [INFO][Sync] Credentials changed for: EdgeSyncScopeNew
2025-04-24 14:26:46.668: [WARN][Sync]    Token is empty
2025-04-24 14:26:46.671: [INFO][SyncAuthManager::EdgeLogTokenErrorState] Token error with: EDGE_AUTH_ERROR: 3, 49, 0 for account type: MSA
2025-04-24 14:26:46.671: [INFO][Sync] Credentials changed for: EdgeSyncScopeNew
2025-04-24 14:26:46.671: [WARN][Sync]    Token is empty
2025-04-24 14:26:46.700: [INFO][SyncEngineBackend::LoadAndConnectNigoriController] Load and connect Nigori controller
2025-04-24 14:26:46.700: [INFO][SyncEngineBackend::DoInitialize] Control Types added: 
2025-04-24 14:26:46.700: [INFO][SyncManagerImpl::ConfigureSyncer] Types to download:  with reason: 4
2025-04-24 14:26:46.703: [INFO][Sync] Started DataTypeManager configuration, reason: 4
2025-04-24 14:26:46.703: [INFO][Sync] Configuring for: Bookmarks, Preferences, Passwords, Autofill Profiles, Autofill, Extensions, Sessions, Extension settings, History Delete Directives, Device Info, User Consents, Send Tab To Self, Web Apps, History, Collection, Edge E Drop, Edge Hub App Usage, Edge Tab Group, Edge Wallet, Encryption Keys, reason: 4, current state: 0
2025-04-24 14:26:46.704: [INFO][SyncEngineBackend::DoStartConfiguration] Start configuration
2025-04-24 14:26:46.705: [INFO][Sync] Configure, desired: Bookmarks, Preferences, Passwords, Autofill Profiles, Autofill, Extensions, Sessions, Extension settings, History Delete Directives, Device Info, User Consents, Send Tab To Self, Web Apps, History, Collection, Edge E Drop, Edge Hub App Usage, Edge Tab Group, Edge Wallet, Encryption Keys; Allow fail: 
2025-04-24 14:26:46.705: [INFO][Sync] Loading: Bookmarks
2025-04-24 14:26:46.705: [INFO][Sync] Loading: Preferences
2025-04-24 14:26:46.705: [INFO][Sync] Loading: Passwords
2025-04-24 14:26:46.705: [INFO][Sync] Loading: Autofill Profiles
2025-04-24 14:26:46.705: [INFO][Sync] Loading: Autofill
2025-04-24 14:26:46.705: [INFO][Sync] Loading: Extensions
2025-04-24 14:26:46.705: [INFO][Sync] Loading: Sessions
2025-04-24 14:26:46.705: [INFO][Sync] Loading: Extension settings
2025-04-24 14:26:46.705: [INFO][Sync] Loading: History Delete Directives
2025-04-24 14:26:46.705: [INFO][Sync] Loading: Device Info
2025-04-24 14:26:46.705: [INFO][Sync] Loading: User Consents
2025-04-24 14:26:46.705: [INFO][Sync] Loading: Send Tab To Self
2025-04-24 14:26:46.705: [INFO][Sync] Loading: Web Apps
2025-04-24 14:26:46.705: [INFO][Sync] Loading: History
2025-04-24 14:26:46.705: [INFO][Sync] Loading: Collection
2025-04-24 14:26:46.705: [INFO][Sync] Loading: Edge E Drop
2025-04-24 14:26:46.705: [INFO][Sync] Loading: Edge Hub App Usage
2025-04-24 14:26:46.705: [INFO][Sync] Loading: Edge Tab Group
2025-04-24 14:26:46.705: [INFO][Sync] Loading: Edge Wallet
2025-04-24 14:26:46.707: [INFO][Sync] Connection status changed to: 2
2025-04-24 14:26:46.708: [INFO][Sync] Connection status changed to: 2
2025-04-24 14:26:46.782: [INFO][Sync] All data types are ready for configure.
2025-04-24 14:26:46.783: [INFO][SyncManagerImpl::ConfigureSyncer] Types to download:  with reason: 4
2025-04-24 14:26:46.783: [INFO][SyncEngineBackend::DoFinishConfigureDataTypes] Failed to download types:  and succeeded types: 
2025-04-24 14:26:46.783: [INFO][Sync] ConfigurationDone, failed: , succeeded: , remaining count: 4
2025-04-24 14:26:46.794: [INFO][SyncManagerImpl::ConfigureSyncer] Types to download:  with reason: 4
2025-04-24 14:26:46.794: [INFO][SyncEngineBackend::DoFinishConfigureDataTypes] Failed to download types:  and succeeded types: 
2025-04-24 14:26:46.794: [INFO][Sync] ConfigurationDone, failed: , succeeded: , remaining count: 3
2025-04-24 14:26:46.794: [INFO][SyncManagerImpl::ConfigureSyncer] Types to download:  with reason: 4
2025-04-24 14:26:46.794: [INFO][SyncEngineBackend::DoFinishConfigureDataTypes] Failed to download types:  and succeeded types: 
2025-04-24 14:26:46.794: [INFO][Sync] ConfigurationDone, failed: , succeeded: , remaining count: 2
2025-04-24 14:26:46.794: [INFO][SyncManagerImpl::ConfigureSyncer] Types to download:  with reason: 4
2025-04-24 14:26:46.794: [INFO][SyncEngineBackend::DoFinishConfigureDataTypes] Failed to download types:  and succeeded types: 
2025-04-24 14:26:46.794: [INFO][Sync] ConfigurationDone, failed: , succeeded: , remaining count: 1
2025-04-24 14:26:46.795: [INFO][SyncManagerImpl::ConfigureSyncer] Types to download:  with reason: 4
2025-04-24 14:26:46.795: [INFO][SyncEngineBackend::DoFinishConfigureDataTypes] Failed to download types:  and succeeded types: 
2025-04-24 14:26:46.796: [INFO][Sync] ConfigurationDone, failed: , succeeded: , remaining count: 0
2025-04-24 14:26:46.797: [INFO][Sync]     Configuration completed, state: 3
2025-04-24 14:26:46.797: [INFO][Sync] Configured DataTypeManager: Ok
2025-04-24 14:26:46.798: [INFO][SyncEngineBackend::DoStartSyncing] Start syncing
2025-04-24 14:26:48.654: [INFO][SyncAuthManager::EdgeLogTokenErrorState] Token error with: EDGE_AUTH_ERROR: 3, 49, 0 for account type: MSA
2025-04-24 14:26:48.654: [INFO][Sync] Credentials changed for: EdgeSyncScopeNew
2025-04-24 14:26:48.654: [WARN][Sync]    Token is empty
2025-04-24 14:26:48.654: [INFO][Sync] Connection status changed to: 2
2025-04-24 14:26:48.912: [INFO][SyncAuthManager::EdgeLogTokenErrorState] Token error with: EDGE_AUTH_ERROR: 3, 49, 0 for account type: MSA
2025-04-24 14:26:48.912: [INFO][Sync] Credentials changed for: EdgeSyncKeyDataScope
2025-04-24 14:26:52.274: [INFO][SyncAuthManager::EdgeLogTokenErrorState] Token error with: EDGE_AUTH_ERROR: 3, 49, 0 for account type: MSA
2025-04-24 14:26:52.274: [INFO][Sync] Credentials changed for: EdgeSyncScopeNew
2025-04-24 14:26:52.274: [WARN][Sync]    Token is empty
2025-04-24 14:26:52.278: [INFO][Sync] Connection status changed to: 2
2025-04-24 14:26:55.477: [INFO][SyncAuthManager::EdgeLogTokenErrorState] Token error with: EDGE_AUTH_ERROR: 3, 49, 0 for account type: MSA
2025-04-24 14:26:55.477: [INFO][Sync] Credentials changed for: EdgeSyncKeyDataScope
2025-04-24 14:26:59.461: [INFO][SyncAuthManager::EdgeLogTokenErrorState] Token error with: EDGE_AUTH_ERROR: 3, 49, 0 for account type: MSA
2025-04-24 14:26:59.461: [INFO][Sync] Credentials changed for: EdgeSyncScopeNew
2025-04-24 14:26:59.461: [WARN][Sync]    Token is empty
2025-04-24 14:26:59.465: [INFO][Sync] Connection status changed to: 2
2025-04-24 14:27:09.048: [INFO][SyncAuthManager::EdgeLogTokenErrorState] Token error with: EDGE_AUTH_ERROR: 3, 49, 0 for account type: MSA
2025-04-24 14:27:09.048: [INFO][Sync] Credentials changed for: EdgeSyncKeyDataScope
2025-04-24 14:27:13.147: [INFO][SyncAuthManager::EdgeLogTokenErrorState] Token error with: EDGE_AUTH_ERROR: 3, 49, 0 for account type: MSA
2025-04-24 14:27:13.147: [INFO][Sync] Credentials changed for: EdgeSyncScopeNew
2025-04-24 14:27:13.147: [WARN][Sync]    Token is empty
2025-04-24 14:27:13.149: [INFO][Sync] Connection status changed to: 2
2025-04-24 14:27:36.306: [INFO][SyncAuthManager::EdgeLogTokenErrorState] Token error with: EDGE_AUTH_ERROR: 3, 49, 0 for account type: MSA
2025-04-24 14:27:36.306: [INFO][Sync] Credentials changed for: EdgeSyncKeyDataScope
2025-04-24 14:27:41.160: [INFO][SyncAuthManager::EdgeLogTokenErrorState] Token error with: EDGE_AUTH_ERROR: 3, 49, 0 for account type: MSA
2025-04-24 14:27:41.160: [INFO][Sync] Credentials changed for: EdgeSyncScopeNew
2025-04-24 14:27:41.160: [WARN][Sync]    Token is empty
2025-04-24 14:27:41.163: [INFO][Sync] Connection status changed to: 2
2025-04-24 14:28:31.127: [INFO][SyncAuthManager::EdgeLogTokenErrorState] Token error with: EDGE_AUTH_ERROR: 3, 49, 0 for account type: MSA
2025-04-24 14:28:31.127: [INFO][Sync] Credentials changed for: EdgeSyncKeyDataScope
2025-04-24 14:28:37.693: [INFO][SyncAuthManager::EdgeLogTokenErrorState] Token error with: EDGE_AUTH_ERROR: 3, 49, 0 for account type: MSA
2025-04-24 14:28:37.693: [INFO][Sync] Credentials changed for: EdgeSyncScopeNew
2025-04-24 14:28:37.693: [WARN][Sync]    Token is empty
2025-04-24 14:28:37.697: [INFO][Sync] Connection status changed to: 2
2025-04-24 14:30:27.381: [INFO][SyncAuthManager::EdgeLogTokenErrorState] Token error with: EDGE_AUTH_ERROR: 3, 49, 0 for account type: MSA
2025-04-24 14:30:27.381: [INFO][Sync] Credentials changed for: EdgeSyncKeyDataScope
2025-04-24 14:30:37.939: [INFO][SyncAuthManager::EdgeLogTokenErrorState] Token error with: EDGE_AUTH_ERROR: 3, 49, 0 for account type: MSA
2025-04-24 14:30:37.939: [INFO][Sync] Credentials changed for: EdgeSyncScopeNew
2025-04-24 14:30:37.939: [WARN][Sync]    Token is empty
2025-04-24 14:30:37.942: [INFO][Sync] Connection status changed to: 2
2025-04-24 14:34:02.985: [INFO][SyncAuthManager::EdgeLogTokenErrorState] Token error with: EDGE_AUTH_ERROR: 3, 49, 0 for account type: MSA
2025-04-24 14:34:02.985: [INFO][Sync] Credentials changed for: EdgeSyncKeyDataScope
2025-04-24 14:34:23.316: [INFO][SyncAuthManager::EdgeLogTokenErrorState] Token error with: EDGE_AUTH_ERROR: 3, 49, 0 for account type: MSA
2025-04-24 14:34:23.316: [INFO][Sync] Credentials changed for: EdgeSyncScopeNew
2025-04-24 14:34:23.316: [WARN][Sync]    Token is empty
2025-04-24 14:34:23.320: [INFO][Sync] Connection status changed to: 2
2025-04-24 14:41:52.324: [INFO][SyncAuthManager::EdgeLogTokenErrorState] Token error with: EDGE_AUTH_ERROR: 3, 49, 0 for account type: MSA
2025-04-24 14:41:52.324: [INFO][Sync] Credentials changed for: EdgeSyncKeyDataScope
2025-04-24 14:42:06.078: [INFO][SyncAuthManager::EdgeLogTokenErrorState] Token error with: EDGE_AUTH_ERROR: 3, 49, 0 for account type: MSA
2025-04-24 14:42:06.078: [INFO][Sync] Credentials changed for: EdgeSyncScopeNew
2025-04-24 14:42:06.078: [WARN][Sync]    Token is empty
2025-04-24 14:42:06.081: [INFO][Sync] Connection status changed to: 2
2025-04-24 14:48:37.126: [INFO][Sync] SyncState after authenticated was: FeatureCanStart
2025-04-24 14:48:37.240: [INFO][SyncAuthManager::EdgeLogTokenErrorState] Token error with: EDGE_AUTH_ERROR: 3, 49, 0 for account type: MSA
2025-04-24 14:48:37.240: [INFO][Sync] Credentials changed for: EdgeSyncKeyDataScope
2025-04-24 14:48:37.242: [INFO][SyncAuthManager::EdgeLogTokenErrorState] Token error with: EDGE_AUTH_ERROR: 3, 49, 0 for account type: MSA
2025-04-24 14:48:37.242: [INFO][Sync] Credentials changed for: EdgeSyncKeyDataScope
2025-04-24 14:48:38.927: [INFO][SyncAuthManager::EdgeLogTokenErrorState] Token error with: EDGE_AUTH_ERROR: 3, 49, 0 for account type: MSA
2025-04-24 14:48:38.927: [INFO][Sync] Credentials changed for: EdgeSyncKeyDataScope
2025-04-24 14:48:40.291: [INFO][Sync] Try to start sync engine
2025-04-24 14:48:40.292: [INFO][SyncAuthManager::EdgeLogTokenErrorState] Token error with: EDGE_AUTH_ERROR: 3, 49, 0 for account type: MSA
2025-04-24 14:48:40.292: [INFO][Sync] Credentials changed for: EdgeSyncScopeNew
2025-04-24 14:48:40.292: [WARN][Sync]    Token is empty
2025-04-24 14:48:40.294: [INFO][SyncEngineBackend::LoadAndConnectNigoriController] Load and connect Nigori controller
2025-04-24 14:48:40.294: [INFO][SyncEngineBackend::DoInitialize] Control Types added: 
2025-04-24 14:48:40.294: [INFO][SyncManagerImpl::ConfigureSyncer] Types to download:  with reason: 4
2025-04-24 14:48:40.294: [INFO][SyncAuthManager::EdgeLogTokenErrorState] Token error with: EDGE_AUTH_ERROR: 3, 49, 0 for account type: MSA
2025-04-24 14:48:40.294: [INFO][Sync] Credentials changed for: EdgeSyncScopeNew
2025-04-24 14:48:40.294: [WARN][Sync]    Token is empty
2025-04-24 14:48:40.298: [INFO][Sync] Started DataTypeManager configuration, reason: 4
2025-04-24 14:48:40.298: [INFO][Sync] Configuring for: Bookmarks, Preferences, Passwords, Autofill Profiles, Autofill, Extensions, Sessions, Extension settings, History Delete Directives, Device Info, User Consents, Send Tab To Self, Web Apps, History, Collection, Edge E Drop, Edge Hub App Usage, Edge Tab Group, Edge Wallet, Encryption Keys, reason: 4, current state: 0
2025-04-24 14:48:40.298: [INFO][SyncEngineBackend::DoStartConfiguration] Start configuration
2025-04-24 14:48:40.299: [INFO][Sync] Configure, desired: Bookmarks, Preferences, Passwords, Autofill Profiles, Autofill, Extensions, Sessions, Extension settings, History Delete Directives, Device Info, User Consents, Send Tab To Self, Web Apps, History, Collection, Edge E Drop, Edge Hub App Usage, Edge Tab Group, Edge Wallet, Encryption Keys; Allow fail: 
2025-04-24 14:48:40.299: [INFO][Sync] Loading: Bookmarks
2025-04-24 14:48:40.299: [INFO][Sync] Loading: Preferences
2025-04-24 14:48:40.299: [INFO][Sync] Loading: Passwords
2025-04-24 14:48:40.299: [INFO][Sync] Loading: Autofill Profiles
2025-04-24 14:48:40.299: [INFO][Sync] Loading: Autofill
2025-04-24 14:48:40.299: [INFO][Sync] Loading: Extensions
2025-04-24 14:48:40.299: [INFO][Sync] Loading: Sessions
2025-04-24 14:48:40.299: [INFO][Sync] Loading: Extension settings
2025-04-24 14:48:40.299: [INFO][Sync] Loading: History Delete Directives
2025-04-24 14:48:40.299: [INFO][Sync] Loading: Device Info
2025-04-24 14:48:40.299: [INFO][Sync] Loading: User Consents
2025-04-24 14:48:40.299: [INFO][Sync] Loading: Send Tab To Self
2025-04-24 14:48:40.299: [INFO][Sync] Loading: Web Apps
2025-04-24 14:48:40.299: [INFO][Sync] Loading: History
2025-04-24 14:48:40.299: [INFO][Sync] Loading: Collection
2025-04-24 14:48:40.299: [INFO][Sync] Loading: Edge E Drop
2025-04-24 14:48:40.299: [INFO][Sync] Loading: Edge Hub App Usage
2025-04-24 14:48:40.299: [INFO][Sync] Loading: Edge Tab Group
2025-04-24 14:48:40.299: [INFO][Sync] Loading: Edge Wallet
2025-04-24 14:48:40.300: [INFO][Sync] Connection status changed to: 2
2025-04-24 14:48:40.301: [INFO][Sync] Connection status changed to: 2
2025-04-24 14:48:40.304: [INFO][Sync] All data types are ready for configure.
2025-04-24 14:48:40.304: [INFO][SyncManagerImpl::ConfigureSyncer] Types to download:  with reason: 4
2025-04-24 14:48:40.304: [INFO][SyncEngineBackend::DoFinishConfigureDataTypes] Failed to download types:  and succeeded types: 
2025-04-24 14:48:40.304: [INFO][Sync] ConfigurationDone, failed: , succeeded: , remaining count: 4
2025-04-24 14:48:40.304: [INFO][SyncManagerImpl::ConfigureSyncer] Types to download:  with reason: 4
2025-04-24 14:48:40.304: [INFO][SyncEngineBackend::DoFinishConfigureDataTypes] Failed to download types:  and succeeded types: 
2025-04-24 14:48:40.304: [INFO][Sync] ConfigurationDone, failed: , succeeded: , remaining count: 3
2025-04-24 14:48:40.304: [INFO][SyncManagerImpl::ConfigureSyncer] Types to download:  with reason: 4
2025-04-24 14:48:40.304: [INFO][SyncEngineBackend::DoFinishConfigureDataTypes] Failed to download types:  and succeeded types: 
2025-04-24 14:48:40.305: [INFO][Sync] ConfigurationDone, failed: , succeeded: , remaining count: 2
2025-04-24 14:48:40.305: [INFO][SyncManagerImpl::ConfigureSyncer] Types to download:  with reason: 4
2025-04-24 14:48:40.305: [INFO][SyncEngineBackend::DoFinishConfigureDataTypes] Failed to download types:  and succeeded types: 
2025-04-24 14:48:40.305: [INFO][Sync] ConfigurationDone, failed: , succeeded: , remaining count: 1
2025-04-24 14:48:40.307: [INFO][SyncManagerImpl::ConfigureSyncer] Types to download:  with reason: 4
2025-04-24 14:48:40.307: [INFO][SyncEngineBackend::DoFinishConfigureDataTypes] Failed to download types:  and succeeded types: 
2025-04-24 14:48:40.307: [INFO][Sync] ConfigurationDone, failed: , succeeded: , remaining count: 0
2025-04-24 14:48:40.308: [INFO][Sync]     Configuration completed, state: 3
2025-04-24 14:48:40.308: [INFO][Sync] Configured DataTypeManager: Ok
2025-04-24 14:48:40.309: [INFO][SyncEngineBackend::DoStartSyncing] Start syncing
2025-04-24 14:48:42.089: [INFO][SyncAuthManager::EdgeLogTokenErrorState] Token error with: EDGE_AUTH_ERROR: 3, 49, 0 for account type: MSA
2025-04-24 14:48:42.089: [INFO][Sync] Credentials changed for: EdgeSyncScopeNew
2025-04-24 14:48:42.089: [WARN][Sync]    Token is empty
2025-04-24 14:48:42.093: [INFO][Sync] Connection status changed to: 2
2025-04-24 14:48:42.529: [INFO][SyncAuthManager::EdgeLogTokenErrorState] Token error with: EDGE_AUTH_ERROR: 3, 49, 0 for account type: MSA
2025-04-24 14:48:42.529: [INFO][Sync] Credentials changed for: EdgeSyncKeyDataScope
2025-04-24 14:48:45.853: [INFO][SyncAuthManager::EdgeLogTokenErrorState] Token error with: EDGE_AUTH_ERROR: 3, 49, 0 for account type: MSA
2025-04-24 14:48:45.853: [INFO][Sync] Credentials changed for: EdgeSyncScopeNew
2025-04-24 14:48:45.853: [WARN][Sync]    Token is empty
2025-04-24 14:48:45.857: [INFO][Sync] Connection status changed to: 2
2025-04-24 14:48:50.521: [INFO][SyncAuthManager::EdgeLogTokenErrorState] Token error with: EDGE_AUTH_ERROR: 3, 49, 0 for account type: MSA
2025-04-24 14:48:50.521: [INFO][Sync] Credentials changed for: EdgeSyncKeyDataScope
2025-04-24 14:48:53.850: [INFO][SyncAuthManager::EdgeLogTokenErrorState] Token error with: EDGE_AUTH_ERROR: 3, 49, 0 for account type: MSA
2025-04-24 14:48:53.850: [INFO][Sync] Credentials changed for: EdgeSyncScopeNew
2025-04-24 14:48:53.850: [WARN][Sync]    Token is empty
2025-04-24 14:48:53.854: [INFO][Sync] Connection status changed to: 2
2025-04-24 14:49:04.442: [INFO][SyncAuthManager::EdgeLogTokenErrorState] Token error with: EDGE_AUTH_ERROR: 3, 49, 0 for account type: MSA
2025-04-24 14:49:04.442: [INFO][Sync] Credentials changed for: EdgeSyncKeyDataScope
2025-04-24 14:49:06.894: [INFO][SyncAuthManager::EdgeLogTokenErrorState] Token error with: EDGE_AUTH_ERROR: 3, 49, 0 for account type: MSA
2025-04-24 14:49:06.894: [INFO][Sync] Credentials changed for: EdgeSyncScopeNew
2025-04-24 14:49:06.894: [WARN][Sync]    Token is empty
2025-04-24 14:49:06.895: [INFO][Sync] Connection status changed to: 2
2025-04-24 14:49:32.698: [INFO][SyncAuthManager::EdgeLogTokenErrorState] Token error with: EDGE_AUTH_ERROR: 3, 49, 0 for account type: MSA
2025-04-24 14:49:32.698: [INFO][Sync] Credentials changed for: EdgeSyncKeyDataScope
2025-04-24 14:49:34.411: [INFO][SyncAuthManager::EdgeLogTokenErrorState] Token error with: EDGE_AUTH_ERROR: 3, 49, 0 for account type: MSA
2025-04-24 14:49:34.411: [INFO][Sync] Credentials changed for: EdgeSyncScopeNew
2025-04-24 14:49:34.411: [WARN][Sync]    Token is empty
2025-04-24 14:49:34.412: [INFO][Sync] Connection status changed to: 2
2025-04-24 14:50:24.258: [INFO][SyncAuthManager::EdgeLogTokenErrorState] Token error with: EDGE_AUTH_ERROR: 3, 49, 0 for account type: MSA
2025-04-24 14:50:24.258: [INFO][Sync] Credentials changed for: EdgeSyncKeyDataScope
2025-04-24 14:50:25.806: [INFO][SyncAuthManager::EdgeLogTokenErrorState] Token error with: EDGE_AUTH_ERROR: 3, 49, 0 for account type: MSA
2025-04-24 14:50:25.806: [INFO][Sync] Credentials changed for: EdgeSyncScopeNew
2025-04-24 14:50:25.806: [WARN][Sync]    Token is empty
2025-04-24 14:50:25.809: [INFO][Sync] Connection status changed to: 2
2025-04-24 14:52:06.670: [INFO][SyncAuthManager::EdgeLogTokenErrorState] Token error with: EDGE_AUTH_ERROR: 3, 49, 0 for account type: MSA
2025-04-24 14:52:06.670: [INFO][Sync] Credentials changed for: EdgeSyncKeyDataScope
2025-04-24 14:52:33.120: [INFO][SyncAuthManager::EdgeLogTokenErrorState] Token error with: EDGE_AUTH_ERROR: 3, 49, 0 for account type: MSA
2025-04-24 14:52:33.120: [INFO][Sync] Credentials changed for: EdgeSyncScopeNew
2025-04-24 14:52:33.120: [WARN][Sync]    Token is empty
2025-04-24 14:52:33.124: [INFO][Sync] Connection status changed to: 2
2025-04-24 14:56:12.567: [INFO][SyncAuthManager::EdgeLogTokenErrorState] Token error with: EDGE_AUTH_ERROR: 3, 49, 0 for account type: MSA
2025-04-24 14:56:12.567: [INFO][Sync] Credentials changed for: EdgeSyncKeyDataScope
2025-04-24 14:56:43.669: [INFO][SyncAuthManager::EdgeLogTokenErrorState] Token error with: EDGE_AUTH_ERROR: 3, 49, 0 for account type: MSA
2025-04-24 14:56:43.669: [INFO][Sync] Credentials changed for: EdgeSyncScopeNew
2025-04-24 14:56:43.669: [WARN][Sync]    Token is empty
2025-04-24 14:56:43.672: [INFO][Sync] Connection status changed to: 2
2025-04-24 15:05:46.236: [INFO][Sync] SyncState after authenticated was: FeatureCanStart
2025-04-24 15:05:49.326: [INFO][SyncAuthManager::EdgeLogTokenErrorState] Token error with: EDGE_AUTH_ERROR: 3, 49, 0 for account type: MSA
2025-04-24 15:05:49.326: [INFO][Sync] Credentials changed for: EdgeSyncKeyDataScope
2025-04-24 15:05:49.327: [INFO][SyncAuthManager::EdgeLogTokenErrorState] Token error with: EDGE_AUTH_ERROR: 3, 49, 0 for account type: MSA
2025-04-24 15:05:49.327: [INFO][Sync] Credentials changed for: EdgeSyncKeyDataScope
2025-04-24 15:05:51.313: [INFO][SyncAuthManager::EdgeLogTokenErrorState] Token error with: EDGE_AUTH_ERROR: 3, 49, 0 for account type: MSA
2025-04-24 15:05:51.313: [INFO][Sync] Credentials changed for: EdgeSyncKeyDataScope
2025-04-24 15:05:54.589: [INFO][SyncAuthManager::EdgeLogTokenErrorState] Token error with: EDGE_AUTH_ERROR: 3, 49, 0 for account type: MSA
2025-04-24 15:05:54.589: [INFO][Sync] Credentials changed for: EdgeSyncKeyDataScope
2025-04-24 15:05:57.754: [INFO][Sync] Try to start sync engine
2025-04-24 15:05:57.755: [INFO][SyncAuthManager::EdgeLogTokenErrorState] Token error with: EDGE_AUTH_ERROR: 3, 49, 0 for account type: MSA
2025-04-24 15:05:57.755: [INFO][Sync] Credentials changed for: EdgeSyncScopeNew
2025-04-24 15:05:57.768: [WARN][Sync]    Token is empty
2025-04-24 15:05:57.773: [INFO][SyncAuthManager::EdgeLogTokenErrorState] Token error with: EDGE_AUTH_ERROR: 3, 49, 0 for account type: MSA
2025-04-24 15:05:57.773: [INFO][Sync] Credentials changed for: EdgeSyncScopeNew
2025-04-24 15:05:57.773: [WARN][Sync]    Token is empty
2025-04-24 15:05:57.796: [INFO][SyncEngineBackend::LoadAndConnectNigoriController] Load and connect Nigori controller
2025-04-24 15:05:57.796: [INFO][SyncEngineBackend::DoInitialize] Control Types added: 
2025-04-24 15:05:57.796: [INFO][SyncManagerImpl::ConfigureSyncer] Types to download:  with reason: 4
2025-04-24 15:05:57.802: [INFO][Sync] Started DataTypeManager configuration, reason: 4
2025-04-24 15:05:57.802: [INFO][Sync] Configuring for: Bookmarks, Preferences, Passwords, Autofill Profiles, Autofill, Extensions, Sessions, Extension settings, History Delete Directives, Device Info, User Consents, Send Tab To Self, Web Apps, History, Collection, Edge E Drop, Edge Hub App Usage, Edge Tab Group, Edge Wallet, Encryption Keys, reason: 4, current state: 0
2025-04-24 15:05:57.802: [INFO][SyncEngineBackend::DoStartConfiguration] Start configuration
2025-04-24 15:05:57.804: [INFO][Sync] Configure, desired: Bookmarks, Preferences, Passwords, Autofill Profiles, Autofill, Extensions, Sessions, Extension settings, History Delete Directives, Device Info, User Consents, Send Tab To Self, Web Apps, History, Collection, Edge E Drop, Edge Hub App Usage, Edge Tab Group, Edge Wallet, Encryption Keys; Allow fail: 
2025-04-24 15:05:57.804: [INFO][Sync] Loading: Bookmarks
2025-04-24 15:05:57.804: [INFO][Sync] Loading: Preferences
2025-04-24 15:05:57.804: [INFO][Sync] Loading: Passwords
2025-04-24 15:05:57.804: [INFO][Sync] Loading: Autofill Profiles
2025-04-24 15:05:57.804: [INFO][Sync] Loading: Autofill
2025-04-24 15:05:57.804: [INFO][Sync] Loading: Extensions
2025-04-24 15:05:57.804: [INFO][Sync] Loading: Sessions
2025-04-24 15:05:57.804: [INFO][Sync] Loading: Extension settings
2025-04-24 15:05:57.804: [INFO][Sync] Loading: History Delete Directives
2025-04-24 15:05:57.804: [INFO][Sync] Loading: Device Info
2025-04-24 15:05:57.804: [INFO][Sync] Loading: User Consents
2025-04-24 15:05:57.804: [INFO][Sync] Loading: Send Tab To Self
2025-04-24 15:05:57.804: [INFO][Sync] Loading: Web Apps
2025-04-24 15:05:57.804: [INFO][Sync] Loading: History
2025-04-24 15:05:57.804: [INFO][Sync] Loading: Collection
2025-04-24 15:05:57.804: [INFO][Sync] Loading: Edge E Drop
2025-04-24 15:05:57.804: [INFO][Sync] Loading: Edge Hub App Usage
2025-04-24 15:05:57.804: [INFO][Sync] Loading: Edge Tab Group
2025-04-24 15:05:57.804: [INFO][Sync] Loading: Edge Wallet
2025-04-24 15:05:57.806: [INFO][Sync] Connection status changed to: 2
2025-04-24 15:05:57.807: [INFO][Sync] Connection status changed to: 2
2025-04-24 15:05:57.865: [INFO][Sync] All data types are ready for configure.
2025-04-24 15:05:57.865: [INFO][SyncManagerImpl::ConfigureSyncer] Types to download:  with reason: 4
2025-04-24 15:05:57.865: [INFO][SyncEngineBackend::DoFinishConfigureDataTypes] Failed to download types:  and succeeded types: 
2025-04-24 15:05:57.866: [INFO][Sync] ConfigurationDone, failed: , succeeded: , remaining count: 4
2025-04-24 15:05:57.866: [INFO][SyncManagerImpl::ConfigureSyncer] Types to download:  with reason: 4
2025-04-24 15:05:57.866: [INFO][SyncEngineBackend::DoFinishConfigureDataTypes] Failed to download types:  and succeeded types: 
2025-04-24 15:05:57.866: [INFO][Sync] ConfigurationDone, failed: , succeeded: , remaining count: 3
2025-04-24 15:05:57.866: [INFO][SyncManagerImpl::ConfigureSyncer] Types to download:  with reason: 4
2025-04-24 15:05:57.866: [INFO][SyncEngineBackend::DoFinishConfigureDataTypes] Failed to download types:  and succeeded types: 
2025-04-24 15:05:57.866: [INFO][Sync] ConfigurationDone, failed: , succeeded: , remaining count: 2
2025-04-24 15:05:57.866: [INFO][SyncManagerImpl::ConfigureSyncer] Types to download:  with reason: 4
2025-04-24 15:05:57.866: [INFO][SyncEngineBackend::DoFinishConfigureDataTypes] Failed to download types:  and succeeded types: 
2025-04-24 15:05:57.866: [INFO][Sync] ConfigurationDone, failed: , succeeded: , remaining count: 1
2025-04-24 15:05:57.870: [INFO][SyncManagerImpl::ConfigureSyncer] Types to download:  with reason: 4
2025-04-24 15:05:57.870: [INFO][SyncEngineBackend::DoFinishConfigureDataTypes] Failed to download types:  and succeeded types: 
2025-04-24 15:05:57.870: [INFO][Sync] ConfigurationDone, failed: , succeeded: , remaining count: 0
2025-04-24 15:05:57.873: [INFO][Sync]     Configuration completed, state: 3
2025-04-24 15:05:57.873: [INFO][Sync] Configured DataTypeManager: Ok
2025-04-24 15:05:57.877: [INFO][SyncEngineBackend::DoStartSyncing] Start syncing
2025-04-24 15:05:59.391: [INFO][SyncAuthManager::EdgeLogTokenErrorState] Token error with: EDGE_AUTH_ERROR: 3, 49, 0 for account type: MSA
2025-04-24 15:05:59.391: [INFO][Sync] Credentials changed for: EdgeSyncScopeNew
2025-04-24 15:05:59.391: [WARN][Sync]    Token is empty
2025-04-24 15:05:59.395: [INFO][Sync] Connection status changed to: 2
2025-04-24 15:06:01.016: [INFO][SyncAuthManager::EdgeLogTokenErrorState] Token error with: EDGE_AUTH_ERROR: 3, 49, 0 for account type: MSA
2025-04-24 15:06:01.016: [INFO][Sync] Credentials changed for: EdgeSyncKeyDataScope
2025-04-24 15:06:03.133: [INFO][SyncAuthManager::EdgeLogTokenErrorState] Token error with: EDGE_AUTH_ERROR: 3, 49, 0 for account type: MSA
2025-04-24 15:06:03.133: [INFO][Sync] Credentials changed for: EdgeSyncScopeNew
2025-04-24 15:06:03.133: [WARN][Sync]    Token is empty
2025-04-24 15:06:03.137: [INFO][Sync] Connection status changed to: 2
2025-04-24 15:06:11.029: [INFO][SyncAuthManager::EdgeLogTokenErrorState] Token error with: EDGE_AUTH_ERROR: 3, 49, 0 for account type: MSA
2025-04-24 15:06:11.029: [INFO][Sync] Credentials changed for: EdgeSyncScopeNew
2025-04-24 15:06:11.029: [WARN][Sync]    Token is empty
2025-04-24 15:06:11.032: [INFO][Sync] Connection status changed to: 2
2025-04-24 15:06:16.335: [INFO][SyncAuthManager::EdgeLogTokenErrorState] Token error with: EDGE_AUTH_ERROR: 3, 49, 0 for account type: MSA
2025-04-24 15:06:16.335: [INFO][Sync] Credentials changed for: EdgeSyncKeyDataScope
2025-04-24 15:06:25.194: [INFO][SyncAuthManager::EdgeLogTokenErrorState] Token error with: EDGE_AUTH_ERROR: 3, 49, 0 for account type: MSA
2025-04-24 15:06:25.194: [INFO][Sync] Credentials changed for: EdgeSyncScopeNew
2025-04-24 15:06:25.194: [WARN][Sync]    Token is empty
2025-04-24 15:06:25.196: [INFO][Sync] Connection status changed to: 2
2025-04-24 15:06:42.793: [INFO][SyncAuthManager::EdgeLogTokenErrorState] Token error with: EDGE_AUTH_ERROR: 3, 49, 0 for account type: MSA
2025-04-24 15:06:42.793: [INFO][Sync] Credentials changed for: EdgeSyncKeyDataScope
2025-04-24 15:06:54.454: [INFO][SyncAuthManager::EdgeLogTokenErrorState] Token error with: EDGE_AUTH_ERROR: 3, 49, 0 for account type: MSA
2025-04-24 15:06:54.454: [INFO][Sync] Credentials changed for: EdgeSyncScopeNew
2025-04-24 15:06:54.454: [WARN][Sync]    Token is empty
2025-04-24 15:06:54.458: [INFO][Sync] Connection status changed to: 2
2025-04-24 15:07:44.360: [INFO][SyncAuthManager::EdgeLogTokenErrorState] Token error with: EDGE_AUTH_ERROR: 3, 49, 0 for account type: MSA
2025-04-24 15:07:44.360: [INFO][Sync] Credentials changed for: EdgeSyncKeyDataScope
2025-04-24 15:07:48.508: [INFO][SyncAuthManager::EdgeLogTokenErrorState] Token error with: EDGE_AUTH_ERROR: 3, 49, 0 for account type: MSA
2025-04-24 15:07:48.508: [INFO][Sync] Credentials changed for: EdgeSyncScopeNew
2025-04-24 15:07:48.508: [WARN][Sync]    Token is empty
2025-04-24 15:07:48.511: [INFO][Sync] Connection status changed to: 2
2025-04-24 15:09:29.109: [INFO][SyncAuthManager::EdgeLogTokenErrorState] Token error with: EDGE_AUTH_ERROR: 3, 49, 0 for account type: MSA
2025-04-24 15:09:29.109: [INFO][Sync] Credentials changed for: EdgeSyncKeyDataScope
2025-04-24 15:09:31.083: [INFO][SyncAuthManager::EdgeLogTokenErrorState] Token error with: EDGE_AUTH_ERROR: 3, 49, 0 for account type: MSA
2025-04-24 15:09:31.083: [INFO][Sync] Credentials changed for: EdgeSyncScopeNew
2025-04-24 15:09:31.083: [WARN][Sync]    Token is empty
2025-04-24 15:09:31.087: [INFO][Sync] Connection status changed to: 2
2025-04-24 15:13:27.448: [INFO][SyncAuthManager::EdgeLogTokenErrorState] Token error with: EDGE_AUTH_ERROR: 3, 49, 0 for account type: MSA
2025-04-24 15:13:27.448: [INFO][Sync] Credentials changed for: EdgeSyncKeyDataScope
2025-04-24 15:13:31.294: [INFO][SyncAuthManager::EdgeLogTokenErrorState] Token error with: EDGE_AUTH_ERROR: 3, 49, 0 for account type: MSA
2025-04-24 15:13:31.294: [INFO][Sync] Credentials changed for: EdgeSyncScopeNew
2025-04-24 15:13:31.294: [WARN][Sync]    Token is empty
2025-04-24 15:13:31.298: [INFO][Sync] Connection status changed to: 2
2025-04-24 15:21:36.900: [INFO][SyncAuthManager::EdgeLogTokenErrorState] Token error with: EDGE_AUTH_ERROR: 3, 49, 0 for account type: MSA
2025-04-24 15:21:36.900: [INFO][Sync] Credentials changed for: EdgeSyncKeyDataScope
2025-04-24 15:22:01.890: [INFO][SyncAuthManager::EdgeLogTokenErrorState] Token error with: EDGE_AUTH_ERROR: 3, 49, 0 for account type: MSA
2025-04-24 15:22:01.890: [INFO][Sync] Credentials changed for: EdgeSyncScopeNew
2025-04-24 15:22:01.890: [WARN][Sync]    Token is empty
2025-04-24 15:22:01.894: [INFO][Sync] Connection status changed to: 2
2025-04-24 15:35:51.858: [INFO][SyncAuthManager::EdgeLogTokenErrorState] Token error with: EDGE_AUTH_ERROR: 3, 49, 0 for account type: MSA
2025-04-24 15:35:51.858: [INFO][Sync] Credentials changed for: EdgeSyncKeyDataScope
2025-04-24 15:36:50.511: [INFO][SyncAuthManager::EdgeLogTokenErrorState] Token error with: EDGE_AUTH_ERROR: 3, 49, 0 for account type: MSA
2025-04-24 15:36:50.511: [INFO][Sync] Credentials changed for: EdgeSyncScopeNew
2025-04-24 15:36:50.511: [WARN][Sync]    Token is empty
2025-04-24 15:36:50.515: [INFO][Sync] Connection status changed to: 2
2025-04-24 16:01:28.372: [INFO][Sync] Reset engine, reason: 0
2025-04-24 16:01:28.372: [INFO][Sync] Reset engine with reason: 0
2025-04-26 14:20:50.678: [INFO][Sync] SyncState after authenticated was: FeatureCanStart
2025-04-26 14:20:54.081: [INFO][SyncAuthManager::EdgeLogTokenErrorState] Token error with: EDGE_AUTH_ERROR: 3, 49, 0 for account type: MSA
2025-04-26 14:20:54.081: [INFO][Sync] Credentials changed for: EdgeSyncKeyDataScope
2025-04-26 14:20:54.101: [INFO][SyncAuthManager::EdgeLogTokenErrorState] Token error with: EDGE_AUTH_ERROR: 3, 49, 0 for account type: MSA
2025-04-26 14:20:54.101: [INFO][Sync] Credentials changed for: EdgeSyncKeyDataScope
2025-04-26 14:20:56.428: [INFO][SyncAuthManager::EdgeLogTokenErrorState] Token error with: EDGE_AUTH_ERROR: 3, 49, 0 for account type: MSA
2025-04-26 14:20:56.428: [INFO][Sync] Credentials changed for: EdgeSyncKeyDataScope
2025-04-26 14:20:57.325: [INFO][Sync] Try to start sync engine
2025-04-26 14:20:57.328: [INFO][SyncAuthManager::EdgeLogTokenErrorState] Token error with: EDGE_AUTH_ERROR: 3, 49, 0 for account type: MSA
2025-04-26 14:20:57.328: [INFO][Sync] Credentials changed for: EdgeSyncScopeNew
2025-04-26 14:20:57.345: [WARN][Sync]    Token is empty
2025-04-26 14:20:57.349: [INFO][SyncAuthManager::EdgeLogTokenErrorState] Token error with: EDGE_AUTH_ERROR: 3, 49, 0 for account type: MSA
2025-04-26 14:20:57.350: [INFO][Sync] Credentials changed for: EdgeSyncScopeNew
2025-04-26 14:20:57.350: [WARN][Sync]    Token is empty
2025-04-26 14:20:57.393: [INFO][SyncEngineBackend::LoadAndConnectNigoriController] Load and connect Nigori controller
2025-04-26 14:20:57.393: [INFO][SyncEngineBackend::DoInitialize] Control Types added: 
2025-04-26 14:20:57.393: [INFO][SyncManagerImpl::ConfigureSyncer] Types to download:  with reason: 4
2025-04-26 14:20:57.395: [INFO][Sync] Started DataTypeManager configuration, reason: 4
2025-04-26 14:20:57.395: [INFO][Sync] Configuring for: Bookmarks, Preferences, Passwords, Autofill Profiles, Autofill, Extensions, Sessions, Extension settings, History Delete Directives, Device Info, User Consents, Send Tab To Self, Web Apps, History, Collection, Edge E Drop, Edge Hub App Usage, Edge Tab Group, Edge Wallet, Encryption Keys, reason: 4, current state: 0
2025-04-26 14:20:57.395: [INFO][SyncEngineBackend::DoStartConfiguration] Start configuration
2025-04-26 14:20:57.396: [INFO][Sync] Configure, desired: Bookmarks, Preferences, Passwords, Autofill Profiles, Autofill, Extensions, Sessions, Extension settings, History Delete Directives, Device Info, User Consents, Send Tab To Self, Web Apps, History, Collection, Edge E Drop, Edge Hub App Usage, Edge Tab Group, Edge Wallet, Encryption Keys; Allow fail: 
2025-04-26 14:20:57.396: [INFO][Sync] Loading: Bookmarks
2025-04-26 14:20:57.396: [INFO][Sync] Loading: Preferences
2025-04-26 14:20:57.396: [INFO][Sync] Loading: Passwords
2025-04-26 14:20:57.396: [INFO][Sync] Loading: Autofill Profiles
2025-04-26 14:20:57.396: [INFO][Sync] Loading: Autofill
2025-04-26 14:20:57.396: [INFO][Sync] Loading: Extensions
2025-04-26 14:20:57.396: [INFO][Sync] Loading: Sessions
2025-04-26 14:20:57.396: [INFO][Sync] Loading: Extension settings
2025-04-26 14:20:57.396: [INFO][Sync] Loading: History Delete Directives
2025-04-26 14:20:57.396: [INFO][Sync] Loading: Device Info
2025-04-26 14:20:57.396: [INFO][Sync] Loading: User Consents
2025-04-26 14:20:57.396: [INFO][Sync] Loading: Send Tab To Self
2025-04-26 14:20:57.396: [INFO][Sync] Loading: Web Apps
2025-04-26 14:20:57.396: [INFO][Sync] Loading: History
2025-04-26 14:20:57.396: [INFO][Sync] Loading: Collection
2025-04-26 14:20:57.396: [INFO][Sync] Loading: Edge E Drop
2025-04-26 14:20:57.396: [INFO][Sync] Loading: Edge Hub App Usage
2025-04-26 14:20:57.396: [INFO][Sync] Loading: Edge Tab Group
2025-04-26 14:20:57.396: [INFO][Sync] Loading: Edge Wallet
2025-04-26 14:20:57.396: [INFO][Sync] Connection status changed to: 2
2025-04-26 14:20:57.397: [INFO][Sync] Connection status changed to: 2
2025-04-26 14:20:57.441: [INFO][Sync] All data types are ready for configure.
2025-04-26 14:20:57.441: [INFO][SyncManagerImpl::ConfigureSyncer] Types to download:  with reason: 4
2025-04-26 14:20:57.441: [INFO][SyncEngineBackend::DoFinishConfigureDataTypes] Failed to download types:  and succeeded types: 
2025-04-26 14:20:57.442: [INFO][Sync] ConfigurationDone, failed: , succeeded: , remaining count: 4
2025-04-26 14:20:57.442: [INFO][SyncManagerImpl::ConfigureSyncer] Types to download:  with reason: 4
2025-04-26 14:20:57.442: [INFO][SyncEngineBackend::DoFinishConfigureDataTypes] Failed to download types:  and succeeded types: 
2025-04-26 14:20:57.442: [INFO][Sync] ConfigurationDone, failed: , succeeded: , remaining count: 3
2025-04-26 14:20:57.442: [INFO][SyncManagerImpl::ConfigureSyncer] Types to download:  with reason: 4
2025-04-26 14:20:57.442: [INFO][SyncEngineBackend::DoFinishConfigureDataTypes] Failed to download types:  and succeeded types: 
2025-04-26 14:20:57.442: [INFO][Sync] ConfigurationDone, failed: , succeeded: , remaining count: 2
2025-04-26 14:20:57.442: [INFO][SyncManagerImpl::ConfigureSyncer] Types to download:  with reason: 4
2025-04-26 14:20:57.442: [INFO][SyncEngineBackend::DoFinishConfigureDataTypes] Failed to download types:  and succeeded types: 
2025-04-26 14:20:57.442: [INFO][Sync] ConfigurationDone, failed: , succeeded: , remaining count: 1
2025-04-26 14:20:57.443: [INFO][SyncManagerImpl::ConfigureSyncer] Types to download:  with reason: 4
2025-04-26 14:20:57.443: [INFO][SyncEngineBackend::DoFinishConfigureDataTypes] Failed to download types:  and succeeded types: 
2025-04-26 14:20:57.443: [INFO][Sync] ConfigurationDone, failed: , succeeded: , remaining count: 0
2025-04-26 14:20:57.444: [INFO][Sync]     Configuration completed, state: 3
2025-04-26 14:20:57.444: [INFO][Sync] Configured DataTypeManager: Ok
2025-04-26 14:20:57.445: [INFO][SyncEngineBackend::DoStartSyncing] Start syncing
2025-04-26 14:20:59.230: [INFO][SyncAuthManager::EdgeLogTokenErrorState] Token error with: EDGE_AUTH_ERROR: 3, 49, 0 for account type: MSA
2025-04-26 14:20:59.230: [INFO][Sync] Credentials changed for: EdgeSyncScopeNew
2025-04-26 14:20:59.230: [WARN][Sync]    Token is empty
2025-04-26 14:20:59.231: [INFO][Sync] Connection status changed to: 2
2025-04-26 14:21:00.361: [INFO][SyncAuthManager::EdgeLogTokenErrorState] Token error with: EDGE_AUTH_ERROR: 3, 49, 0 for account type: MSA
2025-04-26 14:21:00.361: [INFO][Sync] Credentials changed for: EdgeSyncKeyDataScope
2025-04-26 14:21:02.914: [INFO][SyncAuthManager::EdgeLogTokenErrorState] Token error with: EDGE_AUTH_ERROR: 3, 49, 0 for account type: MSA
2025-04-26 14:21:02.914: [INFO][Sync] Credentials changed for: EdgeSyncScopeNew
2025-04-26 14:21:02.914: [WARN][Sync]    Token is empty
2025-04-26 14:21:02.916: [INFO][Sync] Connection status changed to: 2
2025-04-26 14:21:07.892: [INFO][SyncAuthManager::EdgeLogTokenErrorState] Token error with: EDGE_AUTH_ERROR: 3, 49, 0 for account type: MSA
2025-04-26 14:21:07.892: [INFO][Sync] Credentials changed for: EdgeSyncKeyDataScope
2025-04-26 14:21:10.146: [INFO][SyncAuthManager::EdgeLogTokenErrorState] Token error with: EDGE_AUTH_ERROR: 3, 49, 0 for account type: MSA
2025-04-26 14:21:10.146: [INFO][Sync] Credentials changed for: EdgeSyncScopeNew
2025-04-26 14:21:10.146: [WARN][Sync]    Token is empty
2025-04-26 14:21:10.150: [INFO][Sync] Connection status changed to: 2
2025-04-26 14:21:23.414: [INFO][SyncAuthManager::EdgeLogTokenErrorState] Token error with: EDGE_AUTH_ERROR: 3, 49, 0 for account type: MSA
2025-04-26 14:21:23.414: [INFO][Sync] Credentials changed for: EdgeSyncKeyDataScope
2025-04-26 14:21:24.039: [INFO][SyncAuthManager::EdgeLogTokenErrorState] Token error with: EDGE_AUTH_ERROR: 3, 49, 0 for account type: MSA
2025-04-26 14:21:24.039: [INFO][Sync] Credentials changed for: EdgeSyncScopeNew
2025-04-26 14:21:24.039: [WARN][Sync]    Token is empty
2025-04-26 14:21:24.042: [INFO][Sync] Connection status changed to: 2
2025-04-26 14:21:53.373: [INFO][SyncAuthManager::EdgeLogTokenErrorState] Token error with: EDGE_AUTH_ERROR: 3, 49, 0 for account type: MSA
2025-04-26 14:21:53.373: [INFO][Sync] Credentials changed for: EdgeSyncKeyDataScope
2025-04-26 14:21:54.908: [INFO][SyncAuthManager::EdgeLogTokenErrorState] Token error with: EDGE_AUTH_ERROR: 3, 49, 0 for account type: MSA
2025-04-26 14:21:54.908: [INFO][Sync] Credentials changed for: EdgeSyncScopeNew
2025-04-26 14:21:54.908: [WARN][Sync]    Token is empty
2025-04-26 14:21:54.911: [INFO][Sync] Connection status changed to: 2
2025-04-26 14:22:54.122: [INFO][SyncAuthManager::EdgeLogTokenErrorState] Token error with: EDGE_AUTH_ERROR: 3, 49, 0 for account type: MSA
2025-04-26 14:22:54.123: [INFO][Sync] Credentials changed for: EdgeSyncScopeNew
2025-04-26 14:22:54.123: [WARN][Sync]    Token is empty
2025-04-26 14:22:54.127: [INFO][Sync] Connection status changed to: 2
2025-04-26 14:22:57.075: [INFO][SyncAuthManager::EdgeLogTokenErrorState] Token error with: EDGE_AUTH_ERROR: 3, 49, 0 for account type: MSA
2025-04-26 14:22:57.075: [INFO][Sync] Credentials changed for: EdgeSyncKeyDataScope
2025-04-26 14:24:43.485: [INFO][SyncAuthManager::EdgeLogTokenErrorState] Token error with: EDGE_AUTH_ERROR: 3, 49, 0 for account type: MSA
2025-04-26 14:24:43.485: [INFO][Sync] Credentials changed for: EdgeSyncKeyDataScope
2025-04-26 14:24:54.666: [INFO][SyncAuthManager::EdgeLogTokenErrorState] Token error with: EDGE_AUTH_ERROR: 3, 49, 0 for account type: MSA
2025-04-26 14:24:54.666: [INFO][Sync] Credentials changed for: EdgeSyncScopeNew
2025-04-26 14:24:54.666: [WARN][Sync]    Token is empty
2025-04-26 14:24:54.669: [INFO][Sync] Connection status changed to: 2
2025-04-26 14:28:20.230: [INFO][SyncAuthManager::EdgeLogTokenErrorState] Token error with: EDGE_AUTH_ERROR: 3, 49, 0 for account type: MSA
2025-04-26 14:28:20.230: [INFO][Sync] Credentials changed for: EdgeSyncScopeNew
2025-04-26 14:28:20.230: [WARN][Sync]    Token is empty
2025-04-26 14:28:20.233: [INFO][Sync] Connection status changed to: 2
2025-04-26 14:28:35.939: [INFO][SyncAuthManager::EdgeLogTokenErrorState] Token error with: EDGE_AUTH_ERROR: 3, 49, 0 for account type: MSA
2025-04-26 14:28:35.939: [INFO][Sync] Credentials changed for: EdgeSyncKeyDataScope
2025-04-26 14:35:35.499: [INFO][SyncAuthManager::EdgeLogTokenErrorState] Token error with: EDGE_AUTH_ERROR: 3, 49, 0 for account type: MSA
2025-04-26 14:35:35.499: [INFO][Sync] Credentials changed for: EdgeSyncKeyDataScope
2025-04-26 14:36:40.071: [INFO][SyncAuthManager::EdgeLogTokenErrorState] Token error with: EDGE_AUTH_ERROR: 3, 49, 0 for account type: MSA
2025-04-26 14:36:40.071: [INFO][Sync] Credentials changed for: EdgeSyncScopeNew
2025-04-26 14:36:40.071: [WARN][Sync]    Token is empty
2025-04-26 14:36:40.079: [INFO][Sync] Connection status changed to: 2
2025-04-26 14:50:18.382: [INFO][SyncAuthManager::EdgeLogTokenErrorState] Token error with: EDGE_AUTH_ERROR: 3, 49, 0 for account type: MSA
2025-04-26 14:50:18.382: [INFO][Sync] Credentials changed for: EdgeSyncKeyDataScope
2025-04-26 14:51:59.213: [INFO][SyncAuthManager::EdgeLogTokenErrorState] Token error with: EDGE_AUTH_ERROR: 3, 49, 0 for account type: MSA
2025-04-26 14:51:59.213: [INFO][Sync] Credentials changed for: EdgeSyncScopeNew
2025-04-26 14:51:59.213: [WARN][Sync]    Token is empty
2025-04-26 14:51:59.216: [INFO][Sync] Connection status changed to: 2
2025-05-03 05:57:41.672: [INFO][Sync] SyncState after authenticated was: FeatureCanStart
2025-05-03 05:57:41.939: [INFO][SyncAuthManager::EdgeLogTokenErrorState] Token error with: EDGE_AUTH_ERROR: 3, 49, 0 for account type: MSA
2025-05-03 05:57:41.939: [INFO][Sync] Credentials changed for: EdgeSyncKeyDataScope
2025-05-03 05:57:41.976: [INFO][SyncAuthManager::EdgeLogTokenErrorState] Token error with: EDGE_AUTH_ERROR: 3, 49, 0 for account type: MSA
2025-05-03 05:57:41.976: [INFO][Sync] Credentials changed for: EdgeSyncKeyDataScope
2025-05-03 05:57:42.102: [INFO][Sync] Try to start sync engine
2025-05-03 05:57:42.107: [INFO][SyncEngineBackend::LoadAndConnectNigoriController] Load and connect Nigori controller
2025-05-03 05:57:42.107: [INFO][SyncEngineBackend::DoInitialize] Control Types added: 
2025-05-03 05:57:42.107: [INFO][SyncManagerImpl::ConfigureSyncer] Types to download:  with reason: 4
2025-05-03 05:57:42.121: [INFO][SyncAuthManager::EdgeLogTokenErrorState] Token error with: EDGE_AUTH_ERROR: 3, 49, 0 for account type: MSA
2025-05-03 05:57:42.121: [INFO][Sync] Credentials changed for: EdgeSyncScopeNew
2025-05-03 05:57:42.122: [WARN][Sync]    Token is empty
2025-05-03 05:57:42.128: [INFO][Sync] Started DataTypeManager configuration, reason: 4
2025-05-03 05:57:42.128: [INFO][Sync] Configuring for: Bookmarks, Preferences, Passwords, Autofill Profiles, Autofill, Extensions, Sessions, Extension settings, History Delete Directives, Device Info, User Consents, Send Tab To Self, Web Apps, History, Collection, Edge E Drop, Edge Hub App Usage, Edge Tab Group, Edge Wallet, Encryption Keys, reason: 4, current state: 0
2025-05-03 05:57:42.128: [INFO][SyncEngineBackend::DoStartConfiguration] Start configuration
2025-05-03 05:57:42.130: [INFO][Sync] Configure, desired: Bookmarks, Preferences, Passwords, Autofill Profiles, Autofill, Extensions, Sessions, Extension settings, History Delete Directives, Device Info, User Consents, Send Tab To Self, Web Apps, History, Collection, Edge E Drop, Edge Hub App Usage, Edge Tab Group, Edge Wallet, Encryption Keys; Allow fail: 
2025-05-03 05:57:42.130: [INFO][Sync] Loading: Bookmarks
2025-05-03 05:57:42.130: [INFO][Sync] Loading: Preferences
2025-05-03 05:57:42.130: [INFO][Sync] Loading: Passwords
2025-05-03 05:57:42.130: [INFO][Sync] Loading: Autofill Profiles
2025-05-03 05:57:42.130: [INFO][Sync] Loading: Autofill
2025-05-03 05:57:42.130: [INFO][Sync] Loading: Extensions
2025-05-03 05:57:42.130: [INFO][Sync] Loading: Sessions
2025-05-03 05:57:42.130: [INFO][Sync] Loading: Extension settings
2025-05-03 05:57:42.130: [INFO][Sync] Loading: History Delete Directives
2025-05-03 05:57:42.130: [INFO][Sync] Loading: Device Info
2025-05-03 05:57:42.130: [INFO][Sync] Loading: User Consents
2025-05-03 05:57:42.130: [INFO][Sync] Loading: Send Tab To Self
2025-05-03 05:57:42.130: [INFO][Sync] Loading: Web Apps
2025-05-03 05:57:42.130: [INFO][Sync] Loading: History
2025-05-03 05:57:42.130: [INFO][Sync] Loading: Collection
2025-05-03 05:57:42.130: [INFO][Sync] Loading: Edge E Drop
2025-05-03 05:57:42.130: [INFO][Sync] Loading: Edge Hub App Usage
2025-05-03 05:57:42.130: [INFO][Sync] Loading: Edge Tab Group
2025-05-03 05:57:42.130: [INFO][Sync] Loading: Edge Wallet
2025-05-03 05:57:42.140: [INFO][Sync] Connection status changed to: 2
2025-05-03 05:57:42.145: [INFO][SyncAuthManager::EdgeLogTokenErrorState] Token error with: EDGE_AUTH_ERROR: 3, 49, 0 for account type: MSA
2025-05-03 05:57:42.145: [INFO][Sync] Credentials changed for: EdgeSyncScopeNew
2025-05-03 05:57:42.145: [WARN][Sync]    Token is empty
2025-05-03 05:57:42.148: [INFO][Sync] Connection status changed to: 2
2025-05-03 05:57:42.152: [INFO][Sync] All data types are ready for configure.
2025-05-03 05:57:42.152: [INFO][SyncManagerImpl::ConfigureSyncer] Types to download:  with reason: 4
2025-05-03 05:57:42.152: [INFO][SyncEngineBackend::DoFinishConfigureDataTypes] Failed to download types:  and succeeded types: 
2025-05-03 05:57:42.152: [INFO][Sync] ConfigurationDone, failed: , succeeded: , remaining count: 4
2025-05-03 05:57:42.152: [INFO][SyncManagerImpl::ConfigureSyncer] Types to download:  with reason: 4
2025-05-03 05:57:42.152: [INFO][SyncEngineBackend::DoFinishConfigureDataTypes] Failed to download types:  and succeeded types: 
2025-05-03 05:57:42.152: [INFO][Sync] ConfigurationDone, failed: , succeeded: , remaining count: 3
2025-05-03 05:57:42.152: [INFO][SyncManagerImpl::ConfigureSyncer] Types to download:  with reason: 4
2025-05-03 05:57:42.152: [INFO][SyncEngineBackend::DoFinishConfigureDataTypes] Failed to download types:  and succeeded types: 
2025-05-03 05:57:42.152: [INFO][Sync] ConfigurationDone, failed: , succeeded: , remaining count: 2
2025-05-03 05:57:42.152: [INFO][SyncManagerImpl::ConfigureSyncer] Types to download:  with reason: 4
2025-05-03 05:57:42.153: [INFO][SyncEngineBackend::DoFinishConfigureDataTypes] Failed to download types:  and succeeded types: 
2025-05-03 05:57:42.153: [INFO][Sync] ConfigurationDone, failed: , succeeded: , remaining count: 1
2025-05-03 05:57:42.155: [INFO][SyncManagerImpl::ConfigureSyncer] Types to download:  with reason: 4
2025-05-03 05:57:42.155: [INFO][SyncEngineBackend::DoFinishConfigureDataTypes] Failed to download types:  and succeeded types: 
2025-05-03 05:57:42.155: [INFO][Sync] ConfigurationDone, failed: , succeeded: , remaining count: 0
2025-05-03 05:57:42.157: [INFO][Sync]     Configuration completed, state: 3
2025-05-03 05:57:42.158: [INFO][Sync] Configured DataTypeManager: Ok
2025-05-03 05:57:42.159: [INFO][SyncEngineBackend::DoStartSyncing] Start syncing
2025-05-03 05:57:43.712: [INFO][SyncAuthManager::EdgeLogTokenErrorState] Token error with: EDGE_AUTH_ERROR: 3, 49, 0 for account type: MSA
2025-05-03 05:57:43.712: [INFO][Sync] Credentials changed for: EdgeSyncKeyDataScope
2025-05-03 05:57:44.117: [INFO][SyncAuthManager::EdgeLogTokenErrorState] Token error with: EDGE_AUTH_ERROR: 3, 49, 0 for account type: MSA
2025-05-03 05:57:44.117: [INFO][Sync] Credentials changed for: EdgeSyncScopeNew
2025-05-03 05:57:44.117: [WARN][Sync]    Token is empty
2025-05-03 05:57:44.119: [INFO][Sync] Connection status changed to: 2
2025-05-03 05:57:47.191: [INFO][SyncAuthManager::EdgeLogTokenErrorState] Token error with: EDGE_AUTH_ERROR: 3, 49, 0 for account type: MSA
2025-05-03 05:57:47.191: [INFO][Sync] Credentials changed for: EdgeSyncKeyDataScope
2025-05-03 05:57:47.767: [INFO][SyncAuthManager::EdgeLogTokenErrorState] Token error with: EDGE_AUTH_ERROR: 3, 49, 0 for account type: MSA
2025-05-03 05:57:47.767: [INFO][Sync] Credentials changed for: EdgeSyncScopeNew
2025-05-03 05:57:47.767: [WARN][Sync]    Token is empty
2025-05-03 05:57:47.768: [INFO][Sync] Connection status changed to: 2
2025-05-03 05:57:54.929: [INFO][SyncAuthManager::EdgeLogTokenErrorState] Token error with: EDGE_AUTH_ERROR: 3, 49, 0 for account type: MSA
2025-05-03 05:57:54.929: [INFO][Sync] Credentials changed for: EdgeSyncScopeNew
2025-05-03 05:57:54.929: [WARN][Sync]    Token is empty
2025-05-03 05:57:54.931: [INFO][Sync] Connection status changed to: 2
2025-05-03 05:57:54.996: [INFO][SyncAuthManager::EdgeLogTokenErrorState] Token error with: EDGE_AUTH_ERROR: 3, 49, 0 for account type: MSA
2025-05-03 05:57:54.996: [INFO][Sync] Credentials changed for: EdgeSyncKeyDataScope
2025-05-03 05:58:09.777: [INFO][SyncAuthManager::EdgeLogTokenErrorState] Token error with: EDGE_AUTH_ERROR: 3, 49, 0 for account type: MSA
2025-05-03 05:58:09.777: [INFO][Sync] Credentials changed for: EdgeSyncScopeNew
2025-05-03 05:58:09.777: [WARN][Sync]    Token is empty
2025-05-03 05:58:09.780: [INFO][Sync] Connection status changed to: 2
2025-05-03 05:58:10.705: [INFO][SyncAuthManager::EdgeLogTokenErrorState] Token error with: EDGE_AUTH_ERROR: 3, 49, 0 for account type: MSA
2025-05-03 05:58:10.705: [INFO][Sync] Credentials changed for: EdgeSyncKeyDataScope
2025-05-03 05:58:41.248: [INFO][SyncAuthManager::EdgeLogTokenErrorState] Token error with: EDGE_AUTH_ERROR: 3, 49, 0 for account type: MSA
2025-05-03 05:58:41.248: [INFO][Sync] Credentials changed for: EdgeSyncScopeNew
2025-05-03 05:58:41.248: [WARN][Sync]    Token is empty
2025-05-03 05:58:41.250: [INFO][Sync] Connection status changed to: 2
2025-05-03 05:58:42.647: [INFO][SyncAuthManager::EdgeLogTokenErrorState] Token error with: EDGE_AUTH_ERROR: 3, 49, 0 for account type: MSA
2025-05-03 05:58:42.647: [INFO][Sync] Credentials changed for: EdgeSyncKeyDataScope
2025-05-03 05:59:32.573: [INFO][SyncAuthManager::EdgeLogTokenErrorState] Token error with: EDGE_AUTH_ERROR: 3, 49, 0 for account type: MSA
2025-05-03 05:59:32.573: [INFO][Sync] Credentials changed for: EdgeSyncScopeNew
2025-05-03 05:59:32.573: [WARN][Sync]    Token is empty
2025-05-03 05:59:32.576: [INFO][Sync] Connection status changed to: 2
2025-05-03 05:59:38.590: [INFO][SyncAuthManager::EdgeLogTokenErrorState] Token error with: EDGE_AUTH_ERROR: 3, 49, 0 for account type: MSA
2025-05-03 05:59:38.590: [INFO][Sync] Credentials changed for: EdgeSyncKeyDataScope
2025-05-03 06:01:18.867: [INFO][SyncAuthManager::EdgeLogTokenErrorState] Token error with: EDGE_AUTH_ERROR: 3, 49, 0 for account type: MSA
2025-05-03 06:01:18.867: [INFO][Sync] Credentials changed for: EdgeSyncScopeNew
2025-05-03 06:01:18.867: [WARN][Sync]    Token is empty
2025-05-03 06:01:18.870: [INFO][Sync] Connection status changed to: 2
2025-05-03 06:01:42.567: [INFO][SyncAuthManager::EdgeLogTokenErrorState] Token error with: EDGE_AUTH_ERROR: 3, 49, 0 for account type: MSA
2025-05-03 06:01:42.567: [INFO][Sync] Credentials changed for: EdgeSyncKeyDataScope
2025-05-03 06:05:20.847: [INFO][SyncAuthManager::EdgeLogTokenErrorState] Token error with: EDGE_AUTH_ERROR: 3, 49, 0 for account type: MSA
2025-05-03 06:05:20.847: [INFO][Sync] Credentials changed for: EdgeSyncKeyDataScope
2025-05-03 06:05:34.198: [INFO][SyncAuthManager::EdgeLogTokenErrorState] Token error with: EDGE_AUTH_ERROR: 3, 49, 0 for account type: MSA
2025-05-03 06:05:34.198: [INFO][Sync] Credentials changed for: EdgeSyncScopeNew
2025-05-03 06:05:34.198: [WARN][Sync]    Token is empty
2025-05-03 06:05:34.201: [INFO][Sync] Connection status changed to: 2
2025-05-03 06:12:22.028: [INFO][SyncAuthManager::EdgeLogTokenErrorState] Token error with: EDGE_AUTH_ERROR: 3, 49, 0 for account type: MSA
2025-05-03 06:12:22.028: [INFO][Sync] Credentials changed for: EdgeSyncKeyDataScope
2025-05-03 09:01:52.181: [INFO][SyncAuthManager::EdgeLogTokenErrorState] Token error with: EDGE_AUTH_ERROR: 3, 49, 0 for account type: MSA
2025-05-03 09:01:52.181: [INFO][Sync] Credentials changed for: EdgeSyncScopeNew
2025-05-03 09:01:52.181: [WARN][Sync]    Token is empty
2025-05-03 09:01:52.183: [INFO][Sync] Connection status changed to: 2
2025-05-03 09:12:45.934: [INFO][Sync] SyncState after authenticated was: FeatureCanStart
2025-05-03 09:12:46.193: [INFO][SyncAuthManager::EdgeLogTokenErrorState] Token error with: EDGE_AUTH_ERROR: 3, 49, 0 for account type: MSA
2025-05-03 09:12:46.193: [INFO][Sync] Credentials changed for: EdgeSyncKeyDataScope
2025-05-03 09:12:46.217: [INFO][SyncAuthManager::EdgeLogTokenErrorState] Token error with: EDGE_AUTH_ERROR: 3, 49, 0 for account type: MSA
2025-05-03 09:12:46.217: [INFO][Sync] Credentials changed for: EdgeSyncKeyDataScope
2025-05-03 09:12:47.839: [INFO][SyncAuthManager::EdgeLogTokenErrorState] Token error with: EDGE_AUTH_ERROR: 3, 49, 0 for account type: MSA
2025-05-03 09:12:47.839: [INFO][Sync] Credentials changed for: EdgeSyncKeyDataScope
2025-05-03 09:12:50.462: [INFO][Sync] Try to start sync engine
2025-05-03 09:12:50.464: [INFO][SyncAuthManager::EdgeLogTokenErrorState] Token error with: EDGE_AUTH_ERROR: 3, 49, 0 for account type: MSA
2025-05-03 09:12:50.464: [INFO][Sync] Credentials changed for: EdgeSyncScopeNew
2025-05-03 09:12:50.464: [WARN][Sync]    Token is empty
2025-05-03 09:12:50.466: [INFO][SyncEngineBackend::LoadAndConnectNigoriController] Load and connect Nigori controller
2025-05-03 09:12:50.466: [INFO][SyncEngineBackend::DoInitialize] Control Types added: 
2025-05-03 09:12:50.466: [INFO][SyncManagerImpl::ConfigureSyncer] Types to download:  with reason: 4
2025-05-03 09:12:50.468: [INFO][SyncAuthManager::EdgeLogTokenErrorState] Token error with: EDGE_AUTH_ERROR: 3, 49, 0 for account type: MSA
2025-05-03 09:12:50.468: [INFO][Sync] Credentials changed for: EdgeSyncScopeNew
2025-05-03 09:12:50.468: [WARN][Sync]    Token is empty
2025-05-03 09:12:50.473: [INFO][Sync] Started DataTypeManager configuration, reason: 4
2025-05-03 09:12:50.473: [INFO][Sync] Configuring for: Bookmarks, Preferences, Passwords, Autofill Profiles, Autofill, Extensions, Sessions, Extension settings, History Delete Directives, Device Info, User Consents, Send Tab To Self, Web Apps, History, Collection, Edge E Drop, Edge Hub App Usage, Edge Tab Group, Edge Wallet, Encryption Keys, reason: 4, current state: 0
2025-05-03 09:12:50.473: [INFO][SyncEngineBackend::DoStartConfiguration] Start configuration
2025-05-03 09:12:50.474: [INFO][Sync] Configure, desired: Bookmarks, Preferences, Passwords, Autofill Profiles, Autofill, Extensions, Sessions, Extension settings, History Delete Directives, Device Info, User Consents, Send Tab To Self, Web Apps, History, Collection, Edge E Drop, Edge Hub App Usage, Edge Tab Group, Edge Wallet, Encryption Keys; Allow fail: 
2025-05-03 09:12:50.474: [INFO][Sync] Loading: Bookmarks
2025-05-03 09:12:50.474: [INFO][Sync] Loading: Preferences
2025-05-03 09:12:50.474: [INFO][Sync] Loading: Passwords
2025-05-03 09:12:50.474: [INFO][Sync] Loading: Autofill Profiles
2025-05-03 09:12:50.474: [INFO][Sync] Loading: Autofill
2025-05-03 09:12:50.474: [INFO][Sync] Loading: Extensions
2025-05-03 09:12:50.474: [INFO][Sync] Loading: Sessions
2025-05-03 09:12:50.474: [INFO][Sync] Loading: Extension settings
2025-05-03 09:12:50.474: [INFO][Sync] Loading: History Delete Directives
2025-05-03 09:12:50.474: [INFO][Sync] Loading: Device Info
2025-05-03 09:12:50.474: [INFO][Sync] Loading: User Consents
2025-05-03 09:12:50.474: [INFO][Sync] Loading: Send Tab To Self
2025-05-03 09:12:50.474: [INFO][Sync] Loading: Web Apps
2025-05-03 09:12:50.474: [INFO][Sync] Loading: History
2025-05-03 09:12:50.474: [INFO][Sync] Loading: Collection
2025-05-03 09:12:50.474: [INFO][Sync] Loading: Edge E Drop
2025-05-03 09:12:50.474: [INFO][Sync] Loading: Edge Hub App Usage
2025-05-03 09:12:50.474: [INFO][Sync] Loading: Edge Tab Group
2025-05-03 09:12:50.474: [INFO][Sync] Loading: Edge Wallet
2025-05-03 09:12:50.475: [INFO][Sync] Connection status changed to: 2
2025-05-03 09:12:50.485: [INFO][Sync] Connection status changed to: 2
2025-05-03 09:12:50.497: [INFO][Sync] All data types are ready for configure.
2025-05-03 09:12:50.497: [INFO][SyncManagerImpl::ConfigureSyncer] Types to download:  with reason: 4
2025-05-03 09:12:50.497: [INFO][SyncEngineBackend::DoFinishConfigureDataTypes] Failed to download types:  and succeeded types: 
2025-05-03 09:12:50.499: [INFO][Sync] ConfigurationDone, failed: , succeeded: , remaining count: 4
2025-05-03 09:12:50.499: [INFO][SyncManagerImpl::ConfigureSyncer] Types to download:  with reason: 4
2025-05-03 09:12:50.499: [INFO][SyncEngineBackend::DoFinishConfigureDataTypes] Failed to download types:  and succeeded types: 
2025-05-03 09:12:50.501: [INFO][Sync] ConfigurationDone, failed: , succeeded: , remaining count: 3
2025-05-03 09:12:50.501: [INFO][SyncManagerImpl::ConfigureSyncer] Types to download:  with reason: 4
2025-05-03 09:12:50.501: [INFO][SyncEngineBackend::DoFinishConfigureDataTypes] Failed to download types:  and succeeded types: 
2025-05-03 09:12:50.504: [INFO][Sync] ConfigurationDone, failed: , succeeded: , remaining count: 2
2025-05-03 09:12:50.504: [INFO][SyncManagerImpl::ConfigureSyncer] Types to download:  with reason: 4
2025-05-03 09:12:50.504: [INFO][SyncEngineBackend::DoFinishConfigureDataTypes] Failed to download types:  and succeeded types: 
2025-05-03 09:12:50.510: [INFO][Sync] ConfigurationDone, failed: , succeeded: , remaining count: 1
2025-05-03 09:12:50.511: [INFO][SyncManagerImpl::ConfigureSyncer] Types to download:  with reason: 4
2025-05-03 09:12:50.511: [INFO][SyncEngineBackend::DoFinishConfigureDataTypes] Failed to download types:  and succeeded types: 
2025-05-03 09:12:50.513: [INFO][Sync] ConfigurationDone, failed: , succeeded: , remaining count: 0
2025-05-03 09:12:50.514: [INFO][Sync]     Configuration completed, state: 3
2025-05-03 09:12:50.514: [INFO][Sync] Configured DataTypeManager: Ok
2025-05-03 09:12:50.516: [INFO][SyncEngineBackend::DoStartSyncing] Start syncing
2025-05-03 09:12:51.272: [INFO][SyncAuthManager::EdgeLogTokenErrorState] Token error with: EDGE_AUTH_ERROR: 3, 49, 0 for account type: MSA
2025-05-03 09:12:51.272: [INFO][Sync] Credentials changed for: EdgeSyncKeyDataScope
2025-05-03 09:12:52.262: [INFO][SyncAuthManager::EdgeLogTokenErrorState] Token error with: EDGE_AUTH_ERROR: 3, 49, 0 for account type: MSA
2025-05-03 09:12:52.262: [INFO][Sync] Credentials changed for: EdgeSyncScopeNew
2025-05-03 09:12:52.262: [WARN][Sync]    Token is empty
2025-05-03 09:12:52.263: [INFO][Sync] Connection status changed to: 2
2025-05-03 09:12:53.579: [INFO][Sync] Reset engine, reason: 0
2025-05-03 09:12:53.579: [INFO][Sync] Reset engine with reason: 0
2025-05-03 09:45:54.377: [INFO][Sync] SyncState after authenticated was: FeatureCanStart
2025-05-03 09:45:54.566: [INFO][SyncAuthManager::EdgeLogTokenErrorState] Token error with: EDGE_AUTH_ERROR: 3, 49, 0 for account type: MSA
2025-05-03 09:45:54.566: [INFO][Sync] Credentials changed for: EdgeSyncKeyDataScope
2025-05-03 09:45:54.585: [INFO][SyncAuthManager::EdgeLogTokenErrorState] Token error with: EDGE_AUTH_ERROR: 3, 49, 0 for account type: MSA
2025-05-03 09:45:54.585: [INFO][Sync] Credentials changed for: EdgeSyncKeyDataScope
2025-05-03 09:45:56.235: [INFO][SyncAuthManager::EdgeLogTokenErrorState] Token error with: EDGE_AUTH_ERROR: 3, 49, 0 for account type: MSA
2025-05-03 09:45:56.235: [INFO][Sync] Credentials changed for: EdgeSyncKeyDataScope
2025-05-03 09:45:58.343: [INFO][Sync] Try to start sync engine
2025-05-03 09:45:58.344: [INFO][SyncAuthManager::EdgeLogTokenErrorState] Token error with: EDGE_AUTH_ERROR: 3, 49, 0 for account type: MSA
2025-05-03 09:45:58.344: [INFO][Sync] Credentials changed for: EdgeSyncScopeNew
2025-05-03 09:45:58.344: [WARN][Sync]    Token is empty
2025-05-03 09:45:58.347: [INFO][SyncEngineBackend::LoadAndConnectNigoriController] Load and connect Nigori controller
2025-05-03 09:45:58.347: [INFO][SyncEngineBackend::DoInitialize] Control Types added: 
2025-05-03 09:45:58.347: [INFO][SyncManagerImpl::ConfigureSyncer] Types to download:  with reason: 4
2025-05-03 09:45:58.347: [INFO][SyncAuthManager::EdgeLogTokenErrorState] Token error with: EDGE_AUTH_ERROR: 3, 49, 0 for account type: MSA
2025-05-03 09:45:58.347: [INFO][Sync] Credentials changed for: EdgeSyncScopeNew
2025-05-03 09:45:58.347: [WARN][Sync]    Token is empty
2025-05-03 09:45:58.352: [INFO][Sync] Started DataTypeManager configuration, reason: 4
2025-05-03 09:45:58.352: [INFO][Sync] Configuring for: Bookmarks, Preferences, Passwords, Autofill Profiles, Autofill, Extensions, Sessions, Extension settings, History Delete Directives, Device Info, User Consents, Send Tab To Self, Web Apps, History, Collection, Edge E Drop, Edge Hub App Usage, Edge Tab Group, Edge Wallet, Encryption Keys, reason: 4, current state: 0
2025-05-03 09:45:58.353: [INFO][SyncEngineBackend::DoStartConfiguration] Start configuration
2025-05-03 09:45:58.354: [INFO][Sync] Configure, desired: Bookmarks, Preferences, Passwords, Autofill Profiles, Autofill, Extensions, Sessions, Extension settings, History Delete Directives, Device Info, User Consents, Send Tab To Self, Web Apps, History, Collection, Edge E Drop, Edge Hub App Usage, Edge Tab Group, Edge Wallet, Encryption Keys; Allow fail: 
2025-05-03 09:45:58.354: [INFO][Sync] Loading: Bookmarks
2025-05-03 09:45:58.354: [INFO][Sync] Loading: Preferences
2025-05-03 09:45:58.354: [INFO][Sync] Loading: Passwords
2025-05-03 09:45:58.354: [INFO][Sync] Loading: Autofill Profiles
2025-05-03 09:45:58.354: [INFO][Sync] Loading: Autofill
2025-05-03 09:45:58.354: [INFO][Sync] Loading: Extensions
2025-05-03 09:45:58.354: [INFO][Sync] Loading: Sessions
2025-05-03 09:45:58.354: [INFO][Sync] Loading: Extension settings
2025-05-03 09:45:58.354: [INFO][Sync] Loading: History Delete Directives
2025-05-03 09:45:58.354: [INFO][Sync] Loading: Device Info
2025-05-03 09:45:58.354: [INFO][Sync] Loading: User Consents
2025-05-03 09:45:58.354: [INFO][Sync] Loading: Send Tab To Self
2025-05-03 09:45:58.354: [INFO][Sync] Loading: Web Apps
2025-05-03 09:45:58.354: [INFO][Sync] Loading: History
2025-05-03 09:45:58.354: [INFO][Sync] Loading: Collection
2025-05-03 09:45:58.354: [INFO][Sync] Loading: Edge E Drop
2025-05-03 09:45:58.354: [INFO][Sync] Loading: Edge Hub App Usage
2025-05-03 09:45:58.354: [INFO][Sync] Loading: Edge Tab Group
2025-05-03 09:45:58.354: [INFO][Sync] Loading: Edge Wallet
2025-05-03 09:45:58.355: [INFO][Sync] Connection status changed to: 2
2025-05-03 09:45:58.357: [INFO][Sync] Connection status changed to: 2
2025-05-03 09:45:58.366: [INFO][Sync] All data types are ready for configure.
2025-05-03 09:45:58.367: [INFO][SyncManagerImpl::ConfigureSyncer] Types to download:  with reason: 4
2025-05-03 09:45:58.367: [INFO][SyncEngineBackend::DoFinishConfigureDataTypes] Failed to download types:  and succeeded types: 
2025-05-03 09:45:58.367: [INFO][Sync] ConfigurationDone, failed: , succeeded: , remaining count: 4
2025-05-03 09:45:58.367: [INFO][SyncManagerImpl::ConfigureSyncer] Types to download:  with reason: 4
2025-05-03 09:45:58.367: [INFO][SyncEngineBackend::DoFinishConfigureDataTypes] Failed to download types:  and succeeded types: 
2025-05-03 09:45:58.367: [INFO][Sync] ConfigurationDone, failed: , succeeded: , remaining count: 3
2025-05-03 09:45:58.367: [INFO][SyncManagerImpl::ConfigureSyncer] Types to download:  with reason: 4
2025-05-03 09:45:58.367: [INFO][SyncEngineBackend::DoFinishConfigureDataTypes] Failed to download types:  and succeeded types: 
2025-05-03 09:45:58.367: [INFO][Sync] ConfigurationDone, failed: , succeeded: , remaining count: 2
2025-05-03 09:45:58.367: [INFO][SyncManagerImpl::ConfigureSyncer] Types to download:  with reason: 4
2025-05-03 09:45:58.367: [INFO][SyncEngineBackend::DoFinishConfigureDataTypes] Failed to download types:  and succeeded types: 
2025-05-03 09:45:58.368: [INFO][Sync] ConfigurationDone, failed: , succeeded: , remaining count: 1
2025-05-03 09:45:58.369: [INFO][SyncManagerImpl::ConfigureSyncer] Types to download:  with reason: 4
2025-05-03 09:45:58.369: [INFO][SyncEngineBackend::DoFinishConfigureDataTypes] Failed to download types:  and succeeded types: 
2025-05-03 09:45:58.370: [INFO][Sync] ConfigurationDone, failed: , succeeded: , remaining count: 0
2025-05-03 09:45:58.371: [INFO][Sync]     Configuration completed, state: 3
2025-05-03 09:45:58.371: [INFO][Sync] Configured DataTypeManager: Ok
2025-05-03 09:45:58.372: [INFO][SyncEngineBackend::DoStartSyncing] Start syncing
2025-05-03 09:46:00.135: [INFO][SyncAuthManager::EdgeLogTokenErrorState] Token error with: EDGE_AUTH_ERROR: 3, 49, 0 for account type: MSA
2025-05-03 09:46:00.135: [INFO][Sync] Credentials changed for: EdgeSyncKeyDataScope
2025-05-03 09:46:00.203: [INFO][SyncAuthManager::EdgeLogTokenErrorState] Token error with: EDGE_AUTH_ERROR: 3, 49, 0 for account type: MSA
2025-05-03 09:46:00.203: [INFO][Sync] Credentials changed for: EdgeSyncScopeNew
2025-05-03 09:46:00.203: [WARN][Sync]    Token is empty
2025-05-03 09:46:00.204: [INFO][Sync] Connection status changed to: 2
2025-05-03 09:46:03.518: [INFO][SyncAuthManager::EdgeLogTokenErrorState] Token error with: EDGE_AUTH_ERROR: 3, 49, 0 for account type: MSA
2025-05-03 09:46:03.518: [INFO][Sync] Credentials changed for: EdgeSyncScopeNew
2025-05-03 09:46:03.518: [WARN][Sync]    Token is empty
2025-05-03 09:46:03.519: [INFO][Sync] Connection status changed to: 2
2025-05-03 09:46:07.132: [INFO][SyncAuthManager::EdgeLogTokenErrorState] Token error with: EDGE_AUTH_ERROR: 3, 49, 0 for account type: MSA
2025-05-03 09:46:07.132: [INFO][Sync] Credentials changed for: EdgeSyncKeyDataScope
2025-05-03 09:46:10.418: [INFO][SyncAuthManager::EdgeLogTokenErrorState] Token error with: EDGE_AUTH_ERROR: 3, 49, 0 for account type: MSA
2025-05-03 09:46:10.418: [INFO][Sync] Credentials changed for: EdgeSyncScopeNew
2025-05-03 09:46:10.418: [WARN][Sync]    Token is empty
2025-05-03 09:46:10.420: [INFO][Sync] Connection status changed to: 2
2025-05-03 09:46:20.268: [INFO][SyncAuthManager::EdgeLogTokenErrorState] Token error with: EDGE_AUTH_ERROR: 3, 49, 0 for account type: MSA
2025-05-03 09:46:20.268: [INFO][Sync] Credentials changed for: EdgeSyncKeyDataScope
2025-05-03 09:46:24.312: [INFO][SyncAuthManager::EdgeLogTokenErrorState] Token error with: EDGE_AUTH_ERROR: 3, 49, 0 for account type: MSA
2025-05-03 09:46:24.312: [INFO][Sync] Credentials changed for: EdgeSyncScopeNew
2025-05-03 09:46:24.312: [WARN][Sync]    Token is empty
2025-05-03 09:46:24.314: [INFO][Sync] Connection status changed to: 2
2025-05-03 09:46:46.474: [INFO][SyncAuthManager::EdgeLogTokenErrorState] Token error with: EDGE_AUTH_ERROR: 3, 49, 0 for account type: MSA
2025-05-03 09:46:46.474: [INFO][Sync] Credentials changed for: EdgeSyncKeyDataScope
2025-05-03 09:46:55.358: [INFO][SyncAuthManager::EdgeLogTokenErrorState] Token error with: EDGE_AUTH_ERROR: 3, 49, 0 for account type: MSA
2025-05-03 09:46:55.358: [INFO][Sync] Credentials changed for: EdgeSyncScopeNew
2025-05-03 09:46:55.358: [WARN][Sync]    Token is empty
2025-05-03 09:46:55.360: [INFO][Sync] Connection status changed to: 2
2025-05-03 09:47:43.692: [INFO][SyncAuthManager::EdgeLogTokenErrorState] Token error with: EDGE_AUTH_ERROR: 3, 49, 0 for account type: MSA
2025-05-03 09:47:43.692: [INFO][Sync] Credentials changed for: EdgeSyncKeyDataScope
2025-05-03 09:47:49.240: [INFO][SyncAuthManager::EdgeLogTokenErrorState] Token error with: EDGE_AUTH_ERROR: 3, 49, 0 for account type: MSA
2025-05-03 09:47:49.240: [INFO][Sync] Credentials changed for: EdgeSyncScopeNew
2025-05-03 09:47:49.240: [WARN][Sync]    Token is empty
2025-05-03 09:47:49.242: [INFO][Sync] Connection status changed to: 2
2025-05-05 11:10:03.244: [INFO][Sync] SyncState after authenticated was: FeatureCanStart
2025-05-05 11:10:03.507: [INFO][SyncAuthManager::EdgeLogTokenErrorState] Token error with: EDGE_AUTH_ERROR: 3, 49, 0 for account type: MSA
2025-05-05 11:10:03.507: [INFO][Sync] Credentials changed for: EdgeSyncKeyDataScope
2025-05-05 11:10:03.531: [INFO][SyncAuthManager::EdgeLogTokenErrorState] Token error with: EDGE_AUTH_ERROR: 3, 49, 0 for account type: MSA
2025-05-05 11:10:03.531: [INFO][Sync] Credentials changed for: EdgeSyncKeyDataScope
2025-05-05 11:10:05.273: [INFO][SyncAuthManager::EdgeLogTokenErrorState] Token error with: EDGE_AUTH_ERROR: 3, 49, 0 for account type: MSA
2025-05-05 11:10:05.273: [INFO][Sync] Credentials changed for: EdgeSyncKeyDataScope
2025-05-05 11:10:08.671: [INFO][SyncAuthManager::EdgeLogTokenErrorState] Token error with: EDGE_AUTH_ERROR: 3, 49, 0 for account type: MSA
2025-05-05 11:10:08.671: [INFO][Sync] Credentials changed for: EdgeSyncKeyDataScope
2025-05-05 11:10:13.068: [INFO][Sync] Try to start sync engine
2025-05-05 11:10:13.069: [INFO][SyncAuthManager::EdgeLogTokenErrorState] Token error with: EDGE_AUTH_ERROR: 3, 49, 0 for account type: MSA
2025-05-05 11:10:13.069: [INFO][Sync] Credentials changed for: EdgeSyncScopeNew
2025-05-05 11:10:13.069: [WARN][Sync]    Token is empty
2025-05-05 11:10:13.072: [INFO][SyncAuthManager::EdgeLogTokenErrorState] Token error with: EDGE_AUTH_ERROR: 3, 49, 0 for account type: MSA
2025-05-05 11:10:13.072: [INFO][Sync] Credentials changed for: EdgeSyncScopeNew
2025-05-05 11:10:13.072: [WARN][Sync]    Token is empty
2025-05-05 11:10:13.072: [INFO][SyncEngineBackend::LoadAndConnectNigoriController] Load and connect Nigori controller
2025-05-05 11:10:13.072: [INFO][SyncEngineBackend::DoInitialize] Control Types added: 
2025-05-05 11:10:13.072: [INFO][SyncManagerImpl::ConfigureSyncer] Types to download:  with reason: 4
2025-05-05 11:10:13.076: [INFO][Sync] Started DataTypeManager configuration, reason: 4
2025-05-05 11:10:13.076: [INFO][Sync] Configuring for: Bookmarks, Preferences, Passwords, Autofill Profiles, Autofill, Extensions, Sessions, Extension settings, History Delete Directives, Device Info, User Consents, Send Tab To Self, Web Apps, History, Collection, Edge E Drop, Edge Hub App Usage, Edge Tab Group, Edge Wallet, Encryption Keys, reason: 4, current state: 0
2025-05-05 11:10:13.076: [INFO][SyncEngineBackend::DoStartConfiguration] Start configuration
2025-05-05 11:10:13.078: [INFO][Sync] Configure, desired: Bookmarks, Preferences, Passwords, Autofill Profiles, Autofill, Extensions, Sessions, Extension settings, History Delete Directives, Device Info, User Consents, Send Tab To Self, Web Apps, History, Collection, Edge E Drop, Edge Hub App Usage, Edge Tab Group, Edge Wallet, Encryption Keys; Allow fail: 
2025-05-05 11:10:13.078: [INFO][Sync] Loading: Bookmarks
2025-05-05 11:10:13.078: [INFO][Sync] Loading: Preferences
2025-05-05 11:10:13.078: [INFO][Sync] Loading: Passwords
2025-05-05 11:10:13.078: [INFO][Sync] Loading: Autofill Profiles
2025-05-05 11:10:13.078: [INFO][Sync] Loading: Autofill
2025-05-05 11:10:13.078: [INFO][Sync] Loading: Extensions
2025-05-05 11:10:13.078: [INFO][Sync] Loading: Sessions
2025-05-05 11:10:13.078: [INFO][Sync] Loading: Extension settings
2025-05-05 11:10:13.078: [INFO][Sync] Loading: History Delete Directives
2025-05-05 11:10:13.078: [INFO][Sync] Loading: Device Info
2025-05-05 11:10:13.078: [INFO][Sync] Loading: User Consents
2025-05-05 11:10:13.078: [INFO][Sync] Loading: Send Tab To Self
2025-05-05 11:10:13.078: [INFO][Sync] Loading: Web Apps
2025-05-05 11:10:13.078: [INFO][Sync] Loading: History
2025-05-05 11:10:13.078: [INFO][Sync] Loading: Collection
2025-05-05 11:10:13.078: [INFO][Sync] Loading: Edge E Drop
2025-05-05 11:10:13.078: [INFO][Sync] Loading: Edge Hub App Usage
2025-05-05 11:10:13.078: [INFO][Sync] Loading: Edge Tab Group
2025-05-05 11:10:13.078: [INFO][Sync] Loading: Edge Wallet
2025-05-05 11:10:13.079: [INFO][Sync] Connection status changed to: 2
2025-05-05 11:10:13.081: [INFO][Sync] Connection status changed to: 2
2025-05-05 11:10:13.091: [INFO][Sync] All data types are ready for configure.
2025-05-05 11:10:13.092: [INFO][SyncManagerImpl::ConfigureSyncer] Types to download:  with reason: 4
2025-05-05 11:10:13.092: [INFO][SyncEngineBackend::DoFinishConfigureDataTypes] Failed to download types:  and succeeded types: 
2025-05-05 11:10:13.092: [INFO][Sync] ConfigurationDone, failed: , succeeded: , remaining count: 4
2025-05-05 11:10:13.092: [INFO][SyncManagerImpl::ConfigureSyncer] Types to download:  with reason: 4
2025-05-05 11:10:13.092: [INFO][SyncEngineBackend::DoFinishConfigureDataTypes] Failed to download types:  and succeeded types: 
2025-05-05 11:10:13.092: [INFO][Sync] ConfigurationDone, failed: , succeeded: , remaining count: 3
2025-05-05 11:10:13.092: [INFO][SyncManagerImpl::ConfigureSyncer] Types to download:  with reason: 4
2025-05-05 11:10:13.092: [INFO][SyncEngineBackend::DoFinishConfigureDataTypes] Failed to download types:  and succeeded types: 
2025-05-05 11:10:13.092: [INFO][Sync] ConfigurationDone, failed: , succeeded: , remaining count: 2
2025-05-05 11:10:13.092: [INFO][SyncManagerImpl::ConfigureSyncer] Types to download:  with reason: 4
2025-05-05 11:10:13.092: [INFO][SyncEngineBackend::DoFinishConfigureDataTypes] Failed to download types:  and succeeded types: 
2025-05-05 11:10:13.093: [INFO][Sync] ConfigurationDone, failed: , succeeded: , remaining count: 1
2025-05-05 11:10:13.094: [INFO][SyncManagerImpl::ConfigureSyncer] Types to download:  with reason: 4
2025-05-05 11:10:13.094: [INFO][SyncEngineBackend::DoFinishConfigureDataTypes] Failed to download types:  and succeeded types: 
2025-05-05 11:10:13.099: [INFO][Sync] ConfigurationDone, failed: , succeeded: , remaining count: 0
2025-05-05 11:10:13.100: [INFO][Sync]     Configuration completed, state: 3
2025-05-05 11:10:13.100: [INFO][Sync] Configured DataTypeManager: Ok
2025-05-05 11:10:13.101: [INFO][SyncEngineBackend::DoStartSyncing] Start syncing
2025-05-05 11:10:14.746: [INFO][SyncAuthManager::EdgeLogTokenErrorState] Token error with: EDGE_AUTH_ERROR: 3, 49, 0 for account type: MSA
2025-05-05 11:10:14.746: [INFO][Sync] Credentials changed for: EdgeSyncScopeNew
2025-05-05 11:10:14.746: [WARN][Sync]    Token is empty
2025-05-05 11:10:14.748: [INFO][Sync] Connection status changed to: 2
2025-05-05 11:10:16.064: [INFO][SyncAuthManager::EdgeLogTokenErrorState] Token error with: EDGE_AUTH_ERROR: 3, 49, 0 for account type: MSA
2025-05-05 11:10:16.064: [INFO][Sync] Credentials changed for: EdgeSyncKeyDataScope
2025-05-05 11:10:18.286: [INFO][SyncAuthManager::EdgeLogTokenErrorState] Token error with: EDGE_AUTH_ERROR: 3, 49, 0 for account type: MSA
2025-05-05 11:10:18.286: [INFO][Sync] Credentials changed for: EdgeSyncScopeNew
2025-05-05 11:10:18.286: [WARN][Sync]    Token is empty
2025-05-05 11:10:18.289: [INFO][Sync] Connection status changed to: 2
2025-05-05 11:10:25.191: [INFO][SyncAuthManager::EdgeLogTokenErrorState] Token error with: EDGE_AUTH_ERROR: 3, 49, 0 for account type: MSA
2025-05-05 11:10:25.191: [INFO][Sync] Credentials changed for: EdgeSyncScopeNew
2025-05-05 11:10:25.191: [WARN][Sync]    Token is empty
2025-05-05 11:10:25.193: [INFO][Sync] Connection status changed to: 2
2025-05-05 11:10:31.342: [INFO][SyncAuthManager::EdgeLogTokenErrorState] Token error with: EDGE_AUTH_ERROR: 3, 49, 0 for account type: MSA
2025-05-05 11:10:31.342: [INFO][Sync] Credentials changed for: EdgeSyncKeyDataScope
2025-05-05 11:10:40.997: [INFO][SyncAuthManager::EdgeLogTokenErrorState] Token error with: EDGE_AUTH_ERROR: 3, 49, 0 for account type: MSA
2025-05-05 11:10:40.997: [INFO][Sync] Credentials changed for: EdgeSyncScopeNew
2025-05-05 11:10:40.997: [WARN][Sync]    Token is empty
2025-05-05 11:10:40.999: [INFO][Sync] Connection status changed to: 2
2025-05-05 11:10:58.920: [INFO][SyncAuthManager::EdgeLogTokenErrorState] Token error with: EDGE_AUTH_ERROR: 3, 49, 0 for account type: MSA
2025-05-05 11:10:58.920: [INFO][Sync] Credentials changed for: EdgeSyncKeyDataScope
2025-05-05 11:11:10.493: [INFO][SyncAuthManager::EdgeLogTokenErrorState] Token error with: EDGE_AUTH_ERROR: 3, 49, 0 for account type: MSA
2025-05-05 11:11:10.493: [INFO][Sync] Credentials changed for: EdgeSyncScopeNew
2025-05-05 11:11:10.493: [WARN][Sync]    Token is empty
2025-05-05 11:11:10.495: [INFO][Sync] Connection status changed to: 2
2025-05-05 11:11:54.760: [INFO][SyncAuthManager::EdgeLogTokenErrorState] Token error with: EDGE_AUTH_ERROR: 3, 49, 0 for account type: MSA
2025-05-05 11:11:54.760: [INFO][Sync] Credentials changed for: EdgeSyncKeyDataScope
2025-05-05 11:12:06.988: [INFO][SyncAuthManager::EdgeLogTokenErrorState] Token error with: EDGE_AUTH_ERROR: 3, 49, 0 for account type: MSA
2025-05-05 11:12:06.988: [INFO][Sync] Credentials changed for: EdgeSyncScopeNew
2025-05-05 11:12:06.988: [WARN][Sync]    Token is empty
2025-05-05 11:12:06.990: [INFO][Sync] Connection status changed to: 2
2025-05-05 11:13:37.813: [INFO][SyncAuthManager::EdgeLogTokenErrorState] Token error with: EDGE_AUTH_ERROR: 3, 49, 0 for account type: MSA
2025-05-05 11:13:37.813: [INFO][Sync] Credentials changed for: EdgeSyncKeyDataScope
2025-05-05 11:14:01.368: [INFO][SyncAuthManager::EdgeLogTokenErrorState] Token error with: EDGE_AUTH_ERROR: 3, 49, 0 for account type: MSA
2025-05-05 11:14:01.368: [INFO][Sync] Credentials changed for: EdgeSyncScopeNew
2025-05-05 11:14:01.368: [WARN][Sync]    Token is empty
2025-05-05 11:14:01.370: [INFO][Sync] Connection status changed to: 2
2025-05-05 11:17:38.670: [INFO][SyncAuthManager::EdgeLogTokenErrorState] Token error with: EDGE_AUTH_ERROR: 3, 49, 0 for account type: MSA
2025-05-05 11:17:38.670: [INFO][Sync] Credentials changed for: EdgeSyncKeyDataScope
2025-05-05 11:17:59.780: [INFO][SyncAuthManager::EdgeLogTokenErrorState] Token error with: EDGE_AUTH_ERROR: 3, 49, 0 for account type: MSA
2025-05-05 11:17:59.780: [INFO][Sync] Credentials changed for: EdgeSyncScopeNew
2025-05-05 11:17:59.780: [WARN][Sync]    Token is empty
2025-05-05 11:17:59.781: [INFO][Sync] Connection status changed to: 2
2025-05-05 11:24:50.447: [INFO][SyncAuthManager::EdgeLogTokenErrorState] Token error with: EDGE_AUTH_ERROR: 3, 49, 0 for account type: MSA
2025-05-05 11:24:50.447: [INFO][Sync] Credentials changed for: EdgeSyncKeyDataScope
2025-05-05 11:25:17.342: [INFO][SyncAuthManager::EdgeLogTokenErrorState] Token error with: EDGE_AUTH_ERROR: 3, 49, 0 for account type: MSA
2025-05-05 11:25:17.342: [INFO][Sync] Credentials changed for: EdgeSyncScopeNew
2025-05-05 11:25:17.342: [WARN][Sync]    Token is empty
2025-05-05 11:25:17.343: [INFO][Sync] Connection status changed to: 2
2025-05-05 11:39:12.733: [INFO][SyncAuthManager::EdgeLogTokenErrorState] Token error with: EDGE_AUTH_ERROR: 3, 49, 0 for account type: MSA
2025-05-05 11:39:12.733: [INFO][Sync] Credentials changed for: EdgeSyncKeyDataScope
2025-05-05 11:39:45.243: [INFO][SyncAuthManager::EdgeLogTokenErrorState] Token error with: EDGE_AUTH_ERROR: 3, 49, 0 for account type: MSA
2025-05-05 11:39:45.243: [INFO][Sync] Credentials changed for: EdgeSyncScopeNew
2025-05-05 11:39:45.243: [WARN][Sync]    Token is empty
2025-05-05 11:39:45.245: [INFO][Sync] Connection status changed to: 2
2025-05-05 12:12:24.094: [INFO][SyncAuthManager::EdgeLogTokenErrorState] Token error with: EDGE_AUTH_ERROR: 3, 49, 0 for account type: MSA
2025-05-05 12:12:24.094: [INFO][Sync] Credentials changed for: EdgeSyncKeyDataScope
2025-05-05 12:13:29.204: [INFO][SyncAuthManager::EdgeLogTokenErrorState] Token error with: EDGE_AUTH_ERROR: 3, 49, 0 for account type: MSA
2025-05-05 12:13:29.204: [INFO][Sync] Credentials changed for: EdgeSyncScopeNew
2025-05-05 12:13:29.204: [WARN][Sync]    Token is empty
2025-05-05 12:13:29.205: [INFO][Sync] Connection status changed to: 2
2025-05-05 13:07:08.569: [INFO][SyncAuthManager::EdgeLogTokenErrorState] Token error with: EDGE_AUTH_ERROR: 3, 49, 0 for account type: MSA
2025-05-05 13:07:08.569: [INFO][Sync] Credentials changed for: EdgeSyncKeyDataScope
2025-05-05 13:14:06.485: [INFO][SyncAuthManager::EdgeLogTokenErrorState] Token error with: EDGE_AUTH_ERROR: 3, 49, 0 for account type: MSA
2025-05-05 13:14:06.485: [INFO][Sync] Credentials changed for: EdgeSyncScopeNew
2025-05-05 13:14:06.485: [WARN][Sync]    Token is empty
2025-05-05 13:14:06.487: [INFO][Sync] Connection status changed to: 2
2025-05-05 14:56:31.709: [INFO][SyncAuthManager::EdgeLogTokenErrorState] Token error with: EDGE_AUTH_ERROR: 3, 49, 0 for account type: MSA
2025-05-05 14:56:31.709: [INFO][Sync] Credentials changed for: EdgeSyncKeyDataScope
2025-05-05 15:13:51.663: [INFO][Sync] SyncState after authenticated was: FeatureCanStart
2025-05-05 15:13:52.000: [INFO][SyncAuthManager::EdgeLogTokenErrorState] Token error with: EDGE_AUTH_ERROR: 3, 49, 0 for account type: MSA
2025-05-05 15:13:52.000: [INFO][Sync] Credentials changed for: EdgeSyncKeyDataScope
2025-05-05 15:13:52.001: [INFO][SyncAuthManager::EdgeLogTokenErrorState] Token error with: EDGE_AUTH_ERROR: 3, 49, 0 for account type: MSA
2025-05-05 15:13:52.001: [INFO][Sync] Credentials changed for: EdgeSyncKeyDataScope
2025-05-05 15:13:53.388: [INFO][Sync] Try to start sync engine
2025-05-05 15:13:53.388: [INFO][SyncAuthManager::EdgeLogTokenErrorState] Token error with: EDGE_AUTH_ERROR: 3, 49, 0 for account type: MSA
2025-05-05 15:13:53.388: [INFO][Sync] Credentials changed for: EdgeSyncScopeNew
2025-05-05 15:13:53.388: [WARN][Sync]    Token is empty
2025-05-05 15:13:53.390: [INFO][SyncAuthManager::EdgeLogTokenErrorState] Token error with: EDGE_AUTH_ERROR: 3, 49, 0 for account type: MSA
2025-05-05 15:13:53.390: [INFO][Sync] Credentials changed for: EdgeSyncScopeNew
2025-05-05 15:13:53.390: [WARN][Sync]    Token is empty
2025-05-05 15:13:53.393: [INFO][SyncEngineBackend::LoadAndConnectNigoriController] Load and connect Nigori controller
2025-05-05 15:13:53.393: [INFO][SyncEngineBackend::DoInitialize] Control Types added: 
2025-05-05 15:13:53.393: [INFO][SyncManagerImpl::ConfigureSyncer] Types to download:  with reason: 4
2025-05-05 15:13:53.396: [INFO][Sync] Started DataTypeManager configuration, reason: 4
2025-05-05 15:13:53.396: [INFO][Sync] Configuring for: Bookmarks, Preferences, Passwords, Autofill Profiles, Autofill, Extensions, Sessions, Extension settings, History Delete Directives, Device Info, User Consents, Send Tab To Self, Web Apps, History, Saved Tab Group, Collection, Edge E Drop, Edge Hub App Usage, Edge Tab Group, Edge Wallet, Encryption Keys, reason: 4, current state: 0
2025-05-05 15:13:53.396: [INFO][SyncEngineBackend::DoStartConfiguration] Start configuration
2025-05-05 15:13:53.397: [INFO][Sync] Configure, desired: Bookmarks, Preferences, Passwords, Autofill Profiles, Autofill, Extensions, Sessions, Extension settings, History Delete Directives, Device Info, User Consents, Send Tab To Self, Web Apps, History, Saved Tab Group, Collection, Edge E Drop, Edge Hub App Usage, Edge Tab Group, Edge Wallet, Encryption Keys; Allow fail: 
2025-05-05 15:13:53.397: [INFO][Sync] Loading: Bookmarks
2025-05-05 15:13:53.397: [INFO][Sync] Loading: Preferences
2025-05-05 15:13:53.397: [INFO][Sync] Loading: Passwords
2025-05-05 15:13:53.397: [INFO][Sync] Loading: Autofill Profiles
2025-05-05 15:13:53.397: [INFO][Sync] Loading: Autofill
2025-05-05 15:13:53.397: [INFO][Sync] Loading: Extensions
2025-05-05 15:13:53.397: [INFO][Sync] Loading: Sessions
2025-05-05 15:13:53.397: [INFO][Sync] Loading: Extension settings
2025-05-05 15:13:53.397: [INFO][Sync] Loading: History Delete Directives
2025-05-05 15:13:53.397: [INFO][Sync] Loading: Device Info
2025-05-05 15:13:53.397: [INFO][Sync] Loading: User Consents
2025-05-05 15:13:53.397: [INFO][Sync] Loading: Send Tab To Self
2025-05-05 15:13:53.397: [INFO][Sync] Loading: Web Apps
2025-05-05 15:13:53.397: [INFO][Sync] Loading: History
2025-05-05 15:13:53.397: [INFO][Sync] Loading: Saved Tab Group
2025-05-05 15:13:53.397: [INFO][Sync] Loading: Collection
2025-05-05 15:13:53.397: [INFO][Sync] Loading: Edge E Drop
2025-05-05 15:13:53.397: [INFO][Sync] Loading: Edge Hub App Usage
2025-05-05 15:13:53.397: [INFO][Sync] Loading: Edge Tab Group
2025-05-05 15:13:53.397: [INFO][Sync] Loading: Edge Wallet
2025-05-05 15:13:53.398: [INFO][Sync] Connection status changed to: 2
2025-05-05 15:13:53.399: [INFO][Sync] Connection status changed to: 2
2025-05-05 15:13:53.408: [INFO][Sync] All data types are ready for configure.
2025-05-05 15:13:53.408: [INFO][SyncManagerImpl::NudgeForInitialDownload] Initial download nudge for Saved Tab Group
2025-05-05 15:13:53.408: [INFO][SyncManagerImpl::ConfigureSyncer] Types to download:  with reason: 4
2025-05-05 15:13:53.408: [INFO][SyncEngineBackend::DoFinishConfigureDataTypes] Failed to download types:  and succeeded types: 
2025-05-05 15:13:53.409: [INFO][Sync] ConfigurationDone, failed: , succeeded: , remaining count: 4
2025-05-05 15:13:53.409: [INFO][SyncManagerImpl::ConfigureSyncer] Types to download:  with reason: 4
2025-05-05 15:13:53.410: [INFO][SyncEngineBackend::DoFinishConfigureDataTypes] Failed to download types:  and succeeded types: 
2025-05-05 15:13:53.411: [INFO][Sync] ConfigurationDone, failed: , succeeded: , remaining count: 3
2025-05-05 15:13:53.412: [INFO][SyncManagerImpl::ConfigureSyncer] Types to download:  with reason: 4
2025-05-05 15:13:53.412: [INFO][SyncEngineBackend::DoFinishConfigureDataTypes] Failed to download types:  and succeeded types: 
2025-05-05 15:13:53.416: [INFO][Sync] ConfigurationDone, failed: , succeeded: , remaining count: 2
2025-05-05 15:13:53.416: [INFO][Sync] Prepare to configure types: Saved Tab Group, Encryption Keys
2025-05-05 15:13:53.416: [INFO][SyncManagerImpl::ConfigureSyncer] Types to download: Saved Tab Group, Encryption Keys with reason: 4
2025-05-05 15:13:53.416: [INFO][SyncSchedulerImpl::DoConfigurationSyncCycleJob] Configure job was blocked
2025-05-05 15:13:53.694: [INFO][SyncAuthManager::EdgeLogTokenErrorState] Token error with: EDGE_AUTH_ERROR: 3, 49, 0 for account type: MSA
2025-05-05 15:13:53.694: [INFO][Sync] Credentials changed for: EdgeSyncKeyDataScope
2025-05-05 15:13:55.203: [INFO][SyncAuthManager::EdgeLogTokenErrorState] Token error with: EDGE_AUTH_ERROR: 3, 49, 0 for account type: MSA
2025-05-05 15:13:55.203: [INFO][Sync] Credentials changed for: EdgeSyncScopeNew
2025-05-05 15:13:55.203: [WARN][Sync]    Token is empty
2025-05-05 15:13:55.205: [INFO][Sync] Connection status changed to: 2
2025-05-05 15:13:57.424: [INFO][SyncAuthManager::EdgeLogTokenErrorState] Token error with: EDGE_AUTH_ERROR: 3, 49, 0 for account type: MSA
2025-05-05 15:13:57.424: [INFO][Sync] Credentials changed for: EdgeSyncKeyDataScope
2025-05-05 15:13:58.841: [INFO][SyncAuthManager::EdgeLogTokenErrorState] Token error with: EDGE_AUTH_ERROR: 3, 49, 0 for account type: MSA
2025-05-05 15:13:58.841: [INFO][Sync] Credentials changed for: EdgeSyncScopeNew
2025-05-05 15:13:58.841: [WARN][Sync]    Token is empty
2025-05-05 15:13:58.843: [INFO][Sync] Connection status changed to: 2
2025-05-05 15:14:05.348: [INFO][SyncAuthManager::EdgeLogTokenErrorState] Token error with: EDGE_AUTH_ERROR: 3, 49, 0 for account type: MSA
2025-05-05 15:14:05.348: [INFO][Sync] Credentials changed for: EdgeSyncKeyDataScope
2025-05-05 15:14:05.655: [INFO][SyncAuthManager::EdgeLogTokenErrorState] Token error with: EDGE_AUTH_ERROR: 3, 49, 0 for account type: MSA
2025-05-05 15:14:05.655: [INFO][Sync] Credentials changed for: EdgeSyncScopeNew
2025-05-05 15:14:05.655: [WARN][Sync]    Token is empty
2025-05-05 15:14:05.657: [INFO][Sync] Connection status changed to: 2
2025-05-05 15:14:13.693: [INFO][Sync] Reset engine, reason: 0
2025-05-05 15:14:13.693: [INFO][Sync] Reset engine with reason: 0
2025-05-05 15:20:03.909: [INFO][Sync] SyncState after authenticated was: FeatureCanStart
2025-05-05 15:20:04.188: [INFO][SyncAuthManager::EdgeLogTokenErrorState] Token error with: EDGE_AUTH_ERROR: 3, 49, 0 for account type: MSA
2025-05-05 15:20:04.188: [INFO][Sync] Credentials changed for: EdgeSyncKeyDataScope
2025-05-05 15:20:04.190: [INFO][SyncAuthManager::EdgeLogTokenErrorState] Token error with: EDGE_AUTH_ERROR: 3, 49, 0 for account type: MSA
2025-05-05 15:20:04.190: [INFO][Sync] Credentials changed for: EdgeSyncKeyDataScope
2025-05-05 15:20:05.560: [INFO][Sync] Try to start sync engine
2025-05-05 15:20:05.561: [INFO][SyncAuthManager::EdgeLogTokenErrorState] Token error with: EDGE_AUTH_ERROR: 3, 49, 0 for account type: MSA
2025-05-05 15:20:05.561: [INFO][Sync] Credentials changed for: EdgeSyncScopeNew
2025-05-05 15:20:05.561: [WARN][Sync]    Token is empty
2025-05-05 15:20:05.563: [INFO][SyncAuthManager::EdgeLogTokenErrorState] Token error with: EDGE_AUTH_ERROR: 3, 49, 0 for account type: MSA
2025-05-05 15:20:05.563: [INFO][Sync] Credentials changed for: EdgeSyncScopeNew
2025-05-05 15:20:05.563: [WARN][Sync]    Token is empty
2025-05-05 15:20:05.564: [INFO][SyncEngineBackend::LoadAndConnectNigoriController] Load and connect Nigori controller
2025-05-05 15:20:05.564: [INFO][SyncEngineBackend::DoInitialize] Control Types added: 
2025-05-05 15:20:05.564: [INFO][SyncManagerImpl::ConfigureSyncer] Types to download:  with reason: 4
2025-05-05 15:20:05.568: [INFO][Sync] Started DataTypeManager configuration, reason: 4
2025-05-05 15:20:05.568: [INFO][Sync] Configuring for: Bookmarks, Preferences, Passwords, Autofill Profiles, Autofill, Extensions, Sessions, Extension settings, History Delete Directives, Device Info, User Consents, Send Tab To Self, Web Apps, History, Saved Tab Group, Collection, Edge E Drop, Edge Hub App Usage, Edge Tab Group, Edge Wallet, Encryption Keys, reason: 4, current state: 0
2025-05-05 15:20:05.568: [INFO][SyncEngineBackend::DoStartConfiguration] Start configuration
2025-05-05 15:20:05.569: [INFO][Sync] Configure, desired: Bookmarks, Preferences, Passwords, Autofill Profiles, Autofill, Extensions, Sessions, Extension settings, History Delete Directives, Device Info, User Consents, Send Tab To Self, Web Apps, History, Saved Tab Group, Collection, Edge E Drop, Edge Hub App Usage, Edge Tab Group, Edge Wallet, Encryption Keys; Allow fail: 
2025-05-05 15:20:05.569: [INFO][Sync] Loading: Bookmarks
2025-05-05 15:20:05.569: [INFO][Sync] Loading: Preferences
2025-05-05 15:20:05.569: [INFO][Sync] Loading: Passwords
2025-05-05 15:20:05.569: [INFO][Sync] Loading: Autofill Profiles
2025-05-05 15:20:05.569: [INFO][Sync] Loading: Autofill
2025-05-05 15:20:05.569: [INFO][Sync] Loading: Extensions
2025-05-05 15:20:05.569: [INFO][Sync] Loading: Sessions
2025-05-05 15:20:05.569: [INFO][Sync] Loading: Extension settings
2025-05-05 15:20:05.569: [INFO][Sync] Loading: History Delete Directives
2025-05-05 15:20:05.569: [INFO][Sync] Loading: Device Info
2025-05-05 15:20:05.569: [INFO][Sync] Loading: User Consents
2025-05-05 15:20:05.569: [INFO][Sync] Loading: Send Tab To Self
2025-05-05 15:20:05.569: [INFO][Sync] Loading: Web Apps
2025-05-05 15:20:05.569: [INFO][Sync] Loading: History
2025-05-05 15:20:05.569: [INFO][Sync] Loading: Saved Tab Group
2025-05-05 15:20:05.569: [INFO][Sync] Loading: Collection
2025-05-05 15:20:05.569: [INFO][Sync] Loading: Edge E Drop
2025-05-05 15:20:05.569: [INFO][Sync] Loading: Edge Hub App Usage
2025-05-05 15:20:05.569: [INFO][Sync] Loading: Edge Tab Group
2025-05-05 15:20:05.569: [INFO][Sync] Loading: Edge Wallet
2025-05-05 15:20:05.570: [INFO][Sync] Connection status changed to: 2
2025-05-05 15:20:05.571: [INFO][Sync] Connection status changed to: 2
2025-05-05 15:20:05.586: [INFO][Sync] All data types are ready for configure.
2025-05-05 15:20:05.586: [INFO][SyncManagerImpl::NudgeForInitialDownload] Initial download nudge for Saved Tab Group
2025-05-05 15:20:05.586: [INFO][SyncManagerImpl::ConfigureSyncer] Types to download:  with reason: 4
2025-05-05 15:20:05.586: [INFO][SyncEngineBackend::DoFinishConfigureDataTypes] Failed to download types:  and succeeded types: 
2025-05-05 15:20:05.587: [INFO][Sync] ConfigurationDone, failed: , succeeded: , remaining count: 4
2025-05-05 15:20:05.587: [INFO][SyncManagerImpl::ConfigureSyncer] Types to download:  with reason: 4
2025-05-05 15:20:05.587: [INFO][SyncEngineBackend::DoFinishConfigureDataTypes] Failed to download types:  and succeeded types: 
2025-05-05 15:20:05.587: [INFO][Sync] ConfigurationDone, failed: , succeeded: , remaining count: 3
2025-05-05 15:20:05.587: [INFO][SyncManagerImpl::ConfigureSyncer] Types to download:  with reason: 4
2025-05-05 15:20:05.587: [INFO][SyncEngineBackend::DoFinishConfigureDataTypes] Failed to download types:  and succeeded types: 
2025-05-05 15:20:05.587: [INFO][Sync] ConfigurationDone, failed: , succeeded: , remaining count: 2
2025-05-05 15:20:05.587: [INFO][Sync] Prepare to configure types: Saved Tab Group, Encryption Keys
2025-05-05 15:20:05.588: [INFO][SyncManagerImpl::ConfigureSyncer] Types to download: Saved Tab Group, Encryption Keys with reason: 4
2025-05-05 15:20:05.588: [INFO][SyncSchedulerImpl::DoConfigurationSyncCycleJob] Configure job was blocked
2025-05-05 15:20:05.941: [INFO][SyncAuthManager::EdgeLogTokenErrorState] Token error with: EDGE_AUTH_ERROR: 3, 49, 0 for account type: MSA
2025-05-05 15:20:05.941: [INFO][Sync] Credentials changed for: EdgeSyncKeyDataScope
2025-05-05 15:20:07.191: [INFO][SyncAuthManager::EdgeLogTokenErrorState] Token error with: EDGE_AUTH_ERROR: 3, 49, 0 for account type: MSA
2025-05-05 15:20:07.191: [INFO][Sync] Credentials changed for: EdgeSyncScopeNew
2025-05-05 15:20:07.191: [WARN][Sync]    Token is empty
2025-05-05 15:20:07.192: [INFO][Sync] Connection status changed to: 2
2025-05-05 15:20:09.705: [INFO][SyncAuthManager::EdgeLogTokenErrorState] Token error with: EDGE_AUTH_ERROR: 3, 49, 0 for account type: MSA
2025-05-05 15:20:09.705: [INFO][Sync] Credentials changed for: EdgeSyncKeyDataScope
2025-05-05 15:20:11.063: [INFO][SyncAuthManager::EdgeLogTokenErrorState] Token error with: EDGE_AUTH_ERROR: 3, 49, 0 for account type: MSA
2025-05-05 15:20:11.063: [INFO][Sync] Credentials changed for: EdgeSyncScopeNew
2025-05-05 15:20:11.063: [WARN][Sync]    Token is empty
2025-05-05 15:20:11.066: [INFO][Sync] Connection status changed to: 2
2025-05-05 15:20:17.614: [INFO][SyncAuthManager::EdgeLogTokenErrorState] Token error with: EDGE_AUTH_ERROR: 3, 49, 0 for account type: MSA
2025-05-05 15:20:17.614: [INFO][Sync] Credentials changed for: EdgeSyncKeyDataScope
2025-05-05 15:20:18.587: [INFO][SyncAuthManager::EdgeLogTokenErrorState] Token error with: EDGE_AUTH_ERROR: 3, 49, 0 for account type: MSA
2025-05-05 15:20:18.587: [INFO][Sync] Credentials changed for: EdgeSyncScopeNew
2025-05-05 15:20:18.587: [WARN][Sync]    Token is empty
2025-05-05 15:20:18.589: [INFO][Sync] Connection status changed to: 2
2025-05-05 15:20:30.787: [INFO][SyncAuthManager::EdgeLogTokenErrorState] Token error with: EDGE_AUTH_ERROR: 3, 49, 0 for account type: MSA
2025-05-05 15:20:30.787: [INFO][Sync] Credentials changed for: EdgeSyncKeyDataScope
2025-05-05 15:20:33.340: [INFO][SyncAuthManager::EdgeLogTokenErrorState] Token error with: EDGE_AUTH_ERROR: 3, 49, 0 for account type: MSA
2025-05-05 15:20:33.340: [INFO][Sync] Credentials changed for: EdgeSyncScopeNew
2025-05-05 15:20:33.340: [WARN][Sync]    Token is empty
2025-05-05 15:20:33.342: [INFO][Sync] Connection status changed to: 2
2025-05-05 15:21:01.418: [INFO][SyncAuthManager::EdgeLogTokenErrorState] Token error with: EDGE_AUTH_ERROR: 3, 49, 0 for account type: MSA
2025-05-05 15:21:01.418: [INFO][Sync] Credentials changed for: EdgeSyncKeyDataScope
2025-05-05 15:21:04.793: [INFO][SyncAuthManager::EdgeLogTokenErrorState] Token error with: EDGE_AUTH_ERROR: 3, 49, 0 for account type: MSA
2025-05-05 15:21:04.793: [INFO][Sync] Credentials changed for: EdgeSyncScopeNew
2025-05-05 15:21:04.793: [WARN][Sync]    Token is empty
2025-05-05 15:21:04.794: [INFO][Sync] Connection status changed to: 2
2025-05-05 15:21:59.838: [INFO][SyncAuthManager::EdgeLogTokenErrorState] Token error with: EDGE_AUTH_ERROR: 3, 49, 0 for account type: MSA
2025-05-05 15:21:59.838: [INFO][Sync] Credentials changed for: EdgeSyncKeyDataScope
2025-05-05 15:22:05.411: [INFO][SyncAuthManager::EdgeLogTokenErrorState] Token error with: EDGE_AUTH_ERROR: 3, 49, 0 for account type: MSA
2025-05-05 15:22:05.411: [INFO][Sync] Credentials changed for: EdgeSyncScopeNew
2025-05-05 15:22:05.411: [WARN][Sync]    Token is empty
2025-05-05 15:22:05.413: [INFO][Sync] Connection status changed to: 2
2025-05-05 15:23:46.038: [INFO][SyncAuthManager::EdgeLogTokenErrorState] Token error with: EDGE_AUTH_ERROR: 3, 49, 0 for account type: MSA
2025-05-05 15:23:46.038: [INFO][Sync] Credentials changed for: EdgeSyncKeyDataScope
2025-05-05 15:23:56.451: [INFO][SyncAuthManager::EdgeLogTokenErrorState] Token error with: EDGE_AUTH_ERROR: 3, 49, 0 for account type: MSA
2025-05-05 15:23:56.451: [INFO][Sync] Credentials changed for: EdgeSyncScopeNew
2025-05-05 15:23:56.451: [WARN][Sync]    Token is empty
2025-05-05 15:23:56.452: [INFO][Sync] Connection status changed to: 2
2025-05-05 15:27:26.533: [INFO][SyncAuthManager::EdgeLogTokenErrorState] Token error with: EDGE_AUTH_ERROR: 3, 49, 0 for account type: MSA
2025-05-05 15:27:26.533: [INFO][Sync] Credentials changed for: EdgeSyncScopeNew
2025-05-05 15:27:26.533: [WARN][Sync]    Token is empty
2025-05-05 15:27:26.535: [INFO][Sync] Connection status changed to: 2
2025-05-05 15:27:30.723: [INFO][SyncAuthManager::EdgeLogTokenErrorState] Token error with: EDGE_AUTH_ERROR: 3, 49, 0 for account type: MSA
2025-05-05 15:27:30.723: [INFO][Sync] Credentials changed for: EdgeSyncKeyDataScope
2025-05-05 15:30:10.308: [INFO][Sync] Reset engine, reason: 0
2025-05-05 15:30:10.308: [INFO][Sync] Reset engine with reason: 0
2025-05-05 15:33:13.275: [INFO][Sync] SyncState after authenticated was: FeatureCanStart
2025-05-05 15:33:13.561: [INFO][SyncAuthManager::EdgeLogTokenErrorState] Token error with: EDGE_AUTH_ERROR: 3, 49, 0 for account type: MSA
2025-05-05 15:33:13.561: [INFO][Sync] Credentials changed for: EdgeSyncKeyDataScope
2025-05-05 15:33:13.565: [INFO][SyncAuthManager::EdgeLogTokenErrorState] Token error with: EDGE_AUTH_ERROR: 3, 49, 0 for account type: MSA
2025-05-05 15:33:13.565: [INFO][Sync] Credentials changed for: EdgeSyncKeyDataScope
2025-05-05 15:33:14.713: [INFO][Sync] Try to start sync engine
2025-05-05 15:33:14.714: [INFO][SyncAuthManager::EdgeLogTokenErrorState] Token error with: EDGE_AUTH_ERROR: 3, 49, 0 for account type: MSA
2025-05-05 15:33:14.714: [INFO][Sync] Credentials changed for: EdgeSyncScopeNew
2025-05-05 15:33:14.714: [WARN][Sync]    Token is empty
2025-05-05 15:33:14.717: [INFO][SyncAuthManager::EdgeLogTokenErrorState] Token error with: EDGE_AUTH_ERROR: 3, 49, 0 for account type: MSA
2025-05-05 15:33:14.717: [INFO][Sync] Credentials changed for: EdgeSyncScopeNew
2025-05-05 15:33:14.717: [WARN][Sync]    Token is empty
2025-05-05 15:33:14.718: [INFO][SyncEngineBackend::LoadAndConnectNigoriController] Load and connect Nigori controller
2025-05-05 15:33:14.718: [INFO][SyncEngineBackend::DoInitialize] Control Types added: 
2025-05-05 15:33:14.718: [INFO][SyncManagerImpl::ConfigureSyncer] Types to download:  with reason: 4
2025-05-05 15:33:14.724: [INFO][Sync] Started DataTypeManager configuration, reason: 4
2025-05-05 15:33:14.724: [INFO][Sync] Configuring for: Bookmarks, Preferences, Passwords, Autofill Profiles, Autofill, Extensions, Sessions, Extension settings, History Delete Directives, Device Info, User Consents, Send Tab To Self, Web Apps, History, Saved Tab Group, Collection, Edge E Drop, Edge Hub App Usage, Edge Tab Group, Edge Wallet, Encryption Keys, reason: 4, current state: 0
2025-05-05 15:33:14.724: [INFO][SyncEngineBackend::DoStartConfiguration] Start configuration
2025-05-05 15:33:14.725: [INFO][Sync] Configure, desired: Bookmarks, Preferences, Passwords, Autofill Profiles, Autofill, Extensions, Sessions, Extension settings, History Delete Directives, Device Info, User Consents, Send Tab To Self, Web Apps, History, Saved Tab Group, Collection, Edge E Drop, Edge Hub App Usage, Edge Tab Group, Edge Wallet, Encryption Keys; Allow fail: 
2025-05-05 15:33:14.725: [INFO][Sync] Loading: Bookmarks
2025-05-05 15:33:14.725: [INFO][Sync] Loading: Preferences
2025-05-05 15:33:14.725: [INFO][Sync] Loading: Passwords
2025-05-05 15:33:14.725: [INFO][Sync] Loading: Autofill Profiles
2025-05-05 15:33:14.725: [INFO][Sync] Loading: Autofill
2025-05-05 15:33:14.725: [INFO][Sync] Loading: Extensions
2025-05-05 15:33:14.725: [INFO][Sync] Loading: Sessions
2025-05-05 15:33:14.725: [INFO][Sync] Loading: Extension settings
2025-05-05 15:33:14.725: [INFO][Sync] Loading: History Delete Directives
2025-05-05 15:33:14.725: [INFO][Sync] Loading: Device Info
2025-05-05 15:33:14.725: [INFO][Sync] Loading: User Consents
2025-05-05 15:33:14.725: [INFO][Sync] Loading: Send Tab To Self
2025-05-05 15:33:14.725: [INFO][Sync] Loading: Web Apps
2025-05-05 15:33:14.725: [INFO][Sync] Loading: History
2025-05-05 15:33:14.725: [INFO][Sync] Loading: Saved Tab Group
2025-05-05 15:33:14.725: [INFO][Sync] Loading: Collection
2025-05-05 15:33:14.725: [INFO][Sync] Loading: Edge E Drop
2025-05-05 15:33:14.725: [INFO][Sync] Loading: Edge Hub App Usage
2025-05-05 15:33:14.725: [INFO][Sync] Loading: Edge Tab Group
2025-05-05 15:33:14.725: [INFO][Sync] Loading: Edge Wallet
2025-05-05 15:33:14.727: [INFO][Sync] Connection status changed to: 2
2025-05-05 15:33:14.728: [INFO][Sync] Connection status changed to: 2
2025-05-05 15:33:14.738: [INFO][Sync] All data types are ready for configure.
2025-05-05 15:33:14.739: [INFO][SyncManagerImpl::NudgeForInitialDownload] Initial download nudge for Saved Tab Group
2025-05-05 15:33:14.740: [INFO][SyncManagerImpl::ConfigureSyncer] Types to download:  with reason: 4
2025-05-05 15:33:14.740: [INFO][SyncEngineBackend::DoFinishConfigureDataTypes] Failed to download types:  and succeeded types: 
2025-05-05 15:33:14.740: [INFO][Sync] ConfigurationDone, failed: , succeeded: , remaining count: 4
2025-05-05 15:33:14.740: [INFO][SyncManagerImpl::ConfigureSyncer] Types to download:  with reason: 4
2025-05-05 15:33:14.740: [INFO][SyncEngineBackend::DoFinishConfigureDataTypes] Failed to download types:  and succeeded types: 
2025-05-05 15:33:14.740: [INFO][Sync] ConfigurationDone, failed: , succeeded: , remaining count: 3
2025-05-05 15:33:14.740: [INFO][SyncManagerImpl::ConfigureSyncer] Types to download:  with reason: 4
2025-05-05 15:33:14.740: [INFO][SyncEngineBackend::DoFinishConfigureDataTypes] Failed to download types:  and succeeded types: 
2025-05-05 15:33:14.741: [INFO][Sync] ConfigurationDone, failed: , succeeded: , remaining count: 2
2025-05-05 15:33:14.741: [INFO][Sync] Prepare to configure types: Saved Tab Group, Encryption Keys
2025-05-05 15:33:14.741: [INFO][SyncManagerImpl::ConfigureSyncer] Types to download: Saved Tab Group, Encryption Keys with reason: 4
2025-05-05 15:33:14.741: [INFO][SyncSchedulerImpl::DoConfigurationSyncCycleJob] Configure job was blocked
2025-05-05 15:33:15.191: [INFO][SyncAuthManager::EdgeLogTokenErrorState] Token error with: EDGE_AUTH_ERROR: 3, 49, 0 for account type: MSA
2025-05-05 15:33:15.191: [INFO][Sync] Credentials changed for: EdgeSyncKeyDataScope
2025-05-05 15:33:16.625: [INFO][SyncAuthManager::EdgeLogTokenErrorState] Token error with: EDGE_AUTH_ERROR: 3, 49, 0 for account type: MSA
2025-05-05 15:33:16.625: [INFO][Sync] Credentials changed for: EdgeSyncScopeNew
2025-05-05 15:33:16.625: [WARN][Sync]    Token is empty
2025-05-05 15:33:16.626: [INFO][Sync] Connection status changed to: 2
2025-05-05 15:33:19.164: [INFO][SyncAuthManager::EdgeLogTokenErrorState] Token error with: EDGE_AUTH_ERROR: 3, 49, 0 for account type: MSA
2025-05-05 15:33:19.164: [INFO][Sync] Credentials changed for: EdgeSyncKeyDataScope
2025-05-05 15:33:20.419: [INFO][SyncAuthManager::EdgeLogTokenErrorState] Token error with: EDGE_AUTH_ERROR: 3, 49, 0 for account type: MSA
2025-05-05 15:33:20.419: [INFO][Sync] Credentials changed for: EdgeSyncScopeNew
2025-05-05 15:33:20.419: [WARN][Sync]    Token is empty
2025-05-05 15:33:20.421: [INFO][Sync] Connection status changed to: 2
2025-05-05 15:33:26.461: [INFO][SyncAuthManager::EdgeLogTokenErrorState] Token error with: EDGE_AUTH_ERROR: 3, 49, 0 for account type: MSA
2025-05-05 15:33:26.461: [INFO][Sync] Credentials changed for: EdgeSyncKeyDataScope
2025-05-05 15:33:27.128: [INFO][SyncAuthManager::EdgeLogTokenErrorState] Token error with: EDGE_AUTH_ERROR: 3, 49, 0 for account type: MSA
2025-05-05 15:33:27.128: [INFO][Sync] Credentials changed for: EdgeSyncScopeNew
2025-05-05 15:33:27.128: [WARN][Sync]    Token is empty
2025-05-05 15:33:27.129: [INFO][Sync] Connection status changed to: 2
2025-05-05 15:33:40.571: [INFO][SyncAuthManager::EdgeLogTokenErrorState] Token error with: EDGE_AUTH_ERROR: 3, 49, 0 for account type: MSA
2025-05-05 15:33:40.571: [INFO][Sync] Credentials changed for: EdgeSyncKeyDataScope
2025-05-05 15:33:42.978: [INFO][SyncAuthManager::EdgeLogTokenErrorState] Token error with: EDGE_AUTH_ERROR: 3, 49, 0 for account type: MSA
2025-05-05 15:33:42.978: [INFO][Sync] Credentials changed for: EdgeSyncScopeNew
2025-05-05 15:33:42.978: [WARN][Sync]    Token is empty
2025-05-05 15:33:42.980: [INFO][Sync] Connection status changed to: 2
2025-05-05 15:34:12.171: [INFO][SyncAuthManager::EdgeLogTokenErrorState] Token error with: EDGE_AUTH_ERROR: 3, 49, 0 for account type: MSA
2025-05-05 15:34:12.171: [INFO][Sync] Credentials changed for: EdgeSyncKeyDataScope
2025-05-05 15:34:13.340: [INFO][SyncAuthManager::EdgeLogTokenErrorState] Token error with: EDGE_AUTH_ERROR: 3, 49, 0 for account type: MSA
2025-05-05 15:34:13.340: [INFO][Sync] Credentials changed for: EdgeSyncScopeNew
2025-05-05 15:34:13.340: [WARN][Sync]    Token is empty
2025-05-05 15:34:13.342: [INFO][Sync] Connection status changed to: 2
2025-05-05 15:35:06.378: [INFO][SyncAuthManager::EdgeLogTokenErrorState] Token error with: EDGE_AUTH_ERROR: 3, 49, 0 for account type: MSA
2025-05-05 15:35:06.378: [INFO][Sync] Credentials changed for: EdgeSyncScopeNew
2025-05-05 15:35:06.378: [WARN][Sync]    Token is empty
2025-05-05 15:35:06.380: [INFO][Sync] Connection status changed to: 2
2025-05-05 15:35:13.436: [INFO][SyncAuthManager::EdgeLogTokenErrorState] Token error with: EDGE_AUTH_ERROR: 3, 49, 0 for account type: MSA
2025-05-05 15:35:13.436: [INFO][Sync] Credentials changed for: EdgeSyncKeyDataScope
2025-05-05 15:36:54.407: [INFO][SyncAuthManager::EdgeLogTokenErrorState] Token error with: EDGE_AUTH_ERROR: 3, 49, 0 for account type: MSA
2025-05-05 15:36:54.407: [INFO][Sync] Credentials changed for: EdgeSyncScopeNew
2025-05-05 15:36:54.407: [WARN][Sync]    Token is empty
2025-05-05 15:36:54.409: [INFO][Sync] Connection status changed to: 2
2025-05-05 15:37:10.579: [INFO][SyncAuthManager::EdgeLogTokenErrorState] Token error with: EDGE_AUTH_ERROR: 3, 49, 0 for account type: MSA
2025-05-05 15:37:10.579: [INFO][Sync] Credentials changed for: EdgeSyncKeyDataScope
2025-05-05 15:40:43.380: [INFO][SyncAuthManager::EdgeLogTokenErrorState] Token error with: EDGE_AUTH_ERROR: 3, 49, 0 for account type: MSA
2025-05-05 15:40:43.380: [INFO][Sync] Credentials changed for: EdgeSyncKeyDataScope
2025-05-05 15:41:08.048: [INFO][SyncAuthManager::EdgeLogTokenErrorState] Token error with: EDGE_AUTH_ERROR: 3, 49, 0 for account type: MSA
2025-05-05 15:41:08.048: [INFO][Sync] Credentials changed for: EdgeSyncScopeNew
2025-05-05 15:41:08.048: [WARN][Sync]    Token is empty
2025-05-05 15:41:08.050: [INFO][Sync] Connection status changed to: 2
2025-05-05 15:48:36.844: [INFO][SyncAuthManager::EdgeLogTokenErrorState] Token error with: EDGE_AUTH_ERROR: 3, 49, 0 for account type: MSA
2025-05-05 15:48:36.844: [INFO][Sync] Credentials changed for: EdgeSyncKeyDataScope
2025-05-05 15:49:11.938: [INFO][SyncAuthManager::EdgeLogTokenErrorState] Token error with: EDGE_AUTH_ERROR: 3, 49, 0 for account type: MSA
2025-05-05 15:49:11.938: [INFO][Sync] Credentials changed for: EdgeSyncScopeNew
2025-05-05 15:49:11.938: [WARN][Sync]    Token is empty
2025-05-05 15:49:11.941: [INFO][Sync] Connection status changed to: 2
2025-05-05 15:58:28.413: [INFO][Sync] SyncState after authenticated was: FeatureCanStart
2025-05-05 15:58:28.744: [INFO][SyncAuthManager::EdgeLogTokenErrorState] Token error with: EDGE_AUTH_ERROR: 3, 49, 0 for account type: MSA
2025-05-05 15:58:28.744: [INFO][Sync] Credentials changed for: EdgeSyncKeyDataScope
2025-05-05 15:58:28.748: [INFO][SyncAuthManager::EdgeLogTokenErrorState] Token error with: EDGE_AUTH_ERROR: 3, 49, 0 for account type: MSA
2025-05-05 15:58:28.748: [INFO][Sync] Credentials changed for: EdgeSyncKeyDataScope
2025-05-05 15:58:29.943: [INFO][Sync] Try to start sync engine
2025-05-05 15:58:29.944: [INFO][SyncAuthManager::EdgeLogTokenErrorState] Token error with: EDGE_AUTH_ERROR: 3, 49, 0 for account type: MSA
2025-05-05 15:58:29.944: [INFO][Sync] Credentials changed for: EdgeSyncScopeNew
2025-05-05 15:58:29.944: [WARN][Sync]    Token is empty
2025-05-05 15:58:29.947: [INFO][SyncAuthManager::EdgeLogTokenErrorState] Token error with: EDGE_AUTH_ERROR: 3, 49, 0 for account type: MSA
2025-05-05 15:58:29.947: [INFO][Sync] Credentials changed for: EdgeSyncScopeNew
2025-05-05 15:58:29.947: [WARN][Sync]    Token is empty
2025-05-05 15:58:29.948: [INFO][SyncEngineBackend::LoadAndConnectNigoriController] Load and connect Nigori controller
2025-05-05 15:58:29.948: [INFO][SyncEngineBackend::DoInitialize] Control Types added: 
2025-05-05 15:58:29.948: [INFO][SyncManagerImpl::ConfigureSyncer] Types to download:  with reason: 4
2025-05-05 15:58:29.953: [INFO][Sync] Started DataTypeManager configuration, reason: 4
2025-05-05 15:58:29.953: [INFO][Sync] Configuring for: Bookmarks, Preferences, Passwords, Autofill Profiles, Autofill, Extensions, Sessions, Extension settings, History Delete Directives, Device Info, User Consents, Send Tab To Self, Web Apps, History, Saved Tab Group, Collection, Edge E Drop, Edge Hub App Usage, Edge Tab Group, Edge Wallet, Encryption Keys, reason: 4, current state: 0
2025-05-05 15:58:29.953: [INFO][SyncEngineBackend::DoStartConfiguration] Start configuration
2025-05-05 15:58:29.954: [INFO][Sync] Configure, desired: Bookmarks, Preferences, Passwords, Autofill Profiles, Autofill, Extensions, Sessions, Extension settings, History Delete Directives, Device Info, User Consents, Send Tab To Self, Web Apps, History, Saved Tab Group, Collection, Edge E Drop, Edge Hub App Usage, Edge Tab Group, Edge Wallet, Encryption Keys; Allow fail: 
2025-05-05 15:58:29.954: [INFO][Sync] Loading: Bookmarks
2025-05-05 15:58:29.954: [INFO][Sync] Loading: Preferences
2025-05-05 15:58:29.954: [INFO][Sync] Loading: Passwords
2025-05-05 15:58:29.954: [INFO][Sync] Loading: Autofill Profiles
2025-05-05 15:58:29.954: [INFO][Sync] Loading: Autofill
2025-05-05 15:58:29.954: [INFO][Sync] Loading: Extensions
2025-05-05 15:58:29.955: [INFO][Sync] Loading: Sessions
2025-05-05 15:58:29.955: [INFO][Sync] Loading: Extension settings
2025-05-05 15:58:29.955: [INFO][Sync] Loading: History Delete Directives
2025-05-05 15:58:29.955: [INFO][Sync] Loading: Device Info
2025-05-05 15:58:29.955: [INFO][Sync] Loading: User Consents
2025-05-05 15:58:29.955: [INFO][Sync] Loading: Send Tab To Self
2025-05-05 15:58:29.955: [INFO][Sync] Loading: Web Apps
2025-05-05 15:58:29.955: [INFO][Sync] Loading: History
2025-05-05 15:58:29.955: [INFO][Sync] Loading: Saved Tab Group
2025-05-05 15:58:29.955: [INFO][Sync] Loading: Collection
2025-05-05 15:58:29.955: [INFO][Sync] Loading: Edge E Drop
2025-05-05 15:58:29.955: [INFO][Sync] Loading: Edge Hub App Usage
2025-05-05 15:58:29.955: [INFO][Sync] Loading: Edge Tab Group
2025-05-05 15:58:29.955: [INFO][Sync] Loading: Edge Wallet
2025-05-05 15:58:29.956: [INFO][Sync] Connection status changed to: 2
2025-05-05 15:58:29.957: [INFO][Sync] Connection status changed to: 2
2025-05-05 15:58:29.963: [INFO][Sync] All data types are ready for configure.
2025-05-05 15:58:29.963: [INFO][SyncManagerImpl::NudgeForInitialDownload] Initial download nudge for Saved Tab Group
2025-05-05 15:58:29.963: [INFO][SyncManagerImpl::ConfigureSyncer] Types to download:  with reason: 4
2025-05-05 15:58:29.963: [INFO][SyncEngineBackend::DoFinishConfigureDataTypes] Failed to download types:  and succeeded types: 
2025-05-05 15:58:29.963: [INFO][Sync] ConfigurationDone, failed: , succeeded: , remaining count: 4
2025-05-05 15:58:29.963: [INFO][SyncManagerImpl::ConfigureSyncer] Types to download:  with reason: 4
2025-05-05 15:58:29.963: [INFO][SyncEngineBackend::DoFinishConfigureDataTypes] Failed to download types:  and succeeded types: 
2025-05-05 15:58:29.963: [INFO][Sync] ConfigurationDone, failed: , succeeded: , remaining count: 3
2025-05-05 15:58:29.963: [INFO][SyncManagerImpl::ConfigureSyncer] Types to download:  with reason: 4
2025-05-05 15:58:29.963: [INFO][SyncEngineBackend::DoFinishConfigureDataTypes] Failed to download types:  and succeeded types: 
2025-05-05 15:58:29.963: [INFO][Sync] ConfigurationDone, failed: , succeeded: , remaining count: 2
2025-05-05 15:58:29.963: [INFO][Sync] Prepare to configure types: Saved Tab Group, Encryption Keys
2025-05-05 15:58:29.963: [INFO][SyncManagerImpl::ConfigureSyncer] Types to download: Saved Tab Group, Encryption Keys with reason: 4
2025-05-05 15:58:29.963: [INFO][SyncSchedulerImpl::DoConfigurationSyncCycleJob] Configure job was blocked
2025-05-05 15:58:30.561: [INFO][SyncAuthManager::EdgeLogTokenErrorState] Token error with: EDGE_AUTH_ERROR: 3, 49, 0 for account type: MSA
2025-05-05 15:58:30.561: [INFO][Sync] Credentials changed for: EdgeSyncKeyDataScope
2025-05-05 15:58:31.555: [INFO][SyncAuthManager::EdgeLogTokenErrorState] Token error with: EDGE_AUTH_ERROR: 3, 49, 0 for account type: MSA
2025-05-05 15:58:31.555: [INFO][Sync] Credentials changed for: EdgeSyncScopeNew
2025-05-05 15:58:31.555: [WARN][Sync]    Token is empty
2025-05-05 15:58:31.556: [INFO][Sync] Connection status changed to: 2
2025-05-05 15:58:34.415: [INFO][SyncAuthManager::EdgeLogTokenErrorState] Token error with: EDGE_AUTH_ERROR: 3, 49, 0 for account type: MSA
2025-05-05 15:58:34.415: [INFO][Sync] Credentials changed for: EdgeSyncKeyDataScope
2025-05-05 15:58:35.546: [INFO][SyncAuthManager::EdgeLogTokenErrorState] Token error with: EDGE_AUTH_ERROR: 3, 49, 0 for account type: MSA
2025-05-05 15:58:35.546: [INFO][Sync] Credentials changed for: EdgeSyncScopeNew
2025-05-05 15:58:35.546: [WARN][Sync]    Token is empty
2025-05-05 15:58:35.548: [INFO][Sync] Connection status changed to: 2
2025-05-05 15:58:41.946: [INFO][SyncAuthManager::EdgeLogTokenErrorState] Token error with: EDGE_AUTH_ERROR: 3, 49, 0 for account type: MSA
2025-05-05 15:58:41.946: [INFO][Sync] Credentials changed for: EdgeSyncKeyDataScope
2025-05-05 15:58:42.036: [INFO][SyncAuthManager::EdgeLogTokenErrorState] Token error with: EDGE_AUTH_ERROR: 3, 49, 0 for account type: MSA
2025-05-05 15:58:42.036: [INFO][Sync] Credentials changed for: EdgeSyncScopeNew
2025-05-05 15:58:42.037: [WARN][Sync]    Token is empty
2025-05-05 15:58:42.038: [INFO][Sync] Connection status changed to: 2
2025-05-05 15:58:55.019: [INFO][SyncAuthManager::EdgeLogTokenErrorState] Token error with: EDGE_AUTH_ERROR: 3, 49, 0 for account type: MSA
2025-05-05 15:58:55.019: [INFO][Sync] Credentials changed for: EdgeSyncKeyDataScope
2025-05-05 15:58:55.022: [INFO][SyncAuthManager::EdgeLogTokenErrorState] Token error with: EDGE_AUTH_ERROR: 3, 49, 0 for account type: MSA
2025-05-05 15:58:55.022: [INFO][Sync] Credentials changed for: EdgeSyncScopeNew
2025-05-05 15:58:55.022: [WARN][Sync]    Token is empty
2025-05-05 15:58:55.024: [INFO][Sync] Connection status changed to: 2
2025-05-05 15:59:22.514: [INFO][SyncAuthManager::EdgeLogTokenErrorState] Token error with: EDGE_AUTH_ERROR: 3, 49, 0 for account type: MSA
2025-05-05 15:59:22.514: [INFO][Sync] Credentials changed for: EdgeSyncKeyDataScope
2025-05-05 15:59:24.862: [INFO][SyncAuthManager::EdgeLogTokenErrorState] Token error with: EDGE_AUTH_ERROR: 3, 49, 0 for account type: MSA
2025-05-05 15:59:24.862: [INFO][Sync] Credentials changed for: EdgeSyncScopeNew
2025-05-05 15:59:24.862: [WARN][Sync]    Token is empty
2025-05-05 15:59:24.864: [INFO][Sync] Connection status changed to: 2
2025-05-05 16:00:21.693: [INFO][SyncAuthManager::EdgeLogTokenErrorState] Token error with: EDGE_AUTH_ERROR: 3, 49, 0 for account type: MSA
2025-05-05 16:00:21.693: [INFO][Sync] Credentials changed for: EdgeSyncKeyDataScope
2025-05-05 16:00:27.888: [INFO][SyncAuthManager::EdgeLogTokenErrorState] Token error with: EDGE_AUTH_ERROR: 3, 49, 0 for account type: MSA
2025-05-05 16:00:27.888: [INFO][Sync] Credentials changed for: EdgeSyncScopeNew
2025-05-05 16:00:27.888: [WARN][Sync]    Token is empty
2025-05-05 16:00:27.890: [INFO][Sync] Connection status changed to: 2
2025-05-05 16:02:18.284: [INFO][Sync] SyncState after authenticated was: FeatureCanStart
2025-05-05 16:02:18.513: [INFO][SyncAuthManager::EdgeLogTokenErrorState] Token error with: EDGE_AUTH_ERROR: 3, 49, 0 for account type: MSA
2025-05-05 16:02:18.513: [INFO][Sync] Credentials changed for: EdgeSyncKeyDataScope
2025-05-05 16:02:18.518: [INFO][SyncAuthManager::EdgeLogTokenErrorState] Token error with: EDGE_AUTH_ERROR: 3, 49, 0 for account type: MSA
2025-05-05 16:02:18.518: [INFO][Sync] Credentials changed for: EdgeSyncKeyDataScope
2025-05-05 16:02:19.290: [INFO][Sync] Try to start sync engine
2025-05-05 16:02:19.293: [INFO][SyncAuthManager::EdgeLogTokenErrorState] Token error with: EDGE_AUTH_ERROR: 3, 49, 0 for account type: MSA
2025-05-05 16:02:19.293: [INFO][Sync] Credentials changed for: EdgeSyncScopeNew
2025-05-05 16:02:19.293: [WARN][Sync]    Token is empty
2025-05-05 16:02:19.294: [INFO][SyncEngineBackend::LoadAndConnectNigoriController] Load and connect Nigori controller
2025-05-05 16:02:19.294: [INFO][SyncEngineBackend::DoInitialize] Control Types added: 
2025-05-05 16:02:19.294: [INFO][SyncManagerImpl::ConfigureSyncer] Types to download:  with reason: 4
2025-05-05 16:02:19.297: [INFO][Sync] Started DataTypeManager configuration, reason: 4
2025-05-05 16:02:19.297: [INFO][Sync] Configuring for: Bookmarks, Preferences, Passwords, Autofill Profiles, Autofill, Extensions, Sessions, Extension settings, History Delete Directives, Device Info, User Consents, Send Tab To Self, Web Apps, History, Saved Tab Group, Collection, Edge E Drop, Edge Hub App Usage, Edge Tab Group, Edge Wallet, Encryption Keys, reason: 4, current state: 0
2025-05-05 16:02:19.297: [INFO][SyncEngineBackend::DoStartConfiguration] Start configuration
2025-05-05 16:02:19.298: [INFO][Sync] Configure, desired: Bookmarks, Preferences, Passwords, Autofill Profiles, Autofill, Extensions, Sessions, Extension settings, History Delete Directives, Device Info, User Consents, Send Tab To Self, Web Apps, History, Saved Tab Group, Collection, Edge E Drop, Edge Hub App Usage, Edge Tab Group, Edge Wallet, Encryption Keys; Allow fail: 
2025-05-05 16:02:19.298: [INFO][Sync] Loading: Bookmarks
2025-05-05 16:02:19.298: [INFO][Sync] Loading: Preferences
2025-05-05 16:02:19.298: [INFO][Sync] Loading: Passwords
2025-05-05 16:02:19.298: [INFO][Sync] Loading: Autofill Profiles
2025-05-05 16:02:19.298: [INFO][Sync] Loading: Autofill
2025-05-05 16:02:19.298: [INFO][Sync] Loading: Extensions
2025-05-05 16:02:19.298: [INFO][Sync] Loading: Sessions
2025-05-05 16:02:19.298: [INFO][Sync] Loading: Extension settings
2025-05-05 16:02:19.298: [INFO][Sync] Loading: History Delete Directives
2025-05-05 16:02:19.298: [INFO][Sync] Loading: Device Info
2025-05-05 16:02:19.298: [INFO][Sync] Loading: User Consents
2025-05-05 16:02:19.298: [INFO][Sync] Loading: Send Tab To Self
2025-05-05 16:02:19.298: [INFO][Sync] Loading: Web Apps
2025-05-05 16:02:19.298: [INFO][Sync] Loading: History
2025-05-05 16:02:19.298: [INFO][Sync] Loading: Saved Tab Group
2025-05-05 16:02:19.298: [INFO][Sync] Loading: Collection
2025-05-05 16:02:19.298: [INFO][Sync] Loading: Edge E Drop
2025-05-05 16:02:19.298: [INFO][Sync] Loading: Edge Hub App Usage
2025-05-05 16:02:19.298: [INFO][Sync] Loading: Edge Tab Group
2025-05-05 16:02:19.298: [INFO][Sync] Loading: Edge Wallet
2025-05-05 16:02:19.300: [INFO][Sync] Connection status changed to: 2
2025-05-05 16:02:19.301: [INFO][SyncAuthManager::EdgeLogTokenErrorState] Token error with: EDGE_AUTH_ERROR: 3, 49, 0 for account type: MSA
2025-05-05 16:02:19.301: [INFO][Sync] Credentials changed for: EdgeSyncScopeNew
2025-05-05 16:02:19.301: [WARN][Sync]    Token is empty
2025-05-05 16:02:19.303: [INFO][Sync] Connection status changed to: 2
2025-05-05 16:02:19.311: [INFO][Sync] All data types are ready for configure.
2025-05-05 16:02:19.312: [INFO][SyncManagerImpl::NudgeForInitialDownload] Initial download nudge for Saved Tab Group
2025-05-05 16:02:19.312: [INFO][SyncManagerImpl::ConfigureSyncer] Types to download:  with reason: 4
2025-05-05 16:02:19.312: [INFO][SyncEngineBackend::DoFinishConfigureDataTypes] Failed to download types:  and succeeded types: 
2025-05-05 16:02:19.314: [INFO][Sync] ConfigurationDone, failed: , succeeded: , remaining count: 4
2025-05-05 16:02:19.314: [INFO][SyncManagerImpl::ConfigureSyncer] Types to download:  with reason: 4
2025-05-05 16:02:19.314: [INFO][SyncEngineBackend::DoFinishConfigureDataTypes] Failed to download types:  and succeeded types: 
2025-05-05 16:02:19.314: [INFO][Sync] ConfigurationDone, failed: , succeeded: , remaining count: 3
2025-05-05 16:02:19.314: [INFO][SyncManagerImpl::ConfigureSyncer] Types to download:  with reason: 4
2025-05-05 16:02:19.314: [INFO][SyncEngineBackend::DoFinishConfigureDataTypes] Failed to download types:  and succeeded types: 
2025-05-05 16:02:19.314: [INFO][Sync] ConfigurationDone, failed: , succeeded: , remaining count: 2
2025-05-05 16:02:19.314: [INFO][Sync] Prepare to configure types: Saved Tab Group, Encryption Keys
2025-05-05 16:02:19.314: [INFO][SyncManagerImpl::ConfigureSyncer] Types to download: Saved Tab Group, Encryption Keys with reason: 4
2025-05-05 16:02:19.314: [INFO][SyncSchedulerImpl::DoConfigurationSyncCycleJob] Configure job was blocked
2025-05-05 16:02:20.438: [INFO][SyncAuthManager::EdgeLogTokenErrorState] Token error with: EDGE_AUTH_ERROR: 3, 49, 0 for account type: MSA
2025-05-05 16:02:20.438: [INFO][Sync] Credentials changed for: EdgeSyncKeyDataScope
2025-05-05 16:02:21.193: [INFO][SyncAuthManager::EdgeLogTokenErrorState] Token error with: EDGE_AUTH_ERROR: 3, 49, 0 for account type: MSA
2025-05-05 16:02:21.193: [INFO][Sync] Credentials changed for: EdgeSyncScopeNew
2025-05-05 16:02:21.193: [WARN][Sync]    Token is empty
2025-05-05 16:02:21.196: [INFO][Sync] Connection status changed to: 2
2025-05-05 16:02:24.196: [INFO][SyncAuthManager::EdgeLogTokenErrorState] Token error with: EDGE_AUTH_ERROR: 3, 49, 0 for account type: MSA
2025-05-05 16:02:24.197: [INFO][Sync] Credentials changed for: EdgeSyncKeyDataScope
2025-05-05 16:02:25.115: [INFO][SyncAuthManager::EdgeLogTokenErrorState] Token error with: EDGE_AUTH_ERROR: 3, 49, 0 for account type: MSA
2025-05-05 16:02:25.115: [INFO][Sync] Credentials changed for: EdgeSyncScopeNew
2025-05-05 16:02:25.115: [WARN][Sync]    Token is empty
2025-05-05 16:02:25.117: [INFO][Sync] Connection status changed to: 2
2025-05-05 16:02:31.551: [INFO][SyncAuthManager::EdgeLogTokenErrorState] Token error with: EDGE_AUTH_ERROR: 3, 49, 0 for account type: MSA
2025-05-05 16:02:31.551: [INFO][Sync] Credentials changed for: EdgeSyncKeyDataScope
2025-05-05 16:02:31.684: [INFO][SyncAuthManager::EdgeLogTokenErrorState] Token error with: EDGE_AUTH_ERROR: 3, 49, 0 for account type: MSA
2025-05-05 16:02:31.684: [INFO][Sync] Credentials changed for: EdgeSyncScopeNew
2025-05-05 16:02:31.684: [WARN][Sync]    Token is empty
2025-05-05 16:02:31.686: [INFO][Sync] Connection status changed to: 2
2025-05-05 16:02:45.076: [INFO][SyncAuthManager::EdgeLogTokenErrorState] Token error with: EDGE_AUTH_ERROR: 3, 49, 0 for account type: MSA
2025-05-05 16:02:45.076: [INFO][Sync] Credentials changed for: EdgeSyncScopeNew
2025-05-05 16:02:45.076: [WARN][Sync]    Token is empty
2025-05-05 16:02:45.078: [INFO][Sync] Connection status changed to: 2
2025-05-05 16:02:46.279: [INFO][SyncAuthManager::EdgeLogTokenErrorState] Token error with: EDGE_AUTH_ERROR: 3, 49, 0 for account type: MSA
2025-05-05 16:02:46.279: [INFO][Sync] Credentials changed for: EdgeSyncKeyDataScope
2025-05-07 15:01:49.634: [INFO][Sync] SyncState after authenticated was: FeatureCanStart
2025-05-07 15:01:49.934: [INFO][SyncAuthManager::EdgeLogTokenErrorState] Token error with: EDGE_AUTH_ERROR: 3, 49, 0 for account type: MSA
2025-05-07 15:01:49.934: [INFO][Sync] Credentials changed for: EdgeSyncKeyDataScope
2025-05-07 15:01:49.938: [INFO][SyncAuthManager::EdgeLogTokenErrorState] Token error with: EDGE_AUTH_ERROR: 3, 49, 0 for account type: MSA
2025-05-07 15:01:49.938: [INFO][Sync] Credentials changed for: EdgeSyncKeyDataScope
2025-05-07 15:01:51.761: [INFO][SyncAuthManager::EdgeLogTokenErrorState] Token error with: EDGE_AUTH_ERROR: 3, 49, 0 for account type: MSA
2025-05-07 15:01:51.761: [INFO][Sync] Credentials changed for: EdgeSyncKeyDataScope
2025-05-07 15:01:55.205: [INFO][SyncAuthManager::EdgeLogTokenErrorState] Token error with: EDGE_AUTH_ERROR: 3, 49, 0 for account type: MSA
2025-05-07 15:01:55.205: [INFO][Sync] Credentials changed for: EdgeSyncKeyDataScope
2025-05-07 15:01:55.236: [INFO][Sync] Try to start sync engine
2025-05-07 15:01:55.236: [INFO][SyncAuthManager::EdgeLogTokenErrorState] Token error with: EDGE_AUTH_ERROR: 3, 49, 0 for account type: MSA
2025-05-07 15:01:55.236: [INFO][Sync] Credentials changed for: EdgeSyncScopeNew
2025-05-07 15:01:55.236: [WARN][Sync]    Token is empty
2025-05-07 15:01:55.239: [INFO][SyncAuthManager::EdgeLogTokenErrorState] Token error with: EDGE_AUTH_ERROR: 3, 49, 0 for account type: MSA
2025-05-07 15:01:55.239: [INFO][Sync] Credentials changed for: EdgeSyncScopeNew
2025-05-07 15:01:55.239: [WARN][Sync]    Token is empty
2025-05-07 15:01:55.240: [INFO][SyncEngineBackend::LoadAndConnectNigoriController] Load and connect Nigori controller
2025-05-07 15:01:55.240: [INFO][SyncEngineBackend::DoInitialize] Control Types added: 
2025-05-07 15:01:55.240: [INFO][SyncManagerImpl::ConfigureSyncer] Types to download:  with reason: 4
2025-05-07 15:01:55.248: [INFO][Sync] Started DataTypeManager configuration, reason: 4
2025-05-07 15:01:55.248: [INFO][Sync] Configuring for: Bookmarks, Preferences, Passwords, Autofill Profiles, Autofill, Extensions, Sessions, Extension settings, History Delete Directives, Device Info, User Consents, Send Tab To Self, Web Apps, History, Saved Tab Group, Collection, Edge E Drop, Edge Hub App Usage, Edge Tab Group, Edge Wallet, Encryption Keys, reason: 4, current state: 0
2025-05-07 15:01:55.248: [INFO][SyncEngineBackend::DoStartConfiguration] Start configuration
2025-05-07 15:01:55.250: [INFO][Sync] Configure, desired: Bookmarks, Preferences, Passwords, Autofill Profiles, Autofill, Extensions, Sessions, Extension settings, History Delete Directives, Device Info, User Consents, Send Tab To Self, Web Apps, History, Saved Tab Group, Collection, Edge E Drop, Edge Hub App Usage, Edge Tab Group, Edge Wallet, Encryption Keys; Allow fail: 
2025-05-07 15:01:55.250: [INFO][Sync] Loading: Bookmarks
2025-05-07 15:01:55.250: [INFO][Sync] Loading: Preferences
2025-05-07 15:01:55.250: [INFO][Sync] Loading: Passwords
2025-05-07 15:01:55.250: [INFO][Sync] Loading: Autofill Profiles
2025-05-07 15:01:55.250: [INFO][Sync] Loading: Autofill
2025-05-07 15:01:55.250: [INFO][Sync] Loading: Extensions
2025-05-07 15:01:55.250: [INFO][Sync] Loading: Sessions
2025-05-07 15:01:55.250: [INFO][Sync] Loading: Extension settings
2025-05-07 15:01:55.250: [INFO][Sync] Loading: History Delete Directives
2025-05-07 15:01:55.250: [INFO][Sync] Loading: Device Info
2025-05-07 15:01:55.250: [INFO][Sync] Loading: User Consents
2025-05-07 15:01:55.250: [INFO][Sync] Loading: Send Tab To Self
2025-05-07 15:01:55.250: [INFO][Sync] Loading: Web Apps
2025-05-07 15:01:55.250: [INFO][Sync] Loading: History
2025-05-07 15:01:55.250: [INFO][Sync] Loading: Saved Tab Group
2025-05-07 15:01:55.250: [INFO][Sync] Loading: Collection
2025-05-07 15:01:55.250: [INFO][Sync] Loading: Edge E Drop
2025-05-07 15:01:55.250: [INFO][Sync] Loading: Edge Hub App Usage
2025-05-07 15:01:55.250: [INFO][Sync] Loading: Edge Tab Group
2025-05-07 15:01:55.250: [INFO][Sync] Loading: Edge Wallet
2025-05-07 15:01:55.251: [INFO][Sync] Connection status changed to: 2
2025-05-07 15:01:55.252: [INFO][Sync] Connection status changed to: 2
2025-05-07 15:01:55.260: [INFO][Sync] All data types are ready for configure.
2025-05-07 15:01:55.260: [INFO][SyncManagerImpl::NudgeForInitialDownload] Initial download nudge for Saved Tab Group
2025-05-07 15:01:55.260: [INFO][SyncManagerImpl::ConfigureSyncer] Types to download:  with reason: 4
2025-05-07 15:01:55.260: [INFO][SyncEngineBackend::DoFinishConfigureDataTypes] Failed to download types:  and succeeded types: 
2025-05-07 15:01:55.260: [INFO][Sync] ConfigurationDone, failed: , succeeded: , remaining count: 4
2025-05-07 15:01:55.260: [INFO][SyncManagerImpl::ConfigureSyncer] Types to download:  with reason: 4
2025-05-07 15:01:55.260: [INFO][SyncEngineBackend::DoFinishConfigureDataTypes] Failed to download types:  and succeeded types: 
2025-05-07 15:01:55.260: [INFO][Sync] ConfigurationDone, failed: , succeeded: , remaining count: 3
2025-05-07 15:01:55.260: [INFO][SyncManagerImpl::ConfigureSyncer] Types to download:  with reason: 4
2025-05-07 15:01:55.260: [INFO][SyncEngineBackend::DoFinishConfigureDataTypes] Failed to download types:  and succeeded types: 
2025-05-07 15:01:55.260: [INFO][Sync] ConfigurationDone, failed: , succeeded: , remaining count: 2
2025-05-07 15:01:55.260: [INFO][Sync] Prepare to configure types: Saved Tab Group, Encryption Keys
2025-05-07 15:01:55.261: [INFO][SyncManagerImpl::ConfigureSyncer] Types to download: Saved Tab Group, Encryption Keys with reason: 4
2025-05-07 15:01:55.261: [INFO][SyncSchedulerImpl::DoConfigurationSyncCycleJob] Configure job was blocked
2025-05-07 15:01:57.109: [INFO][SyncAuthManager::EdgeLogTokenErrorState] Token error with: EDGE_AUTH_ERROR: 3, 49, 0 for account type: MSA
2025-05-07 15:01:57.109: [INFO][Sync] Credentials changed for: EdgeSyncScopeNew
2025-05-07 15:01:57.110: [WARN][Sync]    Token is empty
2025-05-07 15:01:57.111: [INFO][Sync] Connection status changed to: 2
2025-05-07 15:02:00.413: [INFO][SyncAuthManager::EdgeLogTokenErrorState] Token error with: EDGE_AUTH_ERROR: 3, 49, 0 for account type: MSA
2025-05-07 15:02:00.413: [INFO][Sync] Credentials changed for: EdgeSyncScopeNew
2025-05-07 15:02:00.413: [WARN][Sync]    Token is empty
2025-05-07 15:02:00.415: [INFO][Sync] Connection status changed to: 2
2025-05-07 15:02:01.674: [INFO][SyncAuthManager::EdgeLogTokenErrorState] Token error with: EDGE_AUTH_ERROR: 3, 49, 0 for account type: MSA
2025-05-07 15:02:01.674: [INFO][Sync] Credentials changed for: EdgeSyncKeyDataScope
2025-05-07 15:02:07.341: [INFO][SyncAuthManager::EdgeLogTokenErrorState] Token error with: EDGE_AUTH_ERROR: 3, 49, 0 for account type: MSA
2025-05-07 15:02:07.341: [INFO][Sync] Credentials changed for: EdgeSyncScopeNew
2025-05-07 15:02:07.341: [WARN][Sync]    Token is empty
2025-05-07 15:02:07.344: [INFO][Sync] Connection status changed to: 2
2025-05-07 15:02:15.472: [INFO][SyncAuthManager::EdgeLogTokenErrorState] Token error with: EDGE_AUTH_ERROR: 3, 49, 0 for account type: MSA
2025-05-07 15:02:15.472: [INFO][Sync] Credentials changed for: EdgeSyncKeyDataScope
2025-05-07 15:02:23.330: [INFO][SyncAuthManager::EdgeLogTokenErrorState] Token error with: EDGE_AUTH_ERROR: 3, 49, 0 for account type: MSA
2025-05-07 15:02:23.330: [INFO][Sync] Credentials changed for: EdgeSyncScopeNew
2025-05-07 15:02:23.331: [WARN][Sync]    Token is empty
2025-05-07 15:02:23.333: [INFO][Sync] Connection status changed to: 2
2025-05-07 15:02:41.480: [INFO][SyncAuthManager::EdgeLogTokenErrorState] Token error with: EDGE_AUTH_ERROR: 3, 49, 0 for account type: MSA
2025-05-07 15:02:41.480: [INFO][Sync] Credentials changed for: EdgeSyncKeyDataScope
2025-05-07 15:02:52.627: [INFO][SyncAuthManager::EdgeLogTokenErrorState] Token error with: EDGE_AUTH_ERROR: 3, 49, 0 for account type: MSA
2025-05-07 15:02:52.627: [INFO][Sync] Credentials changed for: EdgeSyncScopeNew
2025-05-07 15:02:52.627: [WARN][Sync]    Token is empty
2025-05-07 15:02:52.629: [INFO][Sync] Connection status changed to: 2
2025-05-07 15:03:39.766: [INFO][SyncAuthManager::EdgeLogTokenErrorState] Token error with: EDGE_AUTH_ERROR: 3, 49, 0 for account type: MSA
2025-05-07 15:03:39.766: [INFO][Sync] Credentials changed for: EdgeSyncKeyDataScope
2025-05-07 15:03:52.034: [INFO][SyncAuthManager::EdgeLogTokenErrorState] Token error with: EDGE_AUTH_ERROR: 3, 49, 0 for account type: MSA
2025-05-07 15:03:52.034: [INFO][Sync] Credentials changed for: EdgeSyncScopeNew
2025-05-07 15:03:52.034: [WARN][Sync]    Token is empty
2025-05-07 15:03:52.037: [INFO][Sync] Connection status changed to: 2
2025-05-07 15:05:23.692: [INFO][SyncAuthManager::EdgeLogTokenErrorState] Token error with: EDGE_AUTH_ERROR: 3, 49, 0 for account type: MSA
2025-05-07 15:05:23.692: [INFO][Sync] Credentials changed for: EdgeSyncKeyDataScope
2025-05-07 15:05:50.017: [INFO][SyncAuthManager::EdgeLogTokenErrorState] Token error with: EDGE_AUTH_ERROR: 3, 49, 0 for account type: MSA
2025-05-07 15:05:50.017: [INFO][Sync] Credentials changed for: EdgeSyncScopeNew
2025-05-07 15:05:50.017: [WARN][Sync]    Token is empty
2025-05-07 15:05:50.020: [INFO][Sync] Connection status changed to: 2
2025-05-07 15:09:38.356: [INFO][SyncAuthManager::EdgeLogTokenErrorState] Token error with: EDGE_AUTH_ERROR: 3, 49, 0 for account type: MSA
2025-05-07 15:09:38.356: [INFO][Sync] Credentials changed for: EdgeSyncKeyDataScope
2025-05-07 15:10:02.490: [INFO][SyncAuthManager::EdgeLogTokenErrorState] Token error with: EDGE_AUTH_ERROR: 3, 49, 0 for account type: MSA
2025-05-07 15:10:02.490: [INFO][Sync] Credentials changed for: EdgeSyncScopeNew
2025-05-07 15:10:02.490: [WARN][Sync]    Token is empty
2025-05-07 15:10:02.493: [INFO][Sync] Connection status changed to: 2
2025-05-07 15:17:41.397: [INFO][SyncAuthManager::EdgeLogTokenErrorState] Token error with: EDGE_AUTH_ERROR: 3, 49, 0 for account type: MSA
2025-05-07 15:17:41.397: [INFO][Sync] Credentials changed for: EdgeSyncKeyDataScope
2025-05-07 15:17:53.866: [INFO][SyncAuthManager::EdgeLogTokenErrorState] Token error with: EDGE_AUTH_ERROR: 3, 49, 0 for account type: MSA
2025-05-07 15:17:53.866: [INFO][Sync] Credentials changed for: EdgeSyncScopeNew
2025-05-07 15:17:53.866: [WARN][Sync]    Token is empty
2025-05-07 15:17:53.868: [INFO][Sync] Connection status changed to: 2
2025-05-07 15:31:46.607: [INFO][SyncAuthManager::EdgeLogTokenErrorState] Token error with: EDGE_AUTH_ERROR: 3, 49, 0 for account type: MSA
2025-05-07 15:31:46.607: [INFO][Sync] Credentials changed for: EdgeSyncKeyDataScope
2025-05-07 15:33:10.608: [INFO][SyncAuthManager::EdgeLogTokenErrorState] Token error with: EDGE_AUTH_ERROR: 3, 49, 0 for account type: MSA
2025-05-07 15:33:10.608: [INFO][Sync] Credentials changed for: EdgeSyncScopeNew
2025-05-07 15:33:10.608: [WARN][Sync]    Token is empty
2025-05-07 15:33:10.610: [INFO][Sync] Connection status changed to: 2
